id,usuario_id,descripcion,valor,categoria
1,2057,cuota prestamo banco,375.66,Deudas
2,2809,cuota universidad,272.03,Deudas
3,2997,supermercqdo carrefour,226.3,Alimentacion
4,1225,colectivo linea 60,45.49,Transporte
5,887,cerveceria artesanal,131.09,Ocio
6,393,analisis de sangre,300.29,Salud
7,1676,compra pago saldo refinanciado,192.86,Deudas
8,2447,taller de ingles,181.89,Educacion
9,2379,cuota prepaga osde,371.76,Salud
10,2528,servicio de agua aysa,82.77,Servicios
11,2182,cuota prestamo banco,777.3,Deudas
12,916,pintura habitacion,487.76,Vivienda
13,935,compra dolares banco,355.52,Deudas
14,355,comprq cafeteria,146.52,Ocio
15,2632,pago de supermercado coto,318.83,Alimentacion
16,1522,cuota jardin de infantes,784.81,Educacion
17,2673,compra libros de texto,351.96,Educacion
18,2338,factura luz edesur,68.36,Educacion
19,2873,abono telefonia movil,105.75,Servicios
20,629,cena restaurante,145.27,Ocio
21,2680,pago tarjeta de credito,333.49,Deudas
22,1171,carga sube,10.19,Transporte
23,327,factura gas metrogas,36.92,Servicios
24,1439,factura gas metrogas,53.81,Educacion
25,2258,fac expensas comunes,540.13,Vivienda
26,1422,combustible shell,64.55,Transporte
27,1127,expensas del edificio,591.62,Vivienda
28,2684,servicio de plomeria,889.4,Vivienda
29,1781,suscripcion netflix,120.94,Educacion
30,1532,servicio de agua aysa,76.66,Servicios
31,1915,optica lentes,366.34,Salud
32,2916,verduleria de la esquina,380.57,Alimentacion
33,1233,analisis de sangre,236.79,Salud
34,1957,compra dolares banco,702.04,Ahorros
35,2476,supermercado carrefour,376.46,Alimentacion
36,393,cuota prestamo auto,235.1,Deudas
37,826,combustible ypf,12.0,Transporte
38,2964,entradas recital,88.36,Ocio
39,1913,compra estudios clinicos,283.64,Salud
40,2396,servicio de agua aysa,198.26,Servicios
41,50,fac viaje uber,73.27,Transporte
42,2964,pinturq habitacion,979.39,Vivienda
43,1397,transferencia ahorro mensual,1423.11,Vivienda
44,1051,suscripcion netflix,136.33,Ocio
45,800,reparacion de cerradura,1120.29,Vivienda
46,1793,movimiento: taxis de la ciudad,44.52,Transporte
47,2697,transferencia ahorro mensual,279.59,Ahorros
48,1364,servicio de plomeria,638.66,Salud
49,2349,inversion en qcciones,1450.58,Ahorros
50,1566,movimiento: carga sube,13.16,Servicios
51,2214,servicio de agua aysa,86.17,Servicios
52,2364,utiles escolares,342.2,Educacion
53,1,movimiento: cuota prestamo banco,728.31,Alimentacion
54,1020,movimiento: cuota prestamo banco,531.9,Deudas
55,1285,pintura habitacion,504.94,Vivienda
56,63,expensqs del edificio,1094.21,Vivienda
57,2531,compra cuota prestamo banco,266.06,Deudas
58,1870,cuota prepaga osde,183.49,Salud
59,2270,factura gas metrogas,37.35,Servicios
60,152,pqgo tarjeta de credito,440.89,Deudas
61,644,pago de intereses,578.69,Deudas
62,626,pago alquiler mensual,256.63,Vivienda
63,217,inversion en acciones,1486.24,Ahorros
64,196,servicio de plomeriq,690.37,Vivienda
65,1015,cuota prestamo auto,257.93,Alimentacion
66,2695,fac cerveceria artesanal,119.73,Ocio
67,2756,cuotq universidad,465.47,Educacion
68,1522,pago de reparacion de cerradura,658.94,Vivienda
69,1579,matricula del colegio,108.6,Educacion
70,1081,fac supermercado coto,233.77,Alimentacion
71,1528,impuestos municipales,144.41,Servicios
72,722,cuota prestamo banco,504.14,Deudas
73,1608,fondo comun de inversion,844.58,Ahorros
74,1760,analisis de sangre,497.65,Salud
75,1563,plazo fijo,877.32,Ahorros
76,640,tarjeta taller de ingles,634.0,Educacion
77,2154,pago de cerveceria artesanal,85.1,Ocio
78,165,supermercqdo carrefour,62.96,Alimentacion
79,215,inversion en acciones,1227.96,Ahorros
80,1095,compra dolares banco,322.56,Ahorros
81,90,compra cafeteria,33.83,Ahorros
82,1796,cuota prestamo banco,987.09,Deudas
83,2922,tarjeta expensas del edificio,317.9,Vivienda
84,1252,taller de ingles,569.9,Educacion
85,1103,curso de progrqmacion,100.27,Educacion
86,608,abono telefonia movil,80.62,Vivienda
87,349,factura gas metrogas,66.61,Servicios
88,2942,servicio de agua aysa,69.43,Ocio
89,246,utiles escolqres,392.04,Educacion
90,272,servicio de plomeria,1088.62,Vivienda
91,2031,movimiento: cuota prestamo banco,487.6,Deudas
92,403,comprq supermercado dia,258.13,Alimentacion
93,1466,verduleria de la esquina,154.83,Alimentacion
94,1196,compra cafeteria,96.53,Ocio
95,2946,fac colectivo linea 60,55.35,Transporte
96,1080,medicamentos recetados,180.11,Vivienda
97,1615,servicio de plomeria,747.46,Vivienda
98,1127,colectivo lineq 60,73.59,Transporte
99,284,tarjeta servicio de agua aysa,82.72,Servicios
100,517,supermercado coto,250.85,Alimentacion
101,2666,estudios clinicos,266.06,Salud
102,1302,taxis de la ciudad,30.24,Educacion
103,612,compra dolares banco,1120.49,Ahorros
104,750,pago saldo refinanciado,224.19,Deudas
105,1293,medicamentos recetados,461.81,Salud
106,1857,pago de utiles escolares,317.95,Educacion
107,400,compra farmacia,173.23,Salud
108,1527,entradas recital,54.08,Ocio
109,2025,matricula del colegio,363.97,Educacion
110,2134,pago de peaje autopista,22.73,Salud
111,320,cuota prestamo auto,151.19,Deudas
112,1056,compra cafeteria,39.65,Ocio
113,336,compra farmacia,261.93,Salud
114,2099,supermercado carrefour,110.57,Alimentacion
115,174,taller de ingles,249.19,Educacion
116,1642,combustible ypf,12.03,Transporte
117,501,viaje uber,45.17,Transporte
118,2124,fac fondo comun de inversion,162.74,Ahorros
119,2364,factura gas metrogas,110.63,Servicios
120,1857,entradas recital,117.6,Ocio
121,1897,compra panaderia,51.94,Alimentacion
122,1664,combustible ypf,67.19,Transporte
123,1719,tarjeta factura gas metrogas,151.88,Servicios
124,1779,dentista limpieza,344.94,Salud
125,697,combustible ypf,70.26,Transporte
126,732,cena restaurante,63.23,Salud
127,1095,pago saldo refinanciado,929.6,Deudas
128,2902,pqgo de intereses,836.34,Alimentacion
129,2714,peaje autopista,37.93,Transporte
130,652,cerveceria artesanal,60.81,Ocio
131,1095,pago de cuota universidad,232.15,Educacion
132,46,factura gas metrogas,171.86,Servicios
133,1071,servicio de plomeria,751.35,Vivienda
134,1446,cqrga sube,56.93,Transporte
135,2197,analisis de sangre,496.71,Salud
136,2958,plazo fijo,1096.89,Ahorros
137,456,pago de intereses,349.77,Deudas
138,1663,transferencia ahorro mensual,802.5,Ahorros
139,2925,mqtricula del colegio,417.63,Educacion
140,966,compra libros de texto,449.67,Educacion
141,2021,abono internet fibertel,60.05,Servicios
142,869,abono internet fibertel,140.52,Servicios
143,1529,supermercado carrefour,240.36,Alimentacion
144,2977,compra libros de texto,630.01,Educacion
145,1001,pago de intereses,376.49,Servicios
146,774,abono telefonia movil,55.56,Servicios
147,2292,colectivo linea 60,66.61,Transporte
148,2522,fac cuota prestamo banco,821.3,Deudas
149,2430,colectivo linea 60,53.75,Transporte
150,1127,supermercqdo carrefour,192.44,Alimentacion
151,2537,cuota prepaga osde,79.9,Salud
152,1061,cuota prepaga osde,352.75,Salud
153,1678,cena restaurante,39.33,Ocio
154,1544,dentista limpieza,112.36,Transporte
155,397,factura gas metrogas,52.41,Educacion
156,2344,pago tarjeta de credito,792.26,Deudas
157,107,compra compra farmacia,42.7,Alimentacion
158,2908,plazo fijo,240.31,Ahorros
159,954,compra supermercado dia,187.19,Alimentacion
160,2578,compra compra farmacia,68.64,Salud
161,1849,analisis de sangre,117.29,Salud
162,934,factura gas metrogas,50.89,Servicios
163,288,matricula del colegio,171.47,Educacion
164,706,reparacion de cerradura,790.78,Vivienda
165,2044,pago de carga sube,27.68,Transporte
166,1485,abono internet fibertel,108.4,Servicios
167,215,compra farmacia,385.53,Salud
168,1305,fac factura luz edesur,68.79,Servicios
169,2780,fqctura luz edesur,129.92,Servicios
170,1978,viaje cabify,20.99,Ocio
171,1483,servicio de agua aysa,56.69,Servicios
172,1825,entradas recital,45.35,Ahorros
173,344,servicio de plomeria,1133.1,Vivienda
174,194,utiles escolares,723.1,Educacion
175,158,pago de intereses,477.58,Deudas
176,465,cuota universidad,327.83,Ahorros
177,2152,wstudios clinicos,208.01,Salud
178,2082,combustible shell,36.71,Transporte
179,2687,suscripcion spotify,29.61,Ocio
180,1750,entrqdas recital,88.19,Ocio
181,2373,abono telefonia movil,180.77,Servicios
182,2739,pago de intereses,334.46,Deudas
183,592,expensas comunes,1113.32,Servicios
184,2189,pago tarjeta de credito,353.5,Deudas
185,2522,compra supermercado dia,123.93,Educacion
186,1055,pago de suscripcion netflix,63.85,Ocio
187,884,suscripcion nwtflix,103.58,Ocio
188,63,cuota prepaga osde,43.97,Salud
189,1111,inversion en acciones,542.23,Ahorros
190,304,cuota universidad,678.8,Educacion
191,1085,compra supermercado dia,56.5,Alimentacion
192,396,tqrjeta factura luz edesur,52.75,Transporte
193,334,consulta medica de control,102.72,Salud
194,2834,fac pintura habitacion,343.25,Vivienda
195,411,cerveceriq artesanal,83.04,Ocio
196,2332,pago de intereses,375.43,Deudas
197,466,pago de pintura habitacion,1042.13,Vivienda
198,80,trqnsferencia ahorro mensual,294.41,Ahorros
199,2832,cuota prestamo banco,422.79,Deudas
200,1101,salida al cine,103.55,Ocio
201,1978,abono internet fibertel,114.26,Servicios
202,733,pago tarjeta de credito,165.35,Deudas
203,1818,combustible shell,35.66,Transporte
204,1564,compra libros de texto,478.84,Educacion
205,1385,fac factura gas metrogas,107.77,Servicios
206,2125,cuota prestamo auto,298.76,Deudas
207,2557,compra utiles escolares,549.55,Educacion
208,1188,cuota prepaga osde,154.24,Salud
209,1199,entradas recital,122.0,Ocio
210,2510,compra libros de texto,730.17,Educacion
211,1612,pqgo de intereses,683.92,Deudas
212,2293,transferencia ahorro mensual,1365.89,Ahorros
213,122,compra dolares banco,776.12,Ahorros
214,185,salida al cine,111.39,Ocio
215,32,reparacion de cerradura,654.99,Vivienda
216,998,repqracion electrica,786.76,Vivienda
217,1987,plazo fijo,739.96,Ahorros
218,2810,pago de reparacion de cerradura,264.57,Vivienda
219,569,pago tarjeta de credito,370.7,Deudas
220,2358,compra dolares banco,472.81,Ahorros
221,1396,cuota universidad,114.85,Educacion
222,1680,juegos de consola,27.42,Ocio
223,830,estudios clinicos,133.21,Salud
224,1620,cuota jardin de infantes,114.22,Educacion
225,1080,mqtricula del colegio,306.34,Educacion
226,791,peaje autopista,59.94,Transporte
227,2512,cerveceria artesanal,113.76,Ocio
228,2726,movimiwnto: fondo comun de inversion,156.23,Ahorros
229,2718,abono telefonia movil,85.03,Servicios
230,2746,pago de intereses,718.74,Deudas
231,994,combustible ypf,35.69,Transporte
232,78,compra dolares banco,909.41,Ahorros
233,2582,compra farmacia,181.84,Salud
234,108,cuota jardin de infantes,673.22,Educacion
235,1297,factura gas metrogas,33.78,Servicios
236,2812,servicio de plomeria,221.67,Vivienda
237,2063,pago de impuestos municipales,141.13,Servicios
238,370,pqgo de intereses,653.82,Deudas
239,2253,tqrjeta expensas del edificio,779.53,Vivienda
240,2005,matricula del colegio,541.2,Educacion
241,1704,fac estudios clinicos,52.42,Salud
242,2913,tarjeta matricula del colegio,701.46,Educacion
243,441,movimiento: cuota prestamo banco,382.09,Deudas
244,2907,compra farmacia,175.93,Salud
245,227,utiles escolares,704.89,Educacion
246,2576,almacen san martin,391.49,Alimentacion
247,2402,viaje uber,12.95,Transporte
248,623,cuota prepaga osde,154.53,Salud
249,1025,tarjeta compras fiambreria,123.81,Alimentacion
250,1577,compra dolares banco,774.44,Ahorros
251,2975,fondo comun de inversion,937.28,Ahorros
252,1644,matricula del colegio,398.32,Educacion
253,1185,compra compra ferreteria,496.68,Vivienda
254,161,cuotq universidad,533.83,Educacion
255,871,reparacion electrica,1091.23,Vivienda
256,1746,compra libros de texto,452.13,Educacion
257,1175,factura gas metrogas,174.22,Servicios
258,444,cuota prestamo auto,331.47,Deudas
259,1791,combustible shell,61.24,Transporte
260,1495,compra pintura habitacion,833.85,Vivienda
261,463,pago tarjeta de credito,868.08,Deudas
262,473,compra servicio de agua aysa,63.69,Servicios
263,2605,plazo fijo,963.18,Ahorros
264,80,curso de programacion,272.83,Educacion
265,1063,cenq restaurante,95.11,Alimentacion
266,240,pago tarjeta de credito,322.05,Deudas
267,557,compra utiles escolares,767.37,Educacion
268,590,fondo comun de inversion,304.34,Ahorros
269,1361,tarjeta pintura habitacion,1066.29,Vivienda
270,1885,pago tarjeta de credito,817.66,Deudas
271,1976,medicamentos recetados,352.5,Salud
272,1304,movimiento: curso de programacion,690.0,Educacion
273,1140,cuota prestamo banco,651.43,Deudas
274,2317,impuestos municipales,175.43,Servicios
275,1940,compra carniceria central,102.55,Salud
276,335,pago de expensas del edificio,1055.82,Vivienda
277,312,compra peaje autopista,64.29,Transporte
278,1077,viaje uber,76.7,Transporte
279,2742,factura gas metrogas,154.25,Servicios
280,34,cuota prepaga osde,89.03,Salud
281,1842,consulta medica de control,204.25,Salud
282,386,compra cafeteria,97.12,Ocio
283,249,cena restaurante,78.27,Ocio
284,1135,almacen san martin,213.9,Alimentacion
285,1434,almacen san martin,241.18,Alimentacion
286,1203,salida al cine,84.18,Ocio
287,794,factura gas metrogas,173.07,Servicios
288,852,comprq plazo fijo,616.26,Ahorros
289,2922,reparacion de cerradura,1041.53,Vivienda
290,376,juegos de consola,32.75,Ocio
291,724,cuota prepaga osde,285.84,Salud
292,1611,reparacion electrica,719.06,Vivienda
293,1914,compra dolares banco,237.7,Deudas
294,202,compra supermercado dia,215.91,Alimentacion
295,2493,matricula del colegio,703.66,Educacion
296,1943,servicio de agua aysa,139.92,Servicios
297,2345,movimiento: cuota prepaga osde,109.0,Salud
298,1332,combustible shell,79.77,Transporte
299,493,viaje uber,14.18,Transporte
300,338,compra panaderia,347.55,Transporte
301,1969,matricula del colegio,362.48,Educacion
302,2971,optica lentes,382.3,Educacion
303,1866,fac abono telefonia movil,46.64,Servicios
304,792,supermercado coto,388.19,Alimentacion
305,1517,compra dolares banco,1220.54,Ahorros
306,2023,fac peaje autopista,54.39,Transporte
307,2365,cuota prestamo auto,912.89,Deudas
308,942,reparacion electrica,262.29,Vivienda
309,2674,cerveceria artesanal,71.66,Ocio
310,2123,inversion en acciones,952.39,Ahorros
311,2987,tarjeta factura luz edesur,109.53,Servicios
312,59,cuota prestamo auto,595.62,Deudas
313,2434,pago de abono telefonia movil,167.35,Servicios
314,2063,combustible ypf,33.52,Transporte
315,1255,pago de compra dolares banco,804.32,Ahorros
316,2247,verduleriq y fruteria,301.1,Alimentacion
317,1378,peaje autopista,35.47,Transporte
318,35,analisis de sangre,96.77,Salud
319,162,cuota prepaga osde,195.05,Salud
320,2847,compra reparacion electrica,856.48,Vivienda
321,895,matricula del colegio,620.2,Educacion
322,471,entradas recital,70.99,Ocio
323,2579,cqrniceria central,326.11,Alimentacion
324,2840,cuota prestamo auto,753.0,Deudas
325,2900,suscripcion netflix,115.73,Ocio
326,1447,compra dolares banco,1169.56,Ahorros
327,348,cuota jardin de infantes,304.95,Educacion
328,694,servicio de qgua aysa,98.24,Servicios
329,935,repqracion de cerradura,717.02,Ahorros
330,913,cerveceria artesanal,148.32,Ocio
331,147,movimiento: entradas recital,50.85,Ocio
332,1712,movimiento: expensas del edificio,630.78,Salud
333,675,juegos de consola,36.46,Ocio
334,1440,tarjeta pago de intereses,997.84,Deudas
335,2735,cuota jardin de infantes,733.28,Educacion
336,1518,combustible shell,68.47,Transporte
337,1280,plazo fijo,644.25,Ahorros
338,686,reparacion electrica,770.95,Vivienda
339,1127,servicio de plomeria,738.48,Vivienda
340,121,abono internet fibertel,102.63,Deudas
341,2467,cerveceria artesanal,141.61,Ocio
342,2398,pintura habitacion,842.98,Vivienda
343,42,fac entradas recital,21.24,Ocio
344,29,consulta medica de control,388.49,Salud
345,966,tarjeta factura luz edesur,167.04,Servicios
346,1916,cerveceria artesanal,37.74,Ocio
347,2833,consulta medica de control,239.43,Deudas
348,2001,compra panaderia,309.57,Alimentacion
349,2062,compra libros de texto,457.58,Educacion
350,920,tarjeta carga sube,34.63,Transporte
351,818,pago de servicio de agua aysa,55.62,Servicios
352,2873,impuestos municipales,59.1,Servicios
353,1509,pintura habitacion,280.73,Alimentacion
354,1213,movimiento: cerveceria artesanal,31.14,Ocio
355,872,compra supermercado dia,335.84,Vivienda
356,295,combustible ypf,57.9,Transporte
357,864,juegos de consola,41.3,Ocio
358,2596,peaje autopista,53.63,Transporte
359,1038,pqgo alquiler mensual,698.85,Vivienda
360,2683,compra ferreteria,834.91,Vivienda
361,595,transferencia ahorro mensual,1088.87,Ahorros
362,1183,movimiento: abono internet fibertel,177.26,Ocio
363,1518,impuestos municipales,104.85,Servicios
364,1353,supermercado carrefour,342.94,Alimentacion
365,614,curso de programacion,236.81,Educacion
366,1873,consulta medica de control,97.6,Salud
367,1604,dentistq limpieza,193.31,Ahorros
368,1584,juegos de consola,114.68,Ocio
369,1593,expensas comunes,835.13,Vivienda
370,1156,pago saldo refinanciado,396.38,Deudas
371,465,pago de reparacion electrica,614.25,Vivienda
372,1480,pago saldo refinanciado,496.67,Educacion
373,2978,expensas comunes,1072.06,Vivienda
374,1291,dentista limpieza,378.9,Salud
375,2847,taller de ingles,573.66,Educacion
376,2443,matricula del colegio,225.99,Educacion
377,2294,compras fiambreria,399.73,Alimentacion
378,568,cuota prestamo auto,469.38,Deudas
379,38,pago de intereses,504.03,Deudas
380,245,pago saldo refinanciado,889.96,Deudas
381,21,servicio de plomeria,968.19,Vivienda
382,1134,compra dolares banco,351.52,Ahorros
383,1630,compra farmacia,130.05,Salud
384,394,abono internet fibertel,63.3,Servicios
385,1434,juegos de consola,63.33,Ocio
386,987,compra dolares banco,841.53,Ahorros
387,1672,repqracion de cerradura,591.02,Vivienda
388,2056,servicio de plomeriq,910.34,Vivienda
389,2376,compra cafeteria,133.5,Ocio
390,1911,pago saldo refinanciado,317.56,Deudas
391,290,consulta medica de control,256.59,Salud
392,1787,cuota prestamo banco,258.33,Deudas
393,2559,pago de intereses,248.2,Deudas
394,912,factura gas metrogas,60.3,Deudas
395,361,factura gas metrogas,197.19,Salud
396,1623,utiles escolares,797.75,Educacion
397,2764,pago de combustible shell,33.6,Salud
398,219,colectivo linea 60,59.32,Servicios
399,2454,cuota prestamo auto,810.08,Deudas
400,2016,cenq restaurante,32.44,Ocio
401,2041,pago saldo refinanciado,546.08,Deudas
402,2045,analisis de sangre,345.9,Salud
403,2801,compra supermercado dia,322.63,Alimentacion
404,2971,suscripcion spotify,56.25,Ocio
405,832,viaje uber,52.73,Servicios
406,1794,plazo fijo,1486.48,Ahorros
407,1792,taller de ingles,155.97,Educacion
408,2842,compra compra libros de texto,292.66,Educacion
409,1244,pago de cuota prestamo auto,807.18,Deudas
410,595,movimiento: suscripcion netflix,105.46,Ocio
411,2155,estudios clinicos,63.88,Educacion
412,581,compra dolares banco,609.45,Ahorros
413,2657,expensas comunes,341.57,Vivienda
414,1748,pago de pago alquiler mensual,584.69,Vivienda
415,2056,viaje cabify,34.05,Transporte
416,2854,compra farmacia,85.39,Salud
417,2237,expensas comunes,986.48,Vivienda
418,81,pago de abono telefonia movil,69.15,Servicios
419,2156,movimiento: estudios clinicos,289.01,Salud
420,1345,pago saldo refinanciado,462.0,Ahorros
421,1603,pago de cuota prestamo auto,229.94,Deudas
422,2734,viaje cabify,15.11,Educacion
423,346,tarjeta servicio de plomeria,501.87,Vivienda
424,1887,movimiento: cuota prestamo banco,395.82,Ocio
425,2376,fac compras fiambreria,365.73,Alimentacion
426,555,verduleria de la esquina,169.15,Alimentacion
427,302,compra ferreteria,268.25,Vivienda
428,200,taxis de la ciudad,69.7,Transporte
429,2941,fac supermercado coto,249.21,Alimentacion
430,1063,pago saldo refinanciado,743.97,Deudas
431,307,taxis de la ciudad,26.26,Transporte
432,1657,expensas comunes,650.31,Vivienda
433,1872,dentista limpieza,190.24,Salud
434,2516,cqrga sube,61.73,Transporte
435,2227,cuota prestamo auto,687.24,Deudas
436,2693,medicamentos recetados,297.86,Salud
437,1847,compra dolares banco,1224.61,Ahorros
438,1765,compra libros de texto,339.28,Educacion
439,276,plazo fijo,438.72,Ahorros
440,1176,estudios clinicos,405.19,Salud
441,1402,compra libros de texto,739.49,Educacion
442,2669,suscripcion spotify,102.67,Ocio
443,638,inversion en acciones,1161.66,Ahorros
444,1776,pqgo tarjeta de credito,310.62,Deudas
445,930,viaje cabify,77.1,Transporte
446,1881,carga sube,68.9,Deudas
447,183,cuota universidad,670.1,Educacion
448,1845,utiles escolares,579.09,Educacion
449,72,utiles escolares,211.42,Educacion
450,2767,servicio de plomeriq,637.35,Vivienda
451,1677,cuota prestamo auto,838.72,Deudas
452,1296,taller de ingles,375.0,Educacion
453,2774,compra panaderia,162.18,Alimentacion
454,2317,comprq libros de texto,146.85,Educacion
455,1044,supermercado coto,123.78,Alimentacion
456,2626,pintura habitacion,931.14,Vivienda
457,815,verduleria de la esquina,102.21,Alimentacion
458,1527,entradas recital,100.79,Ocio
459,2195,cena restaurante,80.76,Ocio
460,2938,movimiento: supermercado coto,370.0,Alimentacion
461,310,cuota prestamo auto,408.21,Deudas
462,2566,expensas del edificio,877.61,Vivienda
463,2062,peaje autopista,37.73,Transporte
464,132,pago de almacen san martin,59.01,Alimentacion
465,1878,optica lentes,454.74,Salud
466,2803,factura luz edesur,134.01,Servicios
467,2487,cuota prestamo banco,326.98,Deudas
468,2791,taller de ingles,250.77,Educacion
469,740,abono internet fibertel,35.19,Servicios
470,795,peaje autopista,76.61,Transporte
471,2311,expensqs del edificio,214.81,Vivienda
472,2691,entradas recital,124.82,Ocio
473,258,taller de ingles,138.96,Educacion
474,1258,salida al cine,138.57,Ocio
475,2457,movimiento: viaje uber,70.0,Transporte
476,1852,factura luz edesur,63.22,Servicios
477,975,pago saldo refinanciado,787.74,Deudas
478,1048,comprq transferencia ahorro mensual,1218.01,Ahorros
479,271,cerveceriq artesanal,30.25,Ocio
480,1119,impuestos municipales,47.36,Servicios
481,142,compra panaderia,209.43,Alimentacion
482,902,inversion en acciones,1104.36,Ahorros
483,274,suscripcion spotify,128.86,Ocio
484,2324,servicio de plomeria,449.32,Vivienda
485,465,fondo comun de inversion,970.33,Ahorros
486,1232,carniceria central,214.31,Alimentacion
487,1320,colectivo linea 60,36.88,Transporte
488,288,dentista limpieza,83.63,Salud
489,876,supermercado coto,251.47,Alimentacion
490,1993,colectivo linea 60,76.01,Transporte
491,2926,peaje autopista,38.77,Transporte
492,2228,abono internet fibertel,166.05,Servicios
493,1121,movimiento: sqlida al cine,124.28,Ocio
494,1215,plazo fijo,1100.44,Ahorros
495,447,utiles escolares,560.17,Educacion
496,2833,transferencia ahorro mensual,1084.11,Ahorros
497,2609,compra dolares banco,1174.51,Ahorros
498,2532,combustible ypf,68.42,Transporte
499,2897,compra dolares banco,1071.5,Ahorros
500,722,medicamentos recetados,289.63,Salud
501,2164,medicamentos recetados,453.4,Salud
502,2583,trqnsferencia ahorro mensual,931.58,Ahorros
503,1352,pago de abono internet fibertel,175.51,Servicios
504,407,pago tarjeta de credito,268.25,Deudas
505,1726,impuestos municipales,127.49,Servicios
506,694,inversion en acciones,922.41,Ahorros
507,495,pago tarjeta de credito,563.89,Deudas
508,948,expensas comunes,495.89,Vivienda
509,23,colectivo linea 60,13.93,Transporte
510,1129,matricula del colegio,468.29,Ahorros
511,1699,combustible ypf,39.29,Transporte
512,558,expensas comunes,373.05,Vivienda
513,1617,carga sube,78.86,Transporte
514,941,compra libros de texto,200.51,Educacion
515,1246,fac entradas recital,147.97,Ocio
516,2903,compras fiambreria,336.82,Alimentacion
517,2939,pqgo de intereses,561.15,Deudas
518,1657,colectivo linea 60,61.32,Transporte
519,78,movimiento: compra libros de texto,762.13,Educacion
520,1346,pago saldo refinanciado,269.9,Deudas
521,807,curso de programacion,480.35,Educacion
522,1042,opticq lentes,167.5,Salud
523,768,suscripcion netflix,126.28,Ocio
524,454,pago de compra supermercado dia,202.33,Alimentacion
525,2976,compra supermercado dia,253.25,Alimentacion
526,2325,pago saldo refinanciado,371.67,Deudas
527,1448,pago de abono telefonia movil,35.38,Servicios
528,1500,optica lentes,482.16,Salud
529,1051,pago de pago saldo refinanciado,805.63,Deudas
530,2562,cuota prestamo auto,618.0,Deudas
531,1889,verduleria y fruteria,368.23,Alimentacion
532,2512,factura luz edesur,122.83,Servicios
533,2855,combustible shell,14.73,Transporte
534,2872,pago de colectivo linea 60,27.53,Transporte
535,363,carga sube,60.19,Transporte
536,2799,utiles escolares,759.01,Educacion
537,525,factura gas metrogas,34.76,Servicios
538,1218,compra ferreteria,549.17,Vivienda
539,1486,pago alquiler mensual,688.91,Vivienda
540,2104,movimiento: plazo fijo,1302.27,Ahorros
541,1254,inversion en acciones,743.21,Ahorros
542,2537,impuestos municipales,36.95,Servicios
543,1856,movimiento: compra ferreteria,855.92,Transporte
544,722,fac cuota prestamo banco,605.5,Deudas
545,1984,medicamentos recetados,477.29,Deudas
546,1208,medicamentos recetados,226.05,Salud
547,1449,impuestos municipales,33.4,Servicios
548,1399,transferencia ahorro mensual,1397.37,Ahorros
549,2089,tarjeta pago alquiler mensual,1105.4,Vivienda
550,1508,pintura habitacion,833.58,Vivienda
551,1004,verduleria y fruteria,380.71,Vivienda
552,2308,compras fiambreria,343.33,Alimentacion
553,2489,dentista limpieza,352.21,Salud
554,926,impuestos municipales,30.94,Servicios
555,856,fondo comun de inversion,1193.56,Ahorros
556,84,pintura habitacion,471.53,Vivienda
557,2094,comprq taxis de la ciudad,30.67,Transporte
558,2488,entradas recital,41.14,Ocio
559,1543,suscripcion netflix,69.44,Ocio
560,986,fondo comun de inversion,1371.61,Ahorros
561,1869,reparacion electrica,743.54,Servicios
562,136,pago tarjeta de credito,584.67,Deudas
563,1207,analisis de sangre,245.21,Salud
564,1733,viaje cabify,70.17,Educacion
565,1196,plazo fijo,362.56,Ahorros
566,909,cena restaurante,52.47,Ocio
567,2909,pago tarjeta de credito,778.86,Vivienda
568,2836,compra dolares banco,168.65,Ahorros
569,590,supermercqdo carrefour,327.28,Alimentacion
570,1952,carniceria central,55.93,Alimentacion
571,956,curso de programacion,462.71,Educacion
572,2738,fondo comun de inversion,1452.98,Ahorros
573,2587,fac abono telefonia movil,147.18,Servicios
574,1144,abono telefonia movil,52.0,Servicios
575,1332,tarjeta combustible shell,19.06,Transporte
576,2756,estudios clinicos,494.9,Salud
577,1554,compra ferreteria,1058.81,Vivienda
578,2343,cqrga sube,38.52,Transporte
579,1807,fqc inversion en acciones,1257.28,Ahorros
580,2101,matricula del colegio,593.49,Ahorros
581,806,factura luz edesur,125.11,Servicios
582,1456,tarjeta inversion en acciones,1412.49,Ahorros
583,52,curso de programacion,198.17,Vivienda
584,2776,juegos de consola,58.61,Ocio
585,72,expensas comunes,595.84,Vivienda
586,28,cuota prestamo banco,463.52,Deudas
587,469,almacen san martin,192.63,Alimentacion
588,764,carniceria central,93.9,Alimentacion
589,2934,curso de programacion,129.78,Educacion
590,2960,plazo fijo,708.22,Ahorros
591,2595,tarjeta colectivo linea 60,64.26,Transporte
592,1425,consulta medica de control,183.02,Salud
593,2249,cuotq prestamo auto,300.41,Deudas
594,820,pqgo de curso de programacion,450.68,Educacion
595,1490,fac dentista limpieza,381.78,Salud
596,1676,suscripcion nwtflix,104.07,Ocio
597,560,juegos de consola,101.32,Ocio
598,379,utiles escolares,770.1,Educacion
599,1919,curso de progrqmacion,174.2,Educacion
600,1076,compra cafeteria,70.5,Ocio
601,79,pago de combustible shell,45.34,Transporte
602,1409,compra cafeteria,69.02,Ocio
603,834,carga sube,69.93,Transporte
604,1032,wstudios clinicos,467.83,Salud
605,2073,viaje uber,43.74,Transporte
606,450,supermercado coto,285.5,Alimentacion
607,2816,compras fiambreria,369.57,Alimentacion
608,2803,compra dolares banco,601.47,Ahorros
609,1993,reparacion electrica,234.77,Vivienda
610,1485,matricula del colegio,793.93,Ocio
611,2246,abono telefonia movil,92.3,Servicios
612,1743,peaje autopista,76.21,Transporte
613,1971,compra dolares banco,529.85,Educacion
614,2485,reparacion electrica,245.47,Vivienda
615,1551,verduleria de la esquina,128.52,Alimentacion
616,690,cuota prestamo banco,711.06,Deudas
617,1991,pintura habitacion,1106.61,Vivienda
618,1402,abono internet fibertel,35.69,Servicios
619,587,consulta medica de control,466.29,Salud
620,2152,inversion en acciones,1467.61,Ahorros
621,1830,comprq libros de texto,122.47,Educacion
622,1986,comprq compra libros de texto,548.92,Educacion
623,627,pago de consulta medica de control,241.38,Salud
624,2032,transferencia ahorro mensual,819.88,Ahorros
625,2506,qnalisis de sangre,215.87,Salud
626,364,pago de viaje cabify,74.16,Transporte
627,2183,plazo fijo,891.35,Ahorros
628,374,plazo fijo,1233.22,Vivienda
629,2087,fac servicio de plomeria,847.59,Vivienda
630,1988,servicio de plomeria,245.61,Vivienda
631,2867,juegos de consola,21.82,Ocio
632,2095,compra dolares banco,523.28,Ahorros
633,2084,cuota prestamo banco,344.9,Deudas
634,2143,compra farmacia,258.37,Salud
635,1385,cena restaurante,35.41,Servicios
636,1549,impuestos municipales,59.32,Servicios
637,1170,salida al cine,87.01,Vivienda
638,1941,tarjeta cuota prepaga osde,252.57,Salud
639,368,fondo comun dw inversion,265.02,Ahorros
640,65,servicio de plomeria,665.51,Vivienda
641,754,fac colectivo linea 60,54.78,Transporte
642,1544,plazo fijo,790.79,Ahorros
643,2036,dentistq limpieza,489.78,Salud
644,2864,cena restaurante,45.42,Ocio
645,1877,compra cuota universidad,185.4,Educacion
646,1579,taxis de la ciudad,62.41,Transporte
647,756,compra panaderia,338.28,Alimentacion
648,2229,transferencia ahorro mensual,470.0,Ahorros
649,1525,analisis de sangre,198.36,Salud
650,597,movimiento: factura gas metrogas,133.13,Servicios
651,2835,plazo fijo,328.22,Ahorros
652,2675,inversion en acciones,867.38,Ahorros
653,1835,suscripcion spotify,79.21,Ocio
654,2664,pago saldo refinanciado,435.28,Deudas
655,1396,compra dolares banco,1329.44,Ahorros
656,1587,optica lentes,263.6,Salud
657,112,suscripcion spotify,87.22,Ocio
658,453,taller de ingles,700.89,Ocio
659,2804,abono telefonia movil,149.4,Servicios
660,2632,impuestos municipales,85.32,Servicios
661,2187,fondo comun de inversion,1296.62,Ahorros
662,1872,verduleria y fruteria,104.8,Alimentacion
663,2279,suscripcion spotify,79.17,Ocio
664,1263,compra libros de texto,606.3,Educacion
665,253,compra ferreteria,1168.56,Vivienda
666,2005,compra panaderia,373.35,Alimentacion
667,1460,expensas comunes,1186.66,Vivienda
668,1943,servicio de agua aysa,91.48,Servicios
669,2609,expensas comunes,981.82,Vivienda
670,1327,pago de almacen san martin,267.88,Salud
671,2120,compra supermercado dia,136.68,Alimentacion
672,1858,verduleria y fruteria,84.1,Alimentacion
673,2270,utiles escolares,108.81,Educacion
674,1101,fac servicio de agua aysa,175.82,Servicios
675,62,plazo fijo,1027.71,Ahorros
676,1495,cuota prestamo banco,485.35,Deudas
677,1181,peaje autopista,34.89,Transporte
678,806,inversion en acciones,803.54,Ahorros
679,2173,expensas del edificio,491.51,Vivienda
680,2789,matricula del colegio,550.91,Educacion
681,1876,cuota jardin de infantes,388.22,Educacion
682,2209,pago alquiler mensual,1146.74,Educacion
683,541,juegos de consola,32.27,Ocio
684,626,carniceria central,81.89,Alimentacion
685,1615,taxis de la ciudad,78.66,Transporte
686,106,pago alquiler mensual,1088.84,Vivienda
687,1155,repqracion electrica,1088.58,Vivienda
688,1709,cuota prestamo banco,328.96,Deudas
689,2824,transferencia ahorro mensual,132.34,Ahorros
690,1909,compra ferreteria,369.18,Vivienda
691,2050,compra cafeteria,45.19,Ocio
692,2281,repqracion de cerradura,1178.78,Vivienda
693,369,reparacion electrica,681.71,Vivienda
694,1275,plazo fijo,127.7,Ahorros
695,946,expensas del edificio,768.09,Vivienda
696,2228,pago de entradas recital,71.5,Ocio
697,293,plazo fijo,1112.54,Ahorros
698,584,consulta medica de control,117.36,Salud
699,2843,factura gas metrogas,154.67,Servicios
700,2223,servicio de agua aysa,176.18,Servicios
701,2171,supermercado carrefour,336.94,Alimentacion
702,2275,carga sube,68.9,Transporte
703,2492,cuota jardin de infantes,693.22,Educacion
704,2476,pago de intereses,741.61,Deudas
705,765,juegos de consola,117.6,Ocio
706,2680,abono internet fibertel,164.48,Servicios
707,2113,dentista limpieza,269.25,Salud
708,1305,juegos de consola,64.71,Ocio
709,1415,transferencia ahorro mensual,780.91,Ahorros
710,428,optica lentes,447.4,Salud
711,2666,movimiento: cerveceria artesanal,135.02,Ocio
712,2973,movimiento: abono telefonia movil,37.49,Servicios
713,2015,tarjeta taller de ingles,178.88,Educacion
714,2860,cuota prestamo banco,327.49,Deudas
715,107,cuota prestamo banco,445.44,Deudas
716,659,cena restaurante,105.79,Ocio
717,1183,factura luz edesur,55.54,Servicios
718,2313,compra farmacia,306.5,Salud
719,1226,abono telefonia movil,67.7,Servicios
720,155,abono internet fibertel,190.98,Servicios
721,896,reparacion de cerradura,1034.09,Vivienda
722,1522,pintura habitacion,679.66,Vivienda
723,1621,cuota prepaga osde,386.16,Salud
724,993,factura luz edesur,163.34,Ahorros
725,2293,matricula del colegio,172.91,Educacion
726,1324,pago de analisis de sangre,232.54,Salud
727,1386,cena restaurante,69.0,Ocio
728,2434,entradas recital,65.77,Servicios
729,2807,suscripcion nwtflix,66.99,Ocio
730,2462,tarjeta taxis de la ciudad,41.76,Transporte
731,1302,abono telefonia movil,55.44,Servicios
732,2763,factura luz edesur,56.15,Servicios
733,759,reparacion electrica,599.18,Vivienda
734,747,compra cafeteria,103.95,Ocio
735,593,reparacion de cerradura,1124.66,Transporte
736,1549,expensas comunes,848.84,Vivienda
737,2887,compra salida al cine,144.09,Ocio
738,16,plazo fijo,1326.52,Ahorros
739,993,pago de abono telefonia movil,196.97,Servicios
740,1069,viaje uber,78.55,Transporte
741,1345,suscripcion spotify,86.62,Ocio
742,2699,taller de ingles,495.12,Educacion
743,2196,juegos de consolq,96.58,Ocio
744,2403,pago saldo refinanciado,416.26,Deudas
745,703,pago saldo refinanciado,380.33,Deudas
746,613,consulta medica de control,242.47,Salud
747,105,plazo fijo,370.25,Ahorros
748,1498,compra cafeteria,63.42,Ocio
749,396,factura gas metrogas,101.68,Servicios
750,2654,compra plazo fijo,150.24,Ahorros
751,2011,movimiento: factura gas metrogas,137.59,Servicios
752,851,compra dolares banco,342.96,Ahorros
753,1989,compras fiambreria,315.73,Alimentacion
754,442,supermercado carrefour,52.04,Alimentacion
755,1669,analisis de sangre,272.87,Salud
756,873,inversion en acciones,430.68,Ahorros
757,667,verduleria de la esquina,133.6,Alimentacion
758,1052,carniceria central,245.44,Alimentacion
759,2842,tqrjeta compra libros de texto,760.76,Educacion
760,2523,pago tarjeta de credito,843.11,Deudas
761,628,tarjeta combustible shell,39.33,Transporte
762,1429,expensas comunes,899.94,Alimentacion
763,2550,pago de salida al cine,76.33,Ocio
764,348,almacen san martin,387.36,Alimentacion
765,1264,expensas comunes,945.06,Vivienda
766,1018,expensas comunes,839.64,Vivienda
767,570,transferencia ahorro mensual,603.44,Ahorros
768,2743,comprq dolares banco,398.4,Ahorros
769,2074,entrqdas recital,65.25,Ocio
770,1953,movimiento: cuota prestamo banco,988.1,Deudas
771,2265,pintura habitacion,841.23,Vivienda
772,1352,cuota prestamo banco,586.96,Transporte
773,2885,consulta medica de control,251.89,Salud
774,2822,carga sube,64.14,Transporte
775,670,cerveceria artesanal,47.42,Ocio
776,718,tarjeta compra libros de texto,313.59,Ahorros
777,2358,cuota prestamo auto,372.12,Deudas
778,2647,tarjeta compras fiambreria,155.56,Alimentacion
779,267,optica lentes,467.71,Salud
780,1439,fqctura gas metrogas,136.61,Servicios
781,2694,pago de reparacion de cerradura,912.94,Vivienda
782,1357,curso de programacion,492.29,Educacion
783,1023,pago tarjeta de credito,840.64,Deudas
784,2038,pago de supermercado coto,252.19,Vivienda
785,2498,verduleria de la esquina,120.79,Alimentacion
786,565,servicio de agua aysa,188.59,Servicios
787,1271,compra dolares banco,430.35,Ahorros
788,1060,fac compra ferreteria,590.47,Vivienda
789,1425,cuota prestamo auto,956.18,Transporte
790,28,abono telefonia movil,72.05,Servicios
791,220,tqrjeta combustible shell,67.94,Transporte
792,406,taller de ingles,700.52,Educacion
793,1638,plazo fijo,1171.6,Ahorros
794,1799,pqgo de inversion en acciones,322.41,Deudas
795,2319,optica lentes,285.53,Salud
796,1760,medicamentos recetados,386.89,Salud
797,1675,taxis de la ciudad,30.12,Transporte
798,792,abono telefonia movil,68.35,Servicios
799,963,suscripcion spotify,57.86,Ocio
800,1310,utiles escolares,217.96,Educacion
801,834,impuestos municipales,146.29,Servicios
802,317,movimiento: servicio de plomeria,809.89,Vivienda
803,1321,curso de programacion,620.88,Educacion
804,2386,fondo comun de inversion,178.37,Ahorros
805,1331,inversion en acciones,1432.51,Ahorros
806,351,tarjeta expensas del edificio,676.06,Vivienda
807,511,compra cafeteria,82.53,Ocio
808,2573,combustible ypf,41.11,Transporte
809,492,medicqmentos recetados,224.27,Salud
810,1932,compra dolares banco,1182.55,Ahorros
811,1618,salida al cine,75.04,Ocio
812,2057,cuota prestamo banco,710.24,Deudas
813,1521,matricula del colegio,400.24,Educacion
814,1584,tarjeta colectivo linea 60,57.65,Transporte
815,2609,factura gas metrogas,121.62,Servicios
816,2488,entradas recital,54.05,Ocio
817,1576,carga sube,47.72,Transporte
818,2840,tarjeta cerveceria artesanal,114.43,Ocio
819,1762,pago de intereses,519.06,Transporte
820,1992,compra panaderia,159.15,Alimentacion
821,1269,expensas comunes,1084.76,Vivienda
822,2081,compra panaderia,312.07,Alimentacion
823,1047,tqrjeta colectivo linea 60,23.29,Transporte
824,2893,qlmacen san martin,215.4,Alimentacion
825,2614,cerveceria artesanal,72.61,Ocio
826,49,suscripcion netflix,84.2,Ocio
827,462,almacen san martin,296.67,Alimentacion
828,2638,reparacion electrica,1007.72,Vivienda
829,336,movimiento: pintura habitacion,750.63,Vivienda
830,1382,cuota prestamo auto,769.71,Deudas
831,1146,sqlida al cine,123.93,Ocio
832,359,combustiblw ypf,14.29,Transporte
833,2394,taller de ingles,264.62,Educacion
834,193,pintura habitacion,725.2,Vivienda
835,1440,reparacion de cerradura,538.42,Vivienda
836,1401,pago tarjeta de credito,186.1,Deudas
837,756,fac compra libros de texto,411.97,Educacion
838,1685,dentistq limpieza,152.29,Ahorros
839,2526,expensas del edificio,411.19,Vivienda
840,828,compras fiambreria,79.84,Alimentacion
841,890,compra cafeteria,133.02,Ocio
842,653,reparacion de cerradura,1194.85,Vivienda
843,2456,cena restaurante,51.69,Ocio
844,2334,taxis de la ciudad,72.25,Transporte
845,1922,taller de ingles,794.71,Educacion
846,851,transferencia ahorro mensual,1226.35,Ahorros
847,111,cuota prestamo banco,773.03,Deudas
848,620,medicamentos recetados,55.07,Salud
849,793,almacen san martin,397.19,Alimentacion
850,2098,compra farmacia,494.95,Salud
851,1158,cuota prestamo auto,898.11,Ahorros
852,588,opticq lentes,166.31,Salud
853,2644,fac compra libros de texto,103.68,Educacion
854,2718,combustiblw ypf,16.95,Transporte
855,1310,verduleria de la esquina,392.14,Alimentacion
856,1958,matricula del colegio,305.73,Educacion
857,2362,compra libros de texto,580.3,Educacion
858,2654,cerveceria artesanal,37.54,Ocio
859,297,carga sube,16.0,Transporte
860,1630,pago de transferencia ahorro mensual,872.07,Ahorros
861,569,movimiento: viaje uber,33.15,Vivienda
862,1188,taxis de la ciudad,39.83,Transporte
863,832,mqtricula del colegio,158.64,Educacion
864,610,plazo fijo,485.03,Ahorros
865,16,movimiento: reparacion electrica,228.6,Vivienda
866,1370,cena restaurante,118.37,Ocio
867,72,taxis de la ciudad,48.93,Transporte
868,270,repqracion electrica,850.46,Vivienda
869,287,compra dolares banco,1032.02,Ahorros
870,66,peaje autopista,38.89,Transporte
871,880,compra panaderia,129.28,Alimentacion
872,68,pqgo alquiler mensual,238.29,Vivienda
873,1217,compra ferreteria,1129.1,Vivienda
874,1403,verduleria de la esquina,102.76,Alimentacion
875,974,movimiento: pago alquiler mensual,1155.55,Vivienda
876,508,analisis de sangre,97.82,Ahorros
877,2885,colectivo linea 60,27.83,Transporte
878,1126,expensas comunes,1140.81,Educacion
879,886,pago saldo refinanciado,525.58,Deudas
880,2842,comprq factura gas metrogas,94.71,Servicios
881,2470,compra dolares banco,844.09,Ahorros
882,1988,cuota prestamo auto,761.71,Deudas
883,775,fac supermercado carrefour,329.39,Alimentacion
884,2526,viaje uber,42.5,Transporte
885,926,taxis de la ciudad,72.43,Transporte
886,120,cuota prestamo banco,419.75,Deudas
887,1939,movimiento: expensas del edificio,843.28,Vivienda
888,488,compra dolares banco,1199.8,Ahorros
889,2126,combustible ypf,71.83,Transporte
890,441,pago de expensas del edificio,277.16,Vivienda
891,462,supermercado carrefour,169.89,Alimentacion
892,612,analisis de sangre,109.93,Salud
893,1318,cena restaurante,59.11,Ocio
894,1660,transferencia ahorro mensual,110.27,Ahorros
895,917,almacen san martin,140.25,Alimentacion
896,2657,cuota universidad,344.39,Educacion
897,6,colectivo linea 60,11.07,Transporte
898,681,abono telefonia movil,170.76,Servicios
899,2943,expensas comunes,766.51,Vivienda
900,2319,matricula del colegio,596.11,Vivienda
901,1644,fqc pago tarjeta de credito,422.04,Deudas
902,2859,fac carga sube,50.83,Transporte
903,2607,optica lentes,253.11,Salud
904,99,movimiento: utiles escolares,221.07,Educacion
905,526,servicio de plomeria,766.16,Vivienda
906,2242,curso de programacion,639.44,Educacion
907,1181,estudios clinicos,202.36,Salud
908,1690,transferencia ahorro mensual,1335.09,Ahorros
909,1139,cuota prestamo banco,987.26,Deudas
910,396,suscripcion netflix,86.19,Ocio
911,770,carniceria central,79.51,Alimentacion
912,1827,comprq ferreteria,1070.39,Vivienda
913,1546,impuestos municipales,95.29,Servicios
914,2928,pago de cuota jardin de infantes,215.97,Educacion
915,2793,reparacion de cerradura,243.98,Vivienda
916,683,plqzo fijo,398.2,Ahorros
917,1557,cuota prestamo banco,789.14,Deudas
918,15,dentista limpieza,460.65,Salud
919,2416,suscripcion netflix,64.7,Ocio
920,2686,pintura habitacion,756.2,Vivienda
921,2901,abono telefonia movil,131.23,Servicios
922,1237,supermercado coto,196.46,Alimentacion
923,2748,carniceria central,135.91,Alimentacion
924,5,juegos de consola,142.82,Salud
925,2279,compra factura luz edesur,132.13,Servicios
926,1909,inversion en acciones,648.22,Ahorros
927,1426,fac abono telefonia movil,186.89,Servicios
928,1608,inversion en acciones,194.92,Ahorros
929,2634,comprq dolares banco,1270.67,Vivienda
930,169,pago de intereses,799.5,Deudas
931,2809,factura gas metrogas,117.59,Servicios
932,792,consulta medica de control,412.22,Salud
933,1000,movimiento: compra farmacia,436.93,Salud
934,152,taller de ingles,223.62,Educacion
935,2272,impuestos municipales,110.88,Servicios
936,504,fqctura gas metrogas,168.07,Servicios
937,1574,verduleria y fruteria,69.4,Alimentacion
938,2092,pago saldo refinanciado,784.96,Ocio
939,2745,compra panaderia,67.59,Alimentacion
940,504,reparacion electrica,278.51,Vivienda
941,2978,colectivo linea 60,51.58,Transporte
942,843,cuota universidad,391.85,Educacion
943,351,juegos de consola,22.22,Ocio
944,2071,fqc reparacion de cerradura,204.96,Deudas
945,1660,pago de expensas comunes,416.74,Vivienda
946,598,fac abono telefonia movil,195.43,Servicios
947,1067,compra ferreteria,426.76,Vivienda
948,2514,tarjeta colectivo linea 60,58.24,Transporte
949,40,expensas comunes,593.42,Vivienda
950,2351,servicio de agua aysa,183.92,Servicios
951,175,verduleria de la esquina,271.14,Alimentacion
952,999,expensas comunes,1192.94,Vivienda
953,1485,cerveceria artesanal,118.14,Ocio
954,2669,pago saldo refinanciado,912.41,Deudas
955,1217,pago de intereses,394.82,Deudas
956,2292,inversion en acciones,595.19,Ahorros
957,836,cuota jardin de infantes,631.64,Educacion
958,2328,combustible shell,11.6,Transporte
959,1060,estudios clinicos,218.87,Salud
960,2605,combustible ypf,11.22,Transporte
961,898,comprq dolares banco,854.16,Ahorros
962,1564,pqgo de suscripcion spotify,39.0,Ocio
963,1047,fac compras fiambreria,262.66,Alimentacion
964,2767,dentista limpieza,205.77,Salud
965,932,impuestos municipqles,70.84,Servicios
966,2139,servicio de agua aysa,70.64,Ahorros
967,2438,tarjeta curso de programacion,385.62,Educacion
968,2598,pago de medicamentos recetados,205.99,Salud
969,2979,servicio de agua aysa,139.65,Servicios
970,1252,fac cuota universidad,783.32,Educacion
971,1226,juegos de consola,118.31,Ocio
972,1374,dentista limpieza,458.2,Salud
973,1062,cerveceria artesanal,135.29,Ocio
974,2781,tarjeta impuestos municipales,39.3,Servicios
975,500,pago saldo refinanciado,717.77,Deudas
976,1723,combustible ypf,21.48,Transporte
977,2919,combustible shell,70.35,Transporte
978,2565,suscripcion spotify,50.36,Ocio
979,2116,cuota prestamo banco,291.72,Deudas
980,1764,curso de programacion,426.85,Educacion
981,2171,qlmacen san martin,196.33,Alimentacion
982,1709,compras fiambreria,371.63,Alimentacion
983,336,compra dolares banco,1306.98,Ahorros
984,1177,reparacion de cerradura,1119.19,Vivienda
985,779,tarjeta compras fiambreria,221.69,Alimentacion
986,1186,cuota prestamo auto,159.99,Deudas
987,1934,combustible ypf,56.23,Transporte
988,1467,combustible ypf,72.38,Transporte
989,2471,compra supermercado dia,210.84,Alimentacion
990,1562,supermercqdo coto,253.1,Alimentacion
991,939,inversion en qcciones,1299.15,Ahorros
992,804,verduleria y fruteria,388.55,Alimentacion
993,1936,suscripcion spotify,60.78,Ocio
994,634,qbono internet fibertel,60.17,Servicios
995,1254,reparacion de cerradura,730.23,Vivienda
996,1083,fac taller de ingles,556.01,Vivienda
997,2144,reparacion de cerradura,735.21,Vivienda
998,1286,movimiento: pintura habitacion,215.91,Vivienda
999,354,tarjeta almacen san martin,88.43,Alimentacion
1000,1160,salida al cine,117.16,Salud
1001,1886,factura luz edesur,169.59,Servicios
1002,1819,abono internet fibertel,177.32,Servicios
1003,967,cuota prestamo banco,642.66,Deudas
1004,2971,impuestos municipales,83.12,Servicios
1005,2521,juegos de consola,67.62,Ocio
1006,2478,compra pago saldo refinanciado,766.46,Educacion
1007,2585,pqgo de dentista limpieza,388.39,Salud
1008,1170,transferencia ahorro mensual,1218.64,Ahorros
1009,1548,consulta medica de control,143.19,Salud
1010,2135,expensas comunes,1053.35,Vivienda
1011,109,salida al cine,102.89,Ocio
1012,1369,tarjeta pago de intereses,866.96,Deudas
1013,1758,analisis de sangre,102.29,Salud
1014,994,compra cafeteria,107.64,Ocio
1015,1518,utiles escolares,785.55,Educacion
1016,1357,tqller de ingles,126.51,Educacion
1017,822,cuota universidad,359.17,Educacion
1018,937,transferencia ahorro mensual,992.31,Ahorros
1019,2697,servicio de agua aysa,162.99,Servicios
1020,191,transferencia ahorro mensual,1148.5,Ahorros
1021,1997,inversion en acciones,136.81,Ahorros
1022,933,entradas recital,31.64,Ocio
1023,142,sqlida al cine,99.06,Ocio
1024,1893,expensqs del edificio,792.25,Vivienda
1025,2888,cuotq prestamo banco,822.88,Deudas
1026,2216,combustible shell,78.02,Transporte
1027,566,cuota universidad,262.52,Educacion
1028,1283,compra panaderia,177.87,Alimentacion
1029,1463,tarjeta viaje uber,66.47,Transporte
1030,1135,almacen san martin,119.54,Alimentacion
1031,744,tarjeta entradas recital,143.08,Deudas
1032,673,compra peaje autopista,10.91,Transporte
1033,2912,expensas comunes,726.35,Vivienda
1034,2887,matricula del colegio,401.95,Educacion
1035,531,abono telefonia movil,165.72,Servicios
1036,1314,compra panaderia,345.72,Alimentacion
1037,562,compra libros de texto,630.62,Educacion
1038,1534,compra ferreteria,867.16,Vivienda
1039,2223,abono internet fibertel,87.41,Servicios
1040,302,abono internet fibertel,138.71,Servicios
1041,185,cuota prestamo auto,430.79,Deudas
1042,510,servicio de plomeria,1015.82,Vivienda
1043,2867,reparacion electrica,866.71,Vivienda
1044,1334,cuota jardin de infantes,530.33,Servicios
1045,1370,curso de programacion,403.99,Educacion
1046,2204,dentista limpieza,102.07,Salud
1047,2835,compra libros de texto,349.2,Educacion
1048,795,curso de programacion,528.73,Educacion
1049,2480,movimiento: cuota prestamo banco,464.06,Deudas
1050,1524,factura luz edesur,114.61,Servicios
1051,761,pago saldo refinanciado,267.54,Servicios
1052,2195,compra libros de texto,135.98,Educacion
1053,2529,peaje autopista,14.8,Transporte
1054,435,pago saldo refinanciado,404.25,Deudas
1055,1543,transferencia ahorro mensual,1450.75,Ahorros
1056,2039,viaje cabify,30.45,Servicios
1057,1707,compra panaderia,84.43,Alimentacion
1058,69,cenq restaurante,42.86,Ocio
1059,1630,dentista limpieza,466.4,Educacion
1060,1905,supermercqdo carrefour,261.23,Alimentacion
1061,2923,salida al cine,66.45,Ocio
1062,2234,pago saldo refinanciado,170.1,Deudas
1063,2952,transferencia ahorro mensual,1462.54,Ahorros
1064,2730,movimiento: cena restaurante,112.29,Ocio
1065,2252,suscripcion netflix,47.34,Ocio
1066,554,almacen san martin,143.1,Alimentacion
1067,2061,compra libros de texto,505.53,Educacion
1068,2714,consultq medica de control,301.98,Salud
1069,1298,factura luz edesur,172.8,Servicios
1070,2099,inversion en acciones,1237.19,Ahorros
1071,500,entradas recital,38.3,Ocio
1072,2417,taller de ingles,790.55,Educacion
1073,2772,abono telefonia movil,43.23,Deudas
1074,2405,movimiento: compra dolares banco,194.3,Ahorros
1075,2895,curso de programacion,164.3,Educacion
1076,1530,compra libros de texto,455.56,Educacion
1077,2304,expensqs del edificio,991.09,Vivienda
1078,1512,compra libros de texto,568.45,Educacion
1079,279,abono internet fibertel,52.58,Servicios
1080,1083,optica lentes,295.96,Salud
1081,446,pqgo alquiler mensual,673.12,Vivienda
1082,2161,plazo fijo,888.64,Ahorros
1083,836,movimiento: combustible shell,27.93,Transporte
1084,755,pago de intereses,860.32,Deudas
1085,1846,movimiento: inversion en acciones,386.79,Ahorros
1086,1593,taller de ingles,212.47,Educacion
1087,1513,abono internet fibertel,48.73,Ahorros
1088,1431,suscripcion netflix,106.57,Ocio
1089,2415,compra panaderia,127.1,Alimentacion
1090,1084,pago de intereses,593.65,Deudas
1091,2377,trqnsferencia ahorro mensual,138.94,Ahorros
1092,2776,supermercado coto,314.15,Alimentacion
1093,1591,pago de cuota prestamo banco,832.19,Deudas
1094,1909,medicamentos recetados,102.44,Salud
1095,2768,movimiento: suscripcion netflix,38.45,Ocio
1096,2232,movimiento: pago saldo refinanciado,220.69,Deudas
1097,1023,movimiento: taller de ingles,494.35,Educacion
1098,2359,cuota prestamo banco,506.74,Deudas
1099,1562,impuestos municipales,129.08,Servicios
1100,177,impuestos municipqles,82.22,Servicios
1101,847,factura luz edesur,67.68,Servicios
1102,1249,compra dolares banco,1047.75,Ahorros
1103,1601,fac suscripcion netflix,127.7,Vivienda
1104,1605,entradas recital,104.63,Ocio
1105,1976,fondo comun dw inversion,1452.83,Ahorros
1106,2057,suscripcion spotify,21.1,Ocio
1107,236,fac abono telefonia movil,34.0,Servicios
1108,710,factura luz edesur,160.14,Servicios
1109,2972,colectivo lineq 60,72.41,Transporte
1110,2733,pago tarjeta de credito,644.25,Deudas
1111,794,cerveceria artesanal,79.49,Ocio
1112,2856,reparacion de cerradura,521.74,Vivienda
1113,1935,abono internet fibertel,199.33,Servicios
1114,1670,movimiento: pago tarjeta de credito,764.31,Ocio
1115,27,compra supermercado dia,180.53,Alimentacion
1116,2598,pago alquiler mensual,605.16,Vivienda
1117,1227,expensas del edificio,307.24,Vivienda
1118,85,movimiento: inversion en acciones,717.04,Ahorros
1119,1856,cerveceria artesanal,48.43,Ocio
1120,2514,movimiento: expensas comunes,741.45,Vivienda
1121,1123,verduleria de la esquina,51.87,Alimentacion
1122,1214,pago tarjeta de credito,963.82,Deudas
1123,12,plazo fijo,1112.32,Ahorros
1124,1013,tqller de ingles,592.85,Educacion
1125,1749,compra libros de texto,429.38,Educacion
1126,1877,cuota prestamo auto,474.79,Deudas
1127,2620,cuota prestamo auto,726.62,Servicios
1128,1318,compra utiles escolares,207.22,Educacion
1129,1384,reparacion electrica,1187.16,Vivienda
1130,1679,cerveceria artesanal,65.1,Ahorros
1131,2962,curso de programacion,558.38,Educacion
1132,180,movimiento: cuota prestamo banco,545.17,Deudas
1133,797,plazo fijo,1105.95,Ahorros
1134,1468,supermercqdo carrefour,94.21,Alimentacion
1135,2025,compra compra dolares banco,433.13,Ahorros
1136,2489,fac plazo fijo,136.26,Ahorros
1137,887,entradas recital,126.49,Ocio
1138,2469,compra libros de texto,230.06,Educacion
1139,1190,abono telefonia movil,114.16,Servicios
1140,1676,cuota prestamo banco,873.82,Deudas
1141,1520,tarjeta plazo fijo,499.09,Vivienda
1142,2516,plazo fijo,465.5,Ahorros
1143,2761,optica lentes,265.76,Salud
1144,2433,cuota prestamo auto,678.98,Deudas
1145,2362,verduleria de la esquina,79.24,Alimentacion
1146,771,qbono internet fibertel,157.88,Servicios
1147,1279,utiles escolares,196.59,Educacion
1148,959,combustible ypf,55.88,Transporte
1149,917,viaje cabify,10.43,Transporte
1150,2071,cuota prestamo banco,849.28,Deudas
1151,1782,pqgo de matricula del colegio,497.7,Servicios
1152,339,compra dentista limpieza,483.38,Salud
1153,1517,compras fiambreria,382.18,Alimentacion
1154,2871,compra factura gas metrogas,132.53,Servicios
1155,2414,consulta medica de control,242.55,Salud
1156,1396,compra impuestos municipales,196.03,Servicios
1157,915,viaje cabify,38.61,Transporte
1158,1854,compra ferreteria,284.56,Vivienda
1159,475,colectivo linea 60,61.64,Transporte
1160,1447,servicio de plomeria,551.19,Vivienda
1161,1380,cuota jardin de infantes,755.07,Educacion
1162,1484,pago saldo refinanciado,435.6,Deudas
1163,2075,fac viaje uber,61.06,Transporte
1164,2990,cuota prepaga osde,299.46,Salud
1165,2850,utiles escolares,203.88,Educacion
1166,801,transferencia ahorro mensual,566.06,Servicios
1167,2908,taller de ingles,450.56,Educacion
1168,1247,plazo fijo,157.94,Ahorros
1169,864,fac reparacion de cerradura,244.68,Educacion
1170,2738,pago de cuota universidad,539.61,Educacion
1171,1172,transferencia ahorro mensual,193.16,Ahorros
1172,739,reparacion de cerradura,1142.02,Vivienda
1173,1375,cuota jardin de infantes,258.12,Educacion
1174,2463,utiles escolares,612.53,Educacion
1175,982,pintura habitacion,1105.61,Vivienda
1176,2477,expensas comunes,820.21,Vivienda
1177,2089,cuota universidad,136.57,Educacion
1178,2953,tarjeta compra cafeteria,90.49,Ocio
1179,1012,impuestos municipales,52.25,Servicios
1180,2751,juegos de consola,120.76,Ocio
1181,2127,verduleria de la esquina,216.06,Deudas
1182,717,viaje uber,14.47,Ahorros
1183,1808,servicio de agua aysa,110.88,Servicios
1184,2592,compra consulta medica de control,239.3,Salud
1185,1474,combustible shell,40.24,Transporte
1186,2522,entradas recital,42.7,Ocio
1187,1166,pago alquiler mensual,1085.52,Vivienda
1188,2342,matricula del colegio,455.86,Ocio
1189,610,suscripcion spotify,108.8,Ocio
1190,2184,optica lentes,395.21,Salud
1191,2532,almacen san martin,350.02,Alimentacion
1192,1813,dentistq limpieza,372.73,Salud
1193,1336,dentistq limpieza,231.49,Salud
1194,2862,suscripcion netflix,129.65,Ocio
1195,555,servicio de plomeria,684.11,Vivienda
1196,1656,factura luz edesur,173.75,Servicios
1197,1756,colectivo linea 60,13.44,Transporte
1198,46,expensas comunes,1193.48,Vivienda
1199,1260,pago tarjeta de credito,373.34,Deudas
1200,1072,compra entradas recital,148.0,Ocio
1201,2246,compra farmacia,278.2,Salud
1202,2132,viaje uber,26.68,Transporte
1203,543,cuotq prepaga osde,263.01,Salud
1204,1452,supermercado carrefour,261.32,Alimentacion
1205,2119,pago de carniceria central,310.81,Alimentacion
1206,2568,viaje cabify,11.45,Transporte
1207,1993,analisis de sangre,106.99,Salud
1208,2946,inversion en acciones,1304.85,Ahorros
1209,913,cuota prestamo banco,294.17,Deudas
1210,1069,plazo fijo,476.48,Ahorros
1211,2341,factura gas metrogas,110.23,Servicios
1212,2986,abono telefonia movil,86.92,Servicios
1213,812,matricula del colegio,223.5,Educacion
1214,1489,qbono internet fibertel,41.68,Servicios
1215,1909,servicio de plomeria,694.12,Vivienda
1216,1574,matricula del colegio,235.36,Servicios
1217,867,verduleria de la esquina,268.39,Alimentacion
1218,2428,pintura habitacion,903.36,Vivienda
1219,1767,compra farmacia,342.53,Salud
1220,2310,taxis de la ciudad,19.44,Transporte
1221,580,colectivo linea 60,66.02,Transporte
1222,2405,cuota prestamo auto,157.14,Deudas
1223,1443,qlmacen san martin,368.12,Alimentacion
1224,698,cuota prestamo auto,678.44,Deudas
1225,1977,plazo fijo,1189.14,Ahorros
1226,2491,pago de suscripcion spotify,48.97,Ahorros
1227,726,comprq compras fiambreria,86.78,Alimentacion
1228,286,factura gas metrogas,162.6,Servicios
1229,1892,utiles escolares,538.46,Deudas
1230,570,fondo comun de inversion,1378.96,Ahorros
1231,2888,abono telefonia movil,82.62,Servicios
1232,1965,taller de ingles,199.64,Educacion
1233,1514,carga sube,61.5,Transporte
1234,498,expensas comunes,750.92,Vivienda
1235,1918,viaje uber,56.28,Transporte
1236,705,compra dolares banco,929.11,Ahorros
1237,1357,colectivo lineq 60,79.24,Ocio
1238,562,combustible shell,10.06,Transporte
1239,1999,viaje uber,55.42,Transporte
1240,32,pago de verduleria de la esquina,347.13,Alimentacion
1241,43,transferencia ahorro mensual,1003.69,Ahorros
1242,1917,cuotq prestamo auto,474.08,Deudas
1243,1375,taxis de la ciudad,25.43,Transporte
1244,1846,viaje uber,33.47,Transporte
1245,559,fac compra libros de texto,328.0,Educacion
1246,2318,compra ferreteria,550.08,Vivienda
1247,1437,fac peaje autopista,62.2,Transporte
1248,943,pago de intereses,329.48,Transporte
1249,1599,cuota prestamo auto,669.54,Deudas
1250,1371,pintura habitacion,550.79,Vivienda
1251,1929,reparacion electrica,1181.46,Vivienda
1252,1637,pago de transferencia ahorro mensual,491.1,Ahorros
1253,2085,reparacion electrica,1113.56,Vivienda
1254,92,inversion en acciones,187.13,Ahorros
1255,1844,pago de optica lentes,390.78,Salud
1256,185,tqxis de la ciudad,29.88,Transporte
1257,728,pqgo saldo refinanciado,216.76,Deudas
1258,1052,tarjeta estudios clinicos,116.23,Salud
1259,1572,combustible shell,69.91,Vivienda
1260,2420,pago tarjeta de credito,444.16,Servicios
1261,832,cuota prestamo banco,946.07,Deudas
1262,345,cuota universidad,354.4,Educacion
1263,1443,inversion en acciones,1360.45,Vivienda
1264,1220,suscripcion netflix,86.84,Ocio
1265,2126,cuota universidad,734.8,Educacion
1266,167,pago de consulta medica de control,141.96,Salud
1267,264,impuestos municipales,134.57,Servicios
1268,1496,plazo fijo,762.89,Deudas
1269,1232,expensas comunes,904.48,Vivienda
1270,2772,servicio de agua aysa,182.68,Servicios
1271,1287,compra farmacia,368.76,Salud
1272,1530,viaje uber,26.85,Transporte
1273,1809,verduleria de la esquina,112.59,Alimentacion
1274,2560,cena restaurante,74.69,Ocio
1275,1878,utiles escolares,383.69,Educacion
1276,1750,colectivo linea 60,49.63,Transporte
1277,1910,compra farmacia,233.86,Salud
1278,2624,compra dolares banco,683.46,Ahorros
1279,2770,fac cuota prepaga osde,467.23,Salud
1280,1336,abono internet fibertel,40.99,Servicios
1281,1198,carniceria central,366.06,Alimentacion
1282,2479,factura gas metrogas,196.73,Servicios
1283,768,inversion en acciones,552.06,Ahorros
1284,2511,pago de intereses,350.07,Deudas
1285,101,factura luz edesur,32.22,Servicios
1286,1733,pago saldo refinanciado,634.56,Deudas
1287,1920,movimiento: compra ferreteria,1078.16,Vivienda
1288,2292,colectivo linea 60,12.05,Alimentacion
1289,1372,inversion en acciones,726.05,Ahorros
1290,105,analisis de sangre,298.28,Salud
1291,694,compra servicio de plomeria,281.89,Vivienda
1292,1691,fac abono telefonia movil,182.99,Servicios
1293,1311,taxis de la ciudad,71.89,Transporte
1294,1071,pago de intereses,226.0,Deudas
1295,1067,pago saldo refinanciado,964.82,Ahorros
1296,818,curso de programacion,451.53,Educacion
1297,2269,compra dolares banco,1068.31,Ahorros
1298,1537,cuota prestamo banco,392.33,Deudas
1299,2192,tarjeta verduleria de la esquina,144.68,Alimentacion
1300,890,inversion en acciones,367.15,Ahorros
1301,1878,taller de ingles,215.34,Alimentacion
1302,1874,compra dolares banco,690.87,Deudas
1303,790,plqzo fijo,1345.33,Ahorros
1304,553,optica lentes,222.62,Salud
1305,844,cuota prestamo banco,589.07,Deudas
1306,659,servicio de agua aysa,119.35,Servicios
1307,2885,impuestos municipales,183.66,Servicios
1308,1019,colectivo linea 60,74.62,Salud
1309,1954,fac combustible shell,59.55,Transporte
1310,1191,compra carga sube,61.12,Transporte
1311,751,combustible ypf,10.69,Transporte
1312,2297,servicio de plomeria,472.07,Vivienda
1313,775,factura luz edesur,170.17,Servicios
1314,2812,carga sube,72.74,Transporte
1315,1381,utiles escolares,132.99,Educacion
1316,692,abono internet fibertel,190.14,Servicios
1317,2868,transferencia ahorro mensual,231.02,Ahorros
1318,719,cuota prestamo banco,207.94,Deudas
1319,234,fondo comun de inversion,244.01,Ahorros
1320,2072,factura gas metrogas,53.81,Servicios
1321,1405,consulta medica de control,67.31,Educacion
1322,1006,compra supermercado dia,55.53,Alimentacion
1323,1370,abono internet fibertel,87.1,Servicios
1324,1402,suscripcion spotify,127.79,Ocio
1325,2570,viaje uber,25.74,Transporte
1326,2065,supermercado carrefour,373.98,Alimentacion
1327,2293,expensas comunes,308.52,Vivienda
1328,2766,compra ferreteria,917.78,Vivienda
1329,2818,juegos de consola,27.98,Ocio
1330,717,curso de programacion,384.16,Educacion
1331,1563,fac fondo comun de inversion,1045.05,Ahorros
1332,1712,cuota prestamo auto,469.65,Deudas
1333,1226,compra dolares banco,968.26,Ahorros
1334,1272,compra servicio de agua aysa,57.43,Servicios
1335,2166,compra dolares banco,1382.84,Ahorros
1336,9,pago de estudios clinicos,269.01,Salud
1337,598,plazo fijo,1190.32,Ahorros
1338,23,colectivo linea 60,79.0,Transporte
1339,1991,transferencia ahorro mensual,128.69,Ahorros
1340,2288,juegos de consolq,48.82,Ocio
1341,1609,compra expensas comunes,1049.91,Vivienda
1342,2075,viaje uber,62.06,Transporte
1343,1105,medicqmentos recetados,222.63,Ocio
1344,2247,curso de programacion,432.51,Ocio
1345,2823,compra dolares banco,722.99,Ahorros
1346,92,abono internet fibertel,74.3,Servicios
1347,851,medicamentos recetados,193.86,Salud
1348,1983,pago de expensas comunes,697.58,Vivienda
1349,1108,combustible shell,66.41,Transporte
1350,300,cuota prestamo banco,479.09,Ahorros
1351,2344,entradas recital,41.11,Ocio
1352,2695,consulta medica de control,497.1,Salud
1353,1478,matricula del colegio,454.99,Educacion
1354,1305,taller de ingles,530.42,Educacion
1355,1001,verduleria y fruteria,108.5,Alimentacion
1356,1083,cuota universidad,771.8,Educacion
1357,2957,cerveceria artesanal,95.58,Ocio
1358,2919,taxis de la ciudad,73.32,Vivienda
1359,1366,analisis de sangre,249.88,Salud
1360,2801,cuota universidad,709.3,Educacion
1361,2390,cuotq prepaga osde,157.18,Salud
1362,2110,cuota universidad,259.5,Educacion
1363,776,curso de programacion,488.6,Educacion
1364,2673,pago saldo refinanciado,997.72,Deudas
1365,1453,inversion en acciones,1110.71,Ocio
1366,1682,pago tarjeta de credito,372.5,Deudas
1367,1752,optica lentes,340.17,Salud
1368,2304,supermercado coto,220.92,Salud
1369,2876,optica lentes,255.36,Salud
1370,1852,pago de compra supermercado dia,193.41,Ocio
1371,1898,compra dolares banco,330.98,Ahorros
1372,1730,medicamentos recetados,466.78,Salud
1373,1328,pago tarjeta de credito,996.68,Alimentacion
1374,615,pago de compra cafeteria,89.97,Ocio
1375,245,estudios clinicos,180.0,Salud
1376,757,inversion en qcciones,690.97,Ahorros
1377,824,pago saldo refinanciado,282.04,Deudas
1378,2828,consulta medica de control,121.11,Salud
1379,2780,factura luz edesur,63.31,Servicios
1380,1847,compra libros de texto,304.87,Educacion
1381,1436,movimiento: peaje autopista,36.53,Transporte
1382,2926,pago saldo refinanciado,239.67,Deudas
1383,1241,compras fiambreria,336.28,Alimentacion
1384,516,reparacion electrica,1029.81,Vivienda
1385,474,reparacion de cerradura,841.7,Ahorros
1386,36,compra libros de texto,521.51,Educacion
1387,1411,compra ferreteria,650.78,Vivienda
1388,1793,almacen san martin,76.88,Vivienda
1389,1735,servicio de agua aysa,48.43,Deudas
1390,830,colectivo linea 60,44.55,Transporte
1391,1093,dentista limpieza,464.61,Salud
1392,2414,utiles escolares,151.97,Educacion
1393,1186,pago tarjeta de credito,457.49,Deudas
1394,1763,cuota prestamo banco,710.67,Deudas
1395,945,viaje cabify,59.09,Transporte
1396,1512,transferencia ahorro mensual,581.52,Ahorros
1397,431,suscripcion netflix,97.4,Ocio
1398,2023,inversion en acciones,143.44,Ahorros
1399,859,pago de reparacion de cerradura,601.18,Vivienda
1400,230,dentista limpieza,158.14,Salud
1401,2418,taller de ingles,487.44,Educacion
1402,178,matricula del colegio,368.38,Educacion
1403,1434,pago de pintura habitacion,813.57,Vivienda
1404,2616,tarjeta factura gas metrogas,146.41,Ahorros
1405,1614,cuota prestamo banco,159.44,Deudas
1406,2841,curso de programacion,438.4,Educacion
1407,1764,transferencia ahorro mensual,1261.47,Ahorros
1408,2948,abono internet fibertel,79.98,Servicios
1409,1775,servicio de agua aysa,166.9,Servicios
1410,975,cuota prestamo banco,470.79,Deudas
1411,82,repqracion electrica,896.74,Vivienda
1412,846,cerveceria artesanal,23.9,Ocio
1413,2810,cuota universidad,437.99,Deudas
1414,1217,verduleria de la esquina,377.29,Alimentacion
1415,618,trqnsferencia ahorro mensual,830.71,Ahorros
1416,2264,viaje uber,13.59,Transporte
1417,2338,cenq restaurante,128.11,Educacion
1418,445,movimiento: pago de intereses,436.95,Deudas
1419,923,comprq farmacia,50.05,Salud
1420,2600,cuota jardin de infantes,370.45,Educacion
1421,193,abono internet fibertel,154.81,Servicios
1422,1663,pago de reparacion electrica,869.37,Vivienda
1423,289,taller de ingles,442.56,Educacion
1424,2631,comprq compras fiambreria,268.74,Alimentacion
1425,1168,servicio de plomeria,731.18,Vivienda
1426,1431,abono telefonia movil,175.39,Servicios
1427,1835,impuestos municipales,30.95,Servicios
1428,2905,pintura habitacion,850.3,Vivienda
1429,1971,tarjeta suscripcion spotify,23.11,Ocio
1430,2829,matricula del colegio,208.44,Servicios
1431,896,supermercado coto,312.5,Alimentacion
1432,920,pqgo tarjeta de credito,637.96,Deudas
1433,2612,fac factura luz edesur,70.99,Servicios
1434,2035,utiles escolares,595.44,Educacion
1435,1553,pago de impuestos municipales,53.89,Vivienda
1436,1701,estudios clinicos,306.63,Salud
1437,2061,cuota prestamo auto,215.75,Educacion
1438,1726,compra libros de texto,318.25,Educacion
1439,2388,viaje cabify,42.85,Transporte
1440,2913,fac viaje cabify,49.74,Transporte
1441,1898,pintura habitacion,257.51,Vivienda
1442,1800,impuestos municipales,166.12,Servicios
1443,312,expensas del edificio,557.88,Vivienda
1444,2781,plazo fijo,1498.04,Ahorros
1445,1128,peaje autopista,20.25,Transporte
1446,339,juegos de consola,20.44,Ocio
1447,2348,pintura habitacion,1134.66,Vivienda
1448,359,cena restaurante,81.38,Ocio
1449,2217,compra dolares banco,615.49,Ahorros
1450,1173,fac fondo comun de inversion,943.56,Ahorros
1451,2809,plazo fijo,1308.25,Ahorros
1452,768,fac compra dolares banco,854.65,Ahorros
1453,2090,consulta medica de control,225.03,Salud
1454,202,transferencia ahorro mensual,1134.7,Ahorros
1455,1693,medicamentos recetados,127.14,Salud
1456,464,medicqmentos recetados,318.0,Salud
1457,449,matricula del colegio,303.83,Educacion
1458,913,salida al cine,35.85,Ocio
1459,798,plazo fijo,213.56,Ahorros
1460,794,comprq panaderia,242.66,Alimentacion
1461,437,pago de intereses,517.05,Deudas
1462,1917,expensas del edificio,1101.51,Vivienda
1463,1774,factura gas metrogas,30.12,Servicios
1464,531,cerveceria artesanal,126.61,Ocio
1465,565,salida al cine,85.98,Servicios
1466,1621,factura gas metrogas,144.51,Servicios
1467,1297,expensas del edificio,261.8,Vivienda
1468,2920,suscripcion netflix,46.62,Ocio
1469,213,consultq medica de control,243.74,Salud
1470,949,compra libros de texto,512.45,Educacion
1471,1128,peaje autopista,18.16,Transporte
1472,192,pago de compra farmacia,236.87,Salud
1473,1404,compra dolares banco,196.58,Ahorros
1474,1991,suscripcion spotify,140.99,Ocio
1475,1105,cuotq prepaga osde,393.32,Salud
1476,705,combustible ypf,74.19,Transporte
1477,549,pago de utiles escolares,780.34,Educacion
1478,1862,tarjeta taller de ingles,560.74,Educacion
1479,154,qlmacen san martin,253.54,Alimentacion
1480,1666,pago de estudios clinicos,493.9,Alimentacion
1481,571,abono internet fibertel,38.27,Servicios
1482,1785,tqrjeta plazo fijo,257.57,Ahorros
1483,2288,cuota jardin de infantes,600.52,Educacion
1484,2422,reparacion de cerradura,810.3,Vivienda
1485,805,dentista limpieza,408.29,Salud
1486,799,compra dolares banco,118.38,Ahorros
1487,611,factura luz edesur,187.11,Servicios
1488,2736,pago de abono telefonia movil,78.95,Servicios
1489,2822,movimiento: pago saldo refinanciado,456.15,Deudas
1490,1807,supermercqdo carrefour,151.78,Alimentacion
1491,143,pqgo alquiler mensual,696.52,Vivienda
1492,272,taller de ingles,301.97,Educacion
1493,1556,cuota jardin de infantes,681.36,Educacion
1494,2474,compra supermercado dia,189.89,Salud
1495,2094,optica lentes,308.94,Salud
1496,2143,taxis de la ciudad,58.52,Transporte
1497,2112,impuestos municipqles,172.41,Servicios
1498,2461,taller de ingles,198.59,Educacion
1499,459,medicamentos recetados,183.06,Salud
1500,1739,cuota prestamo auto,434.28,Deudas
1501,1433,pago de carniceria central,342.84,Alimentacion
1502,2518,verduleria y fruteria,204.56,Alimentacion
1503,2858,compra cafeteria,95.54,Ocio
1504,506,tarjeta supermercado coto,173.46,Alimentacion
1505,1710,reparacion de cerradura,270.33,Vivienda
1506,1097,suscripcion netflix,93.16,Ocio
1507,84,compra panaderia,95.9,Alimentacion
1508,59,pago de plazo fijo,112.81,Ahorros
1509,1045,reparacion electrica,816.71,Vivienda
1510,1482,plazo fijo,856.39,Ahorros
1511,2966,inversion en acciones,1050.58,Ahorros
1512,2205,juegos de consola,100.08,Ocio
1513,1353,servicio de agua aysa,73.9,Servicios
1514,1597,verduleria y fruteria,311.11,Alimentacion
1515,576,curso de programacion,693.04,Educacion
1516,2885,qnalisis de sangre,147.87,Salud
1517,680,compra cafeteria,28.18,Ocio
1518,203,compra ferreteria,701.12,Vivienda
1519,1130,plazo fijo,1190.28,Ahorros
1520,318,tarjeta abono telefonia movil,45.35,Servicios
1521,1206,reparacion electrica,362.11,Vivienda
1522,1639,fac cerveceria artesanal,139.7,Ocio
1523,1797,colectivo linea 60,15.79,Transporte
1524,406,dentista limpieza,63.26,Salud
1525,2997,factura gas metrogas,165.09,Servicios
1526,2543,pinturq habitacion,650.45,Vivienda
1527,679,servicio de agua aysa,159.71,Servicios
1528,1271,transferencia ahorro mensual,417.6,Ahorros
1529,1890,curso de programacion,465.47,Educacion
1530,1548,compra supermercado dia,297.02,Educacion
1531,1644,curso de programacion,384.99,Educacion
1532,1360,suscripcion netflix,106.04,Ocio
1533,1446,tarjeta combustible ypf,35.33,Transporte
1534,835,pago saldo refinanciado,966.44,Deudas
1535,2242,peaje autopista,61.61,Transporte
1536,2356,compra dolares banco,1025.47,Ahorros
1537,1669,combustible shell,62.94,Transporte
1538,1931,estudios clinicos,283.66,Ahorros
1539,2554,cuota prestamo banco,434.48,Deudas
1540,281,cerveceria artesanal,29.9,Ocio
1541,2723,verduleria de la esquina,85.3,Alimentacion
1542,1814,reparacion electrica,675.87,Vivienda
1543,933,curso de programacion,151.41,Educacion
1544,2763,estudios clinicos,207.83,Transporte
1545,608,compra supermercado dia,154.04,Alimentacion
1546,483,estudios clinicos,459.06,Salud
1547,1247,fondo comun de inversion,429.1,Ahorros
1548,1773,carga sube,51.47,Transporte
1549,2165,verduleria de la esquina,281.29,Alimentacion
1550,192,factura gas metrogas,132.18,Servicios
1551,2836,abono telefonia movil,124.7,Servicios
1552,2666,cuota universidad,424.92,Educacion
1553,2018,carga sube,48.61,Transporte
1554,2564,compras fiambreria,125.51,Alimentacion
1555,307,curso de programacion,400.06,Educacion
1556,532,reparacion electrica,1137.41,Vivienda
1557,122,plazo fijo,1085.69,Ahorros
1558,2697,tqller de ingles,709.14,Educacion
1559,592,carga sube,37.02,Transporte
1560,2918,pqgo alquiler mensual,226.56,Vivienda
1561,1476,plazo fijo,330.01,Ahorros
1562,59,cuota prestamo auto,189.72,Deudas
1563,2349,consulta medica de control,137.44,Salud
1564,2601,pago saldo refinanciado,312.51,Deudas
1565,1574,pago de taxis de la ciudad,50.08,Transporte
1566,1141,analisis de sangre,233.89,Salud
1567,1811,matricula del colegio,676.19,Educacion
1568,1806,pago de intereses,464.36,Deudas
1569,399,tarjeta verduleria y fruteria,275.91,Alimentacion
1570,2563,compra ferreteria,588.19,Vivienda
1571,2853,compra compras fiambreria,135.56,Ocio
1572,2546,compra panaderia,337.44,Alimentacion
1573,942,utiles escolares,108.56,Educacion
1574,528,suscripcion spotify,26.54,Alimentacion
1575,2446,supermercado carrefour,209.91,Transporte
1576,1775,suscripcion spotify,89.09,Ocio
1577,1422,utiles escolares,139.11,Educacion
1578,1670,fac compra ferreteria,598.66,Vivienda
1579,1551,utiles escolqres,174.25,Educacion
1580,436,cuota prestamo banco,885.01,Deudas
1581,840,fondo comun de inversion,1154.03,Ahorros
1582,360,carga sube,46.34,Transporte
1583,1153,cerveceria artesanal,81.66,Ocio
1584,864,compra farmacia,54.6,Salud
1585,2682,tarjeta combustible shell,56.69,Transporte
1586,1651,verduleria de la esquina,178.44,Alimentacion
1587,1733,reparacion de cerradura,214.01,Vivienda
1588,1246,pqgo saldo refinanciado,689.92,Vivienda
1589,2262,medicamentos recetados,94.34,Salud
1590,916,curso de programacion,454.28,Educacion
1591,2640,taller de ingles,601.76,Educacion
1592,1799,compra libros de texto,210.78,Educacion
1593,2183,comprq fondo comun de inversion,184.44,Ahorros
1594,2802,pago saldo refinanciado,871.91,Deudas
1595,386,pago tarjeta de credito,628.67,Deudas
1596,1327,movimiento: compra panaderia,234.83,Alimentacion
1597,1806,carniceria central,198.7,Alimentacion
1598,1586,viaje cabify,26.81,Transporte
1599,1213,compra pago tarjeta de credito,799.43,Deudas
1600,1550,carniceria central,272.43,Ahorros
1601,389,pintura habitacion,695.57,Vivienda
1602,2792,pago de compra dolares banco,452.53,Ahorros
1603,704,viaje cabify,32.71,Transporte
1604,2973,compra farmacia,368.95,Salud
1605,1739,juegos de consola,67.69,Ocio
1606,2821,optica lentes,354.04,Salud
1607,864,servicio de plomeria,1159.66,Vivienda
1608,1060,compra dolares banco,1193.35,Ahorros
1609,79,fac compra dolares banco,507.23,Ahorros
1610,1299,cuota jardin de infantes,477.34,Educacion
1611,1302,abono telefonia movil,108.75,Servicios
1612,674,inversion en acciones,1266.08,Ahorros
1613,2360,cuota prestamo auto,348.57,Deudas
1614,204,servicio de agua aysa,187.77,Servicios
1615,985,cuota prestamo auto,685.56,Deudas
1616,1976,cuota universidad,269.51,Educacion
1617,17,compra libros de texto,579.06,Educacion
1618,476,compra libros de texto,734.38,Educacion
1619,1017,compra supermercado coto,210.79,Alimentacion
1620,210,compra compra cafeteria,141.42,Transporte
1621,499,curso de programacion,150.1,Educacion
1622,429,cuota prestamo auto,748.28,Alimentacion
1623,1330,cuota prestamo auto,711.56,Deudas
1624,2106,taxis de la ciudad,14.63,Transporte
1625,1554,salida al cine,44.45,Ocio
1626,1232,movimiento: juegos de consola,50.5,Ocio
1627,1535,compra farmacia,403.83,Salud
1628,1868,comprq panaderia,72.03,Alimentacion
1629,2570,abono telefonia movil,88.6,Servicios
1630,2629,curso de progrqmacion,456.62,Educacion
1631,1877,compra libros de texto,254.2,Educacion
1632,899,pago saldo refinanciado,647.51,Deudas
1633,1107,cuota universidad,714.77,Deudas
1634,2669,utiles escolares,740.23,Educacion
1635,1068,almacen san martin,355.67,Alimentacion
1636,1507,viaje cabify,44.35,Transporte
1637,2958,compra libros de texto,218.55,Educacion
1638,1668,factura luz edesur,198.44,Servicios
1639,493,cuota prepaga osde,465.76,Salud
1640,2547,compras fiambreria,109.4,Alimentacion
1641,605,viqje cabify,11.28,Transporte
1642,948,tarjeta optica lentes,451.96,Salud
1643,294,compra dolares banco,299.26,Alimentacion
1644,1172,pago tarjeta de credito,581.71,Deudas
1645,2019,pago de expensas comunes,1052.33,Vivienda
1646,172,pago saldo refinanciado,675.68,Transporte
1647,1587,compra dolares banco,273.97,Ahorros
1648,531,dentista limpieza,345.1,Salud
1649,1144,pqgo de compra cafeteria,60.55,Ocio
1650,1860,cuota prestamo banco,392.59,Deudas
1651,1761,impuestos municipales,72.5,Transporte
1652,2114,fac compra dolares banco,1008.86,Ahorros
1653,2189,pago de factura luz edesur,118.58,Servicios
1654,2494,pago de compra panaderia,321.6,Alimentacion
1655,189,compra dolares banco,622.84,Servicios
1656,158,matricula del colegio,107.81,Salud
1657,2718,entradas recital,73.44,Ocio
1658,1971,viaje cabify,55.29,Transporte
1659,246,viaje cabify,53.99,Transporte
1660,2904,reparacion electrica,685.68,Vivienda
1661,2992,expensas comunes,808.63,Vivienda
1662,2796,cuota universidad,372.48,Educacion
1663,2378,factura luz edesur,111.95,Ocio
1664,2560,comprq supermercado dia,370.17,Alimentacion
1665,850,expensas del edificio,1194.67,Vivienda
1666,1811,plazo fijo,139.91,Ahorros
1667,1095,cuota prestamo auto,891.89,Deudas
1668,1337,compra farmacia,271.32,Salud
1669,2127,suscripcion spotify,122.25,Ocio
1670,169,fondo comun de inversion,199.3,Ahorros
1671,2858,pago tarjeta de credito,185.09,Deudas
1672,2228,impuestos municipales,154.62,Servicios
1673,1652,servicio de agua aysa,78.98,Servicios
1674,2308,supermercado coto,327.8,Alimentacion
1675,1510,cuota jardin de infantes,347.75,Educacion
1676,1796,pago de abono internet fibertel,77.53,Alimentacion
1677,2345,combustible ypf,38.17,Transporte
1678,620,suscripcion spotify,56.84,Ocio
1679,2903,combustible ypf,16.82,Transporte
1680,2408,cuota prepaga osde,106.23,Salud
1681,2165,fac verduleria de la esquina,318.77,Alimentacion
1682,357,compra farmacia,70.56,Salud
1683,2487,qbono internet fibertel,147.79,Servicios
1684,1678,cuota universidad,559.47,Servicios
1685,1212,reparacion electrica,1141.33,Vivienda
1686,1305,comprq cuota prestamo banco,962.18,Deudas
1687,1535,cuota prestamo auto,728.31,Deudas
1688,1490,carniceria central,279.74,Alimentacion
1689,1964,fondo comun de inversion,1418.23,Ahorros
1690,1362,compra dolares banco,896.02,Ahorros
1691,2570,viaje uber,10.55,Transporte
1692,199,combustible shell,37.13,Transporte
1693,1788,pago saldo refinanciado,271.72,Deudas
1694,1074,suscripcion spotify,85.01,Ocio
1695,1166,compra farmacia,109.53,Salud
1696,1807,peaje autopista,34.43,Transporte
1697,1538,compra libros de texto,229.51,Salud
1698,2718,fac pago de intereses,987.46,Educacion
1699,31,cerveceria artesanal,68.44,Ocio
1700,2381,analisis de sangre,313.51,Salud
1701,660,compra dolares banco,1152.15,Ahorros
1702,2225,pago de intereses,608.28,Deudas
1703,2418,juegos de consola,141.93,Salud
1704,547,compra supermercado dia,74.13,Alimentacion
1705,2583,peaje autopista,64.08,Transporte
1706,1130,reparacion electrica,1168.04,Vivienda
1707,2145,peaje autopista,47.2,Transporte
1708,2278,pago de estudios clinicos,146.97,Vivienda
1709,2275,cuota prestamo banco,987.46,Deudas
1710,371,compra dolares banco,733.33,Vivienda
1711,1124,entradas recital,59.26,Ocio
1712,1469,pintura habitacion,498.91,Vivienda
1713,1492,viqje uber,33.77,Vivienda
1714,2103,impuestos municipales,107.47,Servicios
1715,2472,factura luz edesur,47.73,Servicios
1716,2363,plazo fijo,328.39,Ahorros
1717,1152,utiles escolares,106.23,Educacion
1718,2080,reparacion de cerradura,321.14,Vivienda
1719,93,juegos de consola,87.0,Ocio
1720,2567,combustible shell,21.32,Transporte
1721,1282,combustible ypf,16.15,Transporte
1722,2901,fondo comun de inversion,1261.68,Ahorros
1723,1926,pago de factura luz edesur,111.7,Servicios
1724,1244,servicio de qgua aysa,191.37,Servicios
1725,2800,utiles escolares,310.19,Educacion
1726,1572,movimiento: factura gas metrogas,122.09,Servicios
1727,416,plazo fijo,717.13,Ahorros
1728,2605,cuota jardin de infantes,581.69,Educacion
1729,2414,plazo fijo,1361.91,Ahorros
1730,1545,almacen san martin,93.89,Alimentacion
1731,2647,consulta medica de control,473.81,Salud
1732,2379,factura gas metrogas,149.09,Servicios
1733,689,pqgo alquiler mensual,1165.22,Educacion
1734,1666,pago de peaje autopista,44.27,Ahorros
1735,2059,medicamentos recetados,54.58,Salud
1736,2866,servicio de agua aysa,64.3,Servicios
1737,1531,cuota prestamo banco,201.43,Deudas
1738,419,fondo comun dw inversion,1294.86,Deudas
1739,1146,entradas recital,51.55,Ocio
1740,911,inversion en acciones,1332.15,Ahorros
1741,1355,reparacion de cerradura,1169.92,Vivienda
1742,1567,taller de ingles,408.53,Educacion
1743,2396,compra verduleria de la esquina,387.28,Alimentacion
1744,412,plqzo fijo,399.4,Educacion
1745,1248,fondo comun dw inversion,429.74,Ahorros
1746,153,fac compra dolares banco,1495.65,Ahorros
1747,1236,estudios clinicos,457.69,Salud
1748,92,cuota prestamo auto,193.24,Ahorros
1749,331,wstudios clinicos,416.2,Deudas
1750,1665,compra cafeteria,147.31,Ocio
1751,955,pago de utiles escolares,596.29,Educacion
1752,2602,pago de intereses,368.08,Deudas
1753,2978,compra farmacia,466.09,Salud
1754,1252,movimiento: carniceria central,294.29,Alimentacion
1755,194,transferencia ahorro mensual,488.27,Ahorros
1756,530,compra dolares banco,431.87,Ahorros
1757,2893,comprq farmacia,75.55,Salud
1758,1267,fac combustible ypf,19.64,Transporte
1759,1474,pago de reparacion de cerradura,611.75,Vivienda
1760,639,pago tarjeta de credito,647.78,Deudas
1761,1611,pago de cerveceria artesanal,123.21,Ocio
1762,1598,tarjeta compra panaderia,249.72,Alimentacion
1763,2526,cuota prestamo auto,321.67,Deudas
1764,2528,tarjeta cuota universidad,460.68,Educacion
1765,2336,cena restaurante,142.78,Ocio
1766,698,compra libros de texto,624.09,Educacion
1767,2046,cuota jardin de infantes,390.63,Educacion
1768,1702,medicamentos recetados,375.59,Salud
1769,2743,servicio de plomeria,741.72,Vivienda
1770,540,tarjeta matricula del colegio,156.85,Educacion
1771,330,taxis de la ciudad,70.7,Transporte
1772,470,tarjeta salida al cine,60.53,Ocio
1773,2897,peqje autopista,10.24,Transporte
1774,534,expensas comunes,251.89,Vivienda
1775,1963,compras fiambreria,349.08,Alimentacion
1776,467,compra ferreteria,1120.75,Vivienda
1777,2468,impuestos municipales,85.79,Ahorros
1778,762,pago de intereses,673.26,Deudas
1779,1006,viaje uber,29.03,Transporte
1780,891,fac dentista limpieza,298.07,Salud
1781,2356,carniceria central,321.67,Alimentacion
1782,1956,abono telefonia movil,52.06,Servicios
1783,2972,pintura habitacion,499.51,Vivienda
1784,2382,cuota prestamo banco,733.86,Deudas
1785,954,compra libros de texto,529.79,Educacion
1786,1444,movimiento: inversion en acciones,151.7,Ahorros
1787,1673,juegos de consolq,74.11,Ocio
1788,2837,carga sube,72.1,Transporte
1789,832,compra supermercado dia,62.28,Alimentacion
1790,844,carniceria central,276.77,Alimentacion
1791,2298,trqnsferencia ahorro mensual,1014.6,Ahorros
1792,1320,pago de supermercado carrefour,264.88,Alimentacion
1793,184,tarjeta analisis de sangre,471.63,Salud
1794,1284,carga sube,56.31,Transporte
1795,2847,fac reparacion electrica,758.94,Ocio
1796,1691,supermercado coto,255.85,Alimentacion
1797,2234,supermercado carrefour,58.28,Alimentacion
1798,1433,servicio de plomeria,1131.85,Vivienda
1799,2886,compra ferreteria,460.86,Vivienda
1800,1797,factura luz edesur,107.2,Servicios
1801,627,pago de cuota prestamo banco,414.08,Deudas
1802,2907,pago de intereses,938.26,Deudas
1803,2056,cuota prestamo banco,806.31,Deudas
1804,783,movimiento: compra dolares banco,1230.2,Ahorros
1805,1508,almacen san martin,379.93,Alimentacion
1806,1785,inversion en acciones,515.3,Ahorros
1807,775,pago de intereses,968.43,Deudas
1808,1760,almacen san martin,243.72,Alimentacion
1809,1864,impuestos municipales,58.82,Servicios
1810,1007,inversion en acciones,973.08,Ocio
1811,677,expensqs comunes,352.27,Deudas
1812,1831,plazo fijo,629.76,Ahorros
1813,211,compra supermercado dia,226.47,Alimentacion
1814,1337,compra dolares banco,306.02,Ahorros
1815,1628,suscripcion netflix,97.66,Ocio
1816,1361,expensas comunes,860.97,Salud
1817,490,tqller de ingles,619.88,Educacion
1818,1427,abono internet fibertel,157.94,Servicios
1819,2687,expensas del edificio,970.19,Vivienda
1820,191,pago de intereses,974.56,Deudas
1821,2719,consulta medica de control,166.1,Salud
1822,843,viaje uber,43.72,Transporte
1823,335,supermercado carrefour,203.96,Alimentacion
1824,1643,compra juegos de consola,24.23,Vivienda
1825,1111,compra viaje uber,52.83,Transporte
1826,579,pago de intereses,567.46,Deudas
1827,62,pago de servicio de plomeria,681.34,Vivienda
1828,387,compra dolares banco,1279.23,Ahorros
1829,1170,servicio de plomeria,590.87,Vivienda
1830,2201,compra ferreteria,570.86,Vivienda
1831,619,pago de intereses,171.05,Deudas
1832,1684,pago tarjeta de credito,171.9,Deudas
1833,2746,curso de programacion,259.02,Alimentacion
1834,1878,dentista limpieza,455.26,Salud
1835,2226,taxis de la ciudad,58.28,Transporte
1836,2895,compra dolares banco,1478.83,Ahorros
1837,487,pago de fondo comun de inversion,1329.02,Ahorros
1838,1278,utiles escolares,218.29,Educacion
1839,2548,cuota prestamo banco,967.96,Deudas
1840,541,servicio de agua aysa,192.44,Servicios
1841,1536,cuotq prepaga osde,148.47,Salud
1842,2061,cuota universidad,122.21,Transporte
1843,151,compra dolares banco,1464.68,Ahorros
1844,1074,pintura habitacion,1009.2,Vivienda
1845,1239,analisis de sangre,414.43,Salud
1846,991,factura luz edesur,96.22,Servicios
1847,2692,movimiento: pago tarjeta de credito,598.35,Deudas
1848,372,cuota universidad,629.63,Educacion
1849,1137,cuota prestamo auto,772.15,Deudas
1850,2300,cuota jardin de infantes,116.45,Educacion
1851,2101,transferencia ahorro mensual,1212.64,Ahorros
1852,1154,impuestos municipales,98.28,Servicios
1853,193,curso de programacion,718.8,Educacion
1854,2639,transferencia ahorro mensual,316.64,Ahorros
1855,1081,fac compra libros de texto,176.79,Educacion
1856,2145,pago saldo refinanciado,227.8,Deudas
1857,198,pago alquiler mensual,499.67,Vivienda
1858,2195,movimiento: compra dolares banco,873.39,Ahorros
1859,1599,cena restaurante,94.16,Ocio
1860,1601,cena restaurante,143.15,Ocio
1861,2771,optica lentes,249.99,Salud
1862,684,analisis de sangre,156.21,Salud
1863,333,expensqs del edificio,795.81,Vivienda
1864,1244,compra verduleria y fruteria,327.7,Alimentacion
1865,1422,compra cafeteria,74.22,Ocio
1866,1366,compra panaderia,191.43,Alimentacion
1867,1822,pintura habitacion,247.25,Vivienda
1868,2560,movimiento: abono internet fibertel,192.54,Servicios
1869,2220,cenq restaurante,52.45,Transporte
1870,1492,fac pago de intereses,998.31,Deudas
1871,1772,pago alquiler mensual,465.4,Vivienda
1872,2011,inversion en acciones,765.91,Salud
1873,2612,pago de cuota prestamo auto,341.33,Deudas
1874,2560,taller de ingles,464.49,Educacion
1875,1213,comprq cafeteria,22.28,Ocio
1876,1144,utiles escolares,742.69,Educacion
1877,105,comprq cafeteria,143.31,Ocio
1878,2722,verduleria de la esquina,78.02,Alimentacion
1879,807,movimiento: pago alquiler mensual,527.71,Vivienda
1880,1065,transferencia ahorro mensual,1335.76,Ahorros
1881,889,fac compra ferreteria,1047.3,Vivienda
1882,2924,combustible shell,59.56,Alimentacion
1883,2725,salida al cine,144.1,Ahorros
1884,321,combustible shell,26.75,Transporte
1885,2383,dentista limpieza,462.05,Salud
1886,2312,factura gas metrogas,45.32,Servicios
1887,2913,reparacion de cerradura,584.85,Vivienda
1888,1501,carniceria central,106.71,Alimentacion
1889,2400,fondo comun de inversion,857.1,Ahorros
1890,1569,cerveceria artesanal,139.84,Educacion
1891,1797,compra dolares banco,1420.82,Ahorros
1892,1520,optica lentes,155.69,Salud
1893,1919,compra libros de texto,313.0,Educacion
1894,1866,fondo comun dw inversion,1189.82,Ahorros
1895,1406,compra cafeteria,143.42,Ocio
1896,2724,tqrjeta combustible shell,10.73,Educacion
1897,1505,verduleria de la esquina,137.69,Alimentacion
1898,2967,plazo fijo,746.24,Ahorros
1899,1960,movimiento: carniceria central,147.41,Alimentacion
1900,5,matricula del colegio,172.7,Educacion
1901,2082,carniceria central,131.67,Alimentacion
1902,1169,compra libros de texto,370.15,Educacion
1903,2399,tarjeta curso de programacion,501.96,Educacion
1904,2631,impuestos municipales,196.87,Servicios
1905,2513,servicio de agua aysa,85.3,Servicios
1906,348,verduleria y fruteria,68.85,Alimentacion
1907,1766,plazo fijo,404.3,Ahorros
1908,125,verduleria de la esquina,113.56,Alimentacion
1909,1814,compra libros de texto,796.65,Educacion
1910,2405,tarjeta impuestos municipales,105.71,Ahorros
1911,2575,cuota prestamo banco,425.93,Deudas
1912,498,pago de combustible ypf,25.62,Transporte
1913,1177,verduleria de la esquina,379.92,Alimentacion
1914,53,servicio de plomeria,247.63,Vivienda
1915,149,compra ferreteria,565.45,Vivienda
1916,503,juegos de consola,57.87,Ocio
1917,870,verduleria de la esquina,197.3,Alimentacion
1918,219,verduleria de la esquina,216.96,Alimentacion
1919,1301,medicamentos recetados,313.45,Salud
1920,2500,taller de ingles,762.15,Educacion
1921,2131,salida al cine,39.01,Ocio
1922,738,cuota universidad,611.43,Educacion
1923,2575,tarjeta cuota universidad,370.68,Transporte
1924,2452,comprq dolares banco,551.1,Ahorros
1925,290,taxis de la ciudad,65.67,Transporte
1926,2468,supermercado carrefour,347.71,Alimentacion
1927,339,suscripcion netflix,52.93,Ahorros
1928,2825,fondo comun dw inversion,1199.86,Ahorros
1929,2759,impuestos municipales,170.55,Servicios
1930,1694,pago de intereses,797.18,Deudas
1931,1869,curso de programacion,600.72,Educacion
1932,987,compra reparacion de cerradura,1191.97,Vivienda
1933,959,tarjeta cena restaurante,74.75,Ocio
1934,1231,qnalisis de sangre,339.33,Salud
1935,2734,carniceria central,284.72,Alimentacion
1936,1289,movimiento: servicio de plomeria,899.22,Vivienda
1937,2007,compra dolares banco,522.1,Ahorros
1938,373,compra ferreteria,254.92,Vivienda
1939,1512,compra panaderia,121.39,Alimentacion
1940,531,expensas del edificio,354.26,Vivienda
1941,924,abono telefonia movil,112.67,Servicios
1942,23,tarjeta dentista limpieza,138.23,Salud
1943,2152,comprq cafeteria,139.14,Ocio
1944,241,compras fiambreria,375.68,Alimentacion
1945,1005,movimiento: reparacion de cerradura,370.49,Vivienda
1946,2951,pago de consulta medica de control,424.1,Salud
1947,1897,carniceria central,202.58,Alimentacion
1948,1166,consulta medica de control,336.3,Salud
1949,814,expensas del edificio,1184.15,Vivienda
1950,655,compra utiles escolares,216.67,Educacion
1951,783,cena restaurante,58.04,Ocio
1952,2355,pago de taxis de la ciudad,38.15,Transporte
1953,8,taxis de la ciudad,75.55,Transporte
1954,1715,suscripcion netflix,144.22,Ocio
1955,575,taller de ingles,715.13,Educacion
1956,912,compra verduleria y fruteria,193.25,Alimentacion
1957,518,optica lentes,295.49,Salud
1958,1542,matricula del colegio,544.0,Educacion
1959,483,carga sube,57.75,Transporte
1960,2255,fac almacen san martin,381.49,Alimentacion
1961,2717,compra dolares banco,433.75,Ahorros
1962,579,utiles escolares,333.32,Educacion
1963,387,viaje cabify,57.34,Transporte
1964,412,comprq servicio de plomeria,446.92,Vivienda
1965,1866,pago de medicamentos recetados,84.48,Salud
1966,1394,factura gas metrogas,46.04,Servicios
1967,1377,compra supermercado dia,131.3,Alimentacion
1968,1968,pago de pintura habitacion,736.78,Vivienda
1969,1360,abono telefonia movil,39.29,Servicios
1970,2939,cuotq universidad,698.67,Educacion
1971,906,expensas comunes,748.95,Vivienda
1972,1313,tarjeta expensas comunes,941.88,Vivienda
1973,963,viaje uber,63.67,Transporte
1974,965,pago saldo refinanciado,696.75,Deudas
1975,2188,pinturq habitacion,967.62,Vivienda
1976,1977,combustible shell,27.0,Transporte
1977,2348,pago de inversion en acciones,1249.87,Ahorros
1978,1037,factura gas metrogas,159.58,Servicios
1979,664,medicamentos recetados,432.48,Salud
1980,825,qbono telefonia movil,169.81,Servicios
1981,1888,fqc compras fiambreria,266.75,Alimentacion
1982,2448,verduleria y fruteria,228.7,Alimentacion
1983,992,pintura habitacion,698.12,Educacion
1984,1133,expensas del edificio,912.46,Vivienda
1985,2197,fac pago alquiler mensual,637.28,Vivienda
1986,1740,fac plazo fijo,703.16,Ahorros
1987,2355,suscripcion spotify,116.24,Ocio
1988,1084,consulta medica de control,51.19,Salud
1989,435,juegos de consola,127.28,Ocio
1990,21,fac colectivo linea 60,13.04,Transporte
1991,2923,carga sube,17.86,Transporte
1992,2430,qbono internet fibertel,197.38,Servicios
1993,2293,dentista limpieza,437.72,Salud
1994,1926,movimiento: servicio de agua aysa,122.68,Servicios
1995,1473,estudios clinicos,306.53,Salud
1996,1100,viaje cabify,76.47,Transporte
1997,2746,pago alquiler mensual,276.82,Vivienda
1998,2638,reparacion de cerradura,602.1,Educacion
1999,390,medicqmentos recetados,251.82,Salud
2000,2616,fondo comun de inversion,495.92,Ahorros
2001,1355,suscripcion netflix,108.33,Ocio
2002,2307,compra libros de texto,470.37,Servicios
2003,426,fac suscripcion spotify,41.17,Ocio
2004,1726,pago de intereses,376.03,Deudas
2005,1030,mqtricula del colegio,282.19,Educacion
2006,6,reparacion electrica,878.4,Deudas
2007,191,fac factura luz edesur,174.37,Servicios
2008,148,utiles escolqres,553.57,Ahorros
2009,405,movimiento: repqracion electrica,528.64,Vivienda
2010,258,tarjeta cuota universidad,655.29,Educacion
2011,2778,reparacion electrica,1094.19,Vivienda
2012,2138,cuota prestamo banco,485.73,Deudas
2013,824,pago de intereses,206.19,Deudas
2014,10,almacen san martin,311.26,Alimentacion
2015,1111,cuota prepaga osde,402.76,Salud
2016,838,movimiento: servicio de plomeria,1125.98,Vivienda
2017,988,viaje uber,18.77,Transporte
2018,625,utiles escolqres,602.72,Educacion
2019,30,pago saldo refinanciado,337.81,Deudas
2020,2176,taxis de la ciudad,26.67,Transporte
2021,2469,inversion en qcciones,485.88,Ahorros
2022,1079,impuestos municipales,123.36,Servicios
2023,2353,salida al cine,41.64,Ocio
2024,546,cuotq prestamo auto,580.88,Deudas
2025,1129,carga sube,49.0,Transporte
2026,1196,movimiento: curso de progrqmacion,661.38,Educacion
2027,1523,reparacion de cerradura,632.45,Vivienda
2028,2070,pago de intereses,748.12,Deudas
2029,2439,pago de compra panaderia,135.35,Alimentacion
2030,617,compra farmacia,346.26,Salud
2031,149,tarjeta cuota prestamo auto,389.64,Deudas
2032,1812,compra cuota jardin de infantes,789.23,Educacion
2033,2347,pago alquiler mensual,203.7,Vivienda
2034,172,entradas recital,35.41,Ocio
2035,47,curso de programacion,517.93,Educacion
2036,626,analisis de sangre,231.66,Salud
2037,1811,cuota universidad,221.97,Educacion
2038,2255,pintura habitacion,813.98,Vivienda
2039,453,verduleria de la esquina,284.05,Alimentacion
2040,1419,compra panaderia,126.74,Alimentacion
2041,2973,impuestos municipales,59.3,Servicios
2042,754,reparacion de cerradura,890.9,Vivienda
2043,2756,verduleria de la esquina,342.69,Alimentacion
2044,1009,compra compra cafeteria,128.78,Ocio
2045,2724,supermercado carrefour,321.97,Alimentacion
2046,2903,pago tarjeta de credito,748.51,Deudas
2047,2831,plazo fijo,1017.49,Alimentacion
2048,1134,cuota prepaga osde,305.72,Salud
2049,2732,factura gas metrogas,188.56,Servicios
2050,2912,fac taller de ingles,609.51,Educacion
2051,1226,optica lentes,421.62,Salud
2052,168,matricula del colegio,633.8,Educacion
2053,86,abono internet fibertel,163.61,Servicios
2054,1678,fqc factura gas metrogas,52.17,Servicios
2055,1983,plazo fijo,1072.66,Ahorros
2056,849,pago saldo refinanciado,356.67,Deudas
2057,1487,expensas del edificio,307.46,Vivienda
2058,442,cuota jardin de infantes,446.02,Educacion
2059,271,cuota jardin de infantes,700.67,Transporte
2060,1601,combustible ypf,45.69,Transporte
2061,344,abono internet fibertel,184.68,Servicios
2062,1207,fqctura luz edesur,142.65,Servicios
2063,2551,inversion en acciones,167.52,Ahorros
2064,2542,movimiento: compra dolares banco,367.94,Deudas
2065,1258,pintura habitacion,659.39,Vivienda
2066,2292,cuota universidad,379.38,Educacion
2067,1533,impuestos municipales,92.85,Servicios
2068,267,abono telefonia movil,162.84,Alimentacion
2069,1654,fac pago saldo refinanciado,595.63,Deudas
2070,893,pago de intereses,398.87,Deudas
2071,2249,fac combustible ypf,76.75,Transporte
2072,239,pago de inversion en acciones,516.07,Ahorros
2073,915,reparacion electrica,240.74,Vivienda
2074,1439,movimiento: verduleria y fruteria,229.59,Alimentacion
2075,2532,verduleria de la esquina,85.33,Alimentacion
2076,1461,curso de programacion,657.44,Educacion
2077,2294,fac factura luz edesur,31.97,Servicios
2078,1882,cuota universidad,676.31,Educacion
2079,2200,cuotq prepaga osde,408.81,Salud
2080,1416,impuestos municipales,148.42,Servicios
2081,2259,carniceria central,119.33,Alimentacion
2082,367,compras fiambreria,342.73,Alimentacion
2083,2992,carga sube,72.84,Transporte
2084,1594,compra panaderia,156.9,Alimentacion
2085,86,inversion en acciones,355.5,Ahorros
2086,1737,tarjeta pintura habitacion,427.29,Vivienda
2087,1658,abono telefonia movil,182.01,Servicios
2088,2042,cuotq jardin de infantes,640.55,Educacion
2089,2494,factura luz edesur,191.48,Servicios
2090,620,servicio de agua aysa,159.34,Servicios
2091,2352,supermercado carrefour,84.56,Alimentacion
2092,132,supermercado coto,392.8,Alimentacion
2093,904,cuota prepaga osde,308.59,Servicios
2094,988,movimiento: viaje uber,41.12,Transporte
2095,1222,factura luz edesur,58.3,Salud
2096,2095,compra farmacia,375.4,Salud
2097,1764,fac impuestos municipales,128.5,Transporte
2098,2805,plazo fijo,1015.5,Vivienda
2099,1227,verduleria de la esquina,241.76,Deudas
2100,1285,medicamentos recetados,183.12,Salud
2101,690,cena restaurante,25.11,Ocio
2102,1048,fondo comun de inversion,327.11,Ahorros
2103,687,pago de matricula del colegio,423.0,Educacion
2104,786,fac cuota prepaga osde,293.34,Salud
2105,340,pago tarjeta de credito,348.36,Deudas
2106,412,matricula del colegio,539.08,Educacion
2107,1997,cerveceria artesanal,131.09,Ocio
2108,286,viaje uber,26.42,Educacion
2109,1110,tarjeta expensas comunes,610.76,Vivienda
2110,850,compra supermercado dia,261.88,Alimentacion
2111,430,compra ferreteria,1120.12,Vivienda
2112,1605,verduleria de la esquina,227.93,Alimentacion
2113,31,pago alquiler mensual,262.13,Vivienda
2114,603,taxis de la ciudad,20.62,Transporte
2115,440,compra cafeteria,62.19,Ocio
2116,985,suscripcion spotify,62.35,Ocio
2117,1373,cuotq prestamo banco,827.53,Deudas
2118,1919,compra dolares banco,1319.7,Ahorros
2119,412,pago de intereses,480.43,Deudas
2120,528,supermercado carrefour,281.46,Alimentacion
2121,310,compra consulta medica de control,327.58,Salud
2122,2997,cerveceria artesanal,121.16,Ocio
2123,1812,almacen san martin,271.28,Alimentacion
2124,1362,pago saldo refinanciado,904.39,Deudas
2125,2722,juegos de consola,99.28,Ocio
2126,2039,supermercado coto,315.24,Alimentacion
2127,2485,combustible ypf,20.44,Transporte
2128,704,suscripcion netflix,109.42,Ocio
2129,663,compra cuota prestamo auto,302.39,Deudas
2130,365,cuota jardin de infantes,687.54,Educacion
2131,923,pago de verduleria y fruteria,303.17,Alimentacion
2132,2161,carga sube,65.73,Transporte
2133,176,fac expensas del edificio,1109.54,Vivienda
2134,1173,expensas del edificio,1191.95,Vivienda
2135,1202,factura luz edesur,97.58,Servicios
2136,936,viaje uber,41.04,Transporte
2137,382,impuestos municipales,88.84,Servicios
2138,1283,impuestos municipales,49.15,Servicios
2139,1213,factura luz edesur,33.61,Servicios
2140,306,dentista limpieza,332.91,Ahorros
2141,1402,entradas recital,85.75,Ocio
2142,602,entradas recital,144.54,Ocio
2143,2391,expensas comunes,353.23,Ahorros
2144,2204,carniceria central,385.43,Salud
2145,712,transferencia ahorro mensual,475.26,Ahorros
2146,1466,fac colectivo linea 60,21.23,Transporte
2147,403,inversion en acciones,1471.09,Ahorros
2148,614,pago tarjeta de credito,689.0,Deudas
2149,2845,compra panaderia,308.34,Alimentacion
2150,2671,tarjeta abono internet fibertel,96.98,Servicios
2151,1802,medicamentos recetados,425.59,Salud
2152,2651,inversion en acciones,1233.18,Ahorros
2153,177,movimiento: cuota universidad,215.15,Educacion
2154,449,consultq medica de control,472.13,Transporte
2155,743,tqrjeta pago tarjeta de credito,619.66,Deudas
2156,1565,optica lentes,309.43,Vivienda
2157,1979,pago de factura luz edesur,178.04,Servicios
2158,2349,servicio de agua aysa,175.02,Servicios
2159,2755,servicio de agua aysa,60.37,Servicios
2160,307,compra panaderia,320.47,Alimentacion
2161,751,taller de ingles,436.2,Educacion
2162,869,compra panaderia,230.41,Alimentacion
2163,214,qbono internet fibertel,130.01,Servicios
2164,1618,cuota prestamo auto,496.62,Deudas
2165,1664,qbono internet fibertel,85.1,Servicios
2166,2531,pago de compra panaderia,95.02,Alimentacion
2167,1598,medicamentos recetados,149.05,Salud
2168,2181,cuota prepaga osde,378.66,Salud
2169,1673,factura gas metrogas,78.55,Servicios
2170,512,reparacion de cerradura,321.11,Vivienda
2171,2259,cuota prepaga osde,148.85,Salud
2172,987,pago de suscripcion netflix,25.05,Ocio
2173,2765,cerveceria artesanal,24.26,Ocio
2174,253,utiles escolares,696.5,Educacion
2175,38,cerveceria artesanal,35.87,Ocio
2176,629,optica lentes,47.41,Salud
2177,987,mqtricula del colegio,756.58,Educacion
2178,1726,compra dolares banco,477.03,Ahorros
2179,2094,compra ferreteria,974.37,Vivienda
2180,1478,carga sube,48.14,Transporte
2181,1702,movimiento: cuota jardin de infantes,206.82,Educacion
2182,305,dentista limpieza,189.91,Salud
2183,1739,opticq lentes,138.5,Salud
2184,2281,expensas del edificio,785.36,Vivienda
2185,245,pintura habitacion,1047.97,Vivienda
2186,1745,pqgo de matricula del colegio,664.92,Educacion
2187,2808,factura gas metrogas,140.23,Servicios
2188,2887,expensas del edificio,245.46,Vivienda
2189,2206,impuestos municipales,87.71,Salud
2190,1025,inversion en acciones,801.07,Ahorros
2191,217,optica lentes,345.74,Salud
2192,2976,cuota universidad,239.4,Educacion
2193,507,reparacion de cerradura,639.84,Vivienda
2194,761,transferencia ahorro mensual,1213.2,Ahorros
2195,2952,utiles escolares,752.1,Educacion
2196,2629,viaje cabify,44.52,Transporte
2197,1054,verduleria de la esquina,198.19,Alimentacion
2198,2675,servicio de agua aysa,47.4,Servicios
2199,2568,almacen san martin,334.63,Alimentacion
2200,1905,pqgo tarjeta de credito,254.47,Deudas
2201,275,transferencia ahorro mensual,694.66,Ahorros
2202,492,factura gas metrogas,159.38,Servicios
2203,827,plazo fijo,859.38,Ahorros
2204,951,entradas recital,106.15,Ocio
2205,2974,abono telefonia movil,105.57,Servicios
2206,2895,comprq farmacia,408.86,Salud
2207,1179,compra dolares banco,783.1,Ahorros
2208,1101,compra farmacia,273.76,Salud
2209,1637,compra juegos de consola,111.3,Servicios
2210,1456,expensas del edificio,343.99,Vivienda
2211,39,plazo fijo,949.46,Ahorros
2212,2287,verduleria de la esquina,312.13,Alimentacion
2213,2170,compra dolares banco,572.86,Ahorros
2214,144,pago alquiler mensual,818.01,Vivienda
2215,2732,compra libros de texto,448.88,Educacion
2216,2503,supermercado carrefour,52.86,Alimentacion
2217,2416,compra supermercado dia,274.61,Alimentacion
2218,759,juegos de consola,44.95,Ocio
2219,247,compra supermercado dia,354.06,Alimentacion
2220,2971,viqje uber,27.76,Transporte
2221,765,medicamentos recetados,68.65,Salud
2222,2423,impuestos municipales,109.32,Servicios
2223,1315,combustible shell,55.19,Transporte
2224,207,curso de programacion,118.93,Educacion
2225,2019,transferencia ahorro mensual,646.82,Ahorros
2226,2567,pago saldo refinanciado,500.51,Vivienda
2227,2290,pago saldo refinanciado,324.34,Deudas
2228,2867,viaje uber,52.42,Alimentacion
2229,2350,movimiento: compra supermercado dia,299.53,Alimentacion
2230,1318,plazo fijo,1349.49,Ahorros
2231,701,reparacion de cerradura,378.49,Vivienda
2232,288,plazo fijo,725.59,Ahorros
2233,2202,compra abono internet fibertel,133.3,Servicios
2234,1594,entradas recital,72.59,Ocio
2235,2471,fondo comun de inversion,408.39,Ahorros
2236,850,fac expensas del edificio,1089.07,Vivienda
2237,50,supermercado carrefour,280.2,Alimentacion
2238,1231,cuotq jardin de infantes,531.44,Educacion
2239,2612,compra cafeteria,143.07,Ocio
2240,2902,suscripcion netflix,68.71,Ocio
2241,2931,compra supermercado dia,70.18,Alimentacion
2242,2710,abono internet fibertel,171.63,Servicios
2243,2613,pago saldo refinanciado,820.4,Deudas
2244,2261,curso de programacion,140.13,Educacion
2245,1909,pago de viaje cabify,43.47,Vivienda
2246,2859,viaje cabify,56.75,Transporte
2247,2898,movimiento: cuotq jardin de infantes,494.11,Educacion
2248,1687,abono telefonia movil,154.49,Servicios
2249,1741,abono internet fibertel,83.14,Transporte
2250,1344,expensas comunes,748.47,Servicios
2251,1791,compra farmacia,483.58,Salud
2252,2929,fondo comun de inversion,230.95,Ahorros
2253,1961,servicio de agua aysa,158.9,Servicios
2254,1089,taxis de la ciudad,44.43,Transporte
2255,1156,compra carniceria central,259.87,Alimentacion
2256,2382,combustible shell,23.71,Transporte
2257,32,analisis de sangre,153.16,Salud
2258,868,tqller de ingles,345.63,Educacion
2259,2946,analisis de sangre,207.95,Salud
2260,1267,compra dolares banco,1240.17,Ahorros
2261,1216,comprq reparacion electrica,569.71,Vivienda
2262,1166,servicio de agua aysa,175.09,Servicios
2263,1684,compra compra ferreteria,1174.1,Vivienda
2264,601,medicqmentos recetados,170.24,Salud
2265,2026,supermercado coto,165.02,Alimentacion
2266,1585,plazo fijo,862.68,Ahorros
2267,988,verduleria y fruteria,81.21,Alimentacion
2268,1215,pago de carniceria central,185.59,Alimentacion
2269,1966,compra verduleria y fruteria,141.93,Alimentacion
2270,2647,cuota universidad,438.87,Educacion
2271,1440,factura gas metrogas,44.61,Servicios
2272,520,abono telefonia movil,115.21,Servicios
2273,1759,carniceria central,142.94,Alimentacion
2274,869,compra cafeteria,36.71,Ocio
2275,2064,inversion en acciones,629.96,Ahorros
2276,1832,entradas recital,149.88,Ocio
2277,1130,pago alquiler mensual,1191.68,Vivienda
2278,283,comprq dolares banco,1437.65,Ahorros
2279,361,tarjeta optica lentes,68.25,Salud
2280,1059,pago alquiler mensual,298.52,Vivienda
2281,2161,servicio de plomeria,879.86,Vivienda
2282,2356,expensas del edificio,952.5,Vivienda
2283,1935,compra salida al cine,104.2,Ocio
2284,959,factura luz edesur,100.8,Servicios
2285,1077,inversion en acciones,534.03,Ahorros
2286,1105,consultq medica de control,446.25,Salud
2287,1640,movimiento: cuota prestamo auto,833.6,Deudas
2288,2882,cuota prestamo banco,300.25,Deudas
2289,1393,supermercqdo coto,275.02,Educacion
2290,2290,curso de programacion,245.33,Educacion
2291,31,pago de matricula del colegio,552.57,Educacion
2292,704,cuota prestamo auto,809.84,Deudas
2293,869,cuota prestamo banco,325.94,Deudas
2294,1385,taxis de la ciudad,10.72,Transporte
2295,233,optica lentes,292.42,Vivienda
2296,1058,colectivo linea 60,55.55,Transporte
2297,1267,fac compra panaderia,379.36,Alimentacion
2298,951,peqje autopista,30.38,Transporte
2299,59,suscripcion spotify,97.23,Ocio
2300,2819,compra supermercado dia,177.5,Alimentacion
2301,2766,cerveceria artesanal,125.14,Ocio
2302,302,supermercado carrefour,257.05,Alimentacion
2303,2851,viaje uber,17.96,Transporte
2304,2945,cuota prestamo banco,873.09,Deudas
2305,2046,compra cafeteria,112.94,Ocio
2306,2160,transferencia ahorro mensual,904.04,Ahorros
2307,1924,compras fiambreria,332.11,Alimentacion
2308,317,matricula del colegio,759.5,Educacion
2309,1889,factura luz edesur,193.93,Salud
2310,1169,fondo comun dw inversion,874.9,Ahorros
2311,2716,trqnsferencia ahorro mensual,1330.99,Ahorros
2312,690,compra ferreteria,500.15,Vivienda
2313,1882,movimiento: expensas comunes,362.23,Vivienda
2314,1954,reparacion electrica,999.81,Vivienda
2315,18,consulta medica de control,233.5,Salud
2316,1179,pago saldo refinanciado,173.93,Deudas
2317,1530,cuotq universidad,226.43,Educacion
2318,778,abono internet fibertel,47.85,Servicios
2319,360,salida al cine,149.84,Ocio
2320,332,inversion en acciones,622.94,Ahorros
2321,1942,analisis de sangre,320.84,Salud
2322,528,cena restaurante,34.2,Ocio
2323,2060,medicamentos recetados,468.75,Salud
2324,1099,pago de combustible ypf,31.75,Alimentacion
2325,212,optica lentes,270.81,Salud
2326,1715,compra combustible ypf,24.05,Transporte
2327,2689,combustible ypf,71.63,Transporte
2328,2331,servicio de agua aysa,132.86,Servicios
2329,2828,comprq dentista limpieza,271.25,Salud
2330,1054,pago tarjeta de credito,575.46,Vivienda
2331,1033,carga sube,16.2,Transporte
2332,1333,factura gas metrogas,75.63,Servicios
2333,1334,dentista limpieza,149.26,Salud
2334,2725,plazo fijo,1307.01,Ahorros
2335,2753,impuestos municipales,135.97,Servicios
2336,2474,fac transferencia ahorro mensual,1402.06,Ahorros
2337,1841,viaje cabify,67.28,Transporte
2338,1796,salida al cine,67.88,Ocio
2339,1728,cuota jardin de infantes,506.57,Educacion
2340,591,tarjeta colectivo linea 60,61.95,Transporte
2341,1715,reparacion de cerradura,567.52,Deudas
2342,2139,expensas comunes,698.24,Vivienda
2343,456,cuotq prestamo auto,324.75,Deudas
2344,444,movimiento: factura luz edesur,125.2,Servicios
2345,79,curso de programacion,698.67,Educacion
2346,1499,compra dolares banco,971.81,Ahorros
2347,927,compra panaderia,327.15,Alimentacion
2348,2151,reparacion de cerradura,1101.16,Vivienda
2349,623,cuota universidad,716.29,Educacion
2350,1480,pago tarjeta de credito,885.9,Deudas
2351,234,medicamentos recetados,153.19,Salud
2352,1618,cuota universidad,781.28,Educacion
2353,2692,analisis de sangre,261.49,Salud
2354,2031,abono internet fibertel,197.78,Servicios
2355,2838,analisis de sangre,489.55,Salud
2356,387,fac abono internet fibertel,57.22,Servicios
2357,2895,viaje cabify,33.81,Transporte
2358,1635,factura gas metrogas,47.47,Servicios
2359,38,compra transferencia ahorro mensual,1257.53,Educacion
2360,1185,curso de programacion,142.23,Educacion
2361,1486,entradas recital,143.64,Ocio
2362,1968,compra farmacia,474.39,Salud
2363,1473,mqtricula del colegio,409.1,Educacion
2364,241,utiles escolares,584.77,Educacion
2365,1050,dentista limpieza,152.3,Salud
2366,1672,pago de intereses,462.03,Deudas
2367,562,suscripcion spotify,32.77,Ocio
2368,2000,compra estudios clinicos,365.17,Salud
2369,806,carniceria central,386.54,Alimentacion
2370,1930,verduleria de la esquina,189.04,Alimentacion
2371,2346,pago de taxis de la ciudad,17.64,Transporte
2372,805,cuota universidad,634.57,Educacion
2373,2202,qbono internet fibertel,55.69,Servicios
2374,2780,carniceria central,156.68,Alimentacion
2375,1676,carniceria central,214.69,Alimentacion
2376,2516,reparacion electrica,537.05,Ahorros
2377,2097,compra cafeteria,142.75,Ocio
2378,1678,compra dolares banco,300.51,Ahorros
2379,46,supermercado carrefour,215.64,Alimentacion
2380,2828,cuota jardin de infantes,712.61,Educacion
2381,1652,inversion en acciones,1192.81,Ahorros
2382,82,pago tarjeta de credito,284.85,Deudas
2383,2321,abono telefonia movil,119.55,Servicios
2384,2442,combustible shell,68.03,Ocio
2385,1810,compra dolares banco,1180.65,Ahorros
2386,790,pago de intereses,933.2,Deudas
2387,595,fondo comun de inversion,1370.24,Ahorros
2388,2106,pago de inversion en acciones,733.66,Educacion
2389,2613,fondo comun dw inversion,165.47,Ahorros
2390,1,dentista limpieza,204.26,Salud
2391,2264,factura gas metrogas,95.1,Servicios
2392,1497,compras fiambreria,295.96,Alimentacion
2393,766,plazo fijo,1295.93,Ahorros
2394,671,compra dolares banco,1424.38,Ocio
2395,2559,optica lentes,113.52,Salud
2396,1602,matricula del colegio,494.65,Educacion
2397,915,cuota prestamo auto,877.11,Deudas
2398,1845,cena restaurante,44.28,Ocio
2399,1996,fondo comun de inversion,850.22,Ahorros
2400,95,consulta medica de control,180.16,Salud
2401,493,abono internet fibertel,52.12,Servicios
2402,2813,cena restaurante,93.06,Ocio
2403,150,cuota jardin de infantes,213.44,Educacion
2404,1047,servicio de plomeriq,490.93,Vivienda
2405,2804,utiles escolares,686.68,Educacion
2406,1239,reparacion electrica,461.58,Vivienda
2407,399,compra cuota prepaga osde,296.7,Salud
2408,2458,fqctura luz edesur,129.74,Servicios
2409,2179,juegos de consola,22.42,Ocio
2410,855,reparacion de cerradura,545.42,Vivienda
2411,2196,fondo comun de inversion,241.19,Ahorros
2412,381,supermercado coto,377.54,Alimentacion
2413,552,verduleria de la esquina,152.18,Alimentacion
2414,295,pqgo de inversion en acciones,997.04,Ahorros
2415,1144,servicio de agua aysa,96.73,Servicios
2416,456,combustible shell,69.9,Transporte
2417,1554,taller de ingles,265.66,Educacion
2418,169,servicio de plomeria,245.06,Vivienda
2419,710,compra supermercado dia,134.58,Alimentacion
2420,1947,plazo fijo,728.01,Ahorros
2421,2020,suscripcion netflix,84.75,Ocio
2422,2085,suscripcion netflix,122.64,Ocio
2423,1722,repqracion de cerradura,335.65,Vivienda
2424,1285,carga sube,11.88,Transporte
2425,2279,cuota prestamo auto,386.16,Transporte
2426,254,pqgo tarjeta de credito,441.24,Deudas
2427,2377,medicamentos recetados,67.15,Salud
2428,1321,abono telefonia movil,179.2,Servicios
2429,2058,abono telefonia movil,112.37,Servicios
2430,2494,matricula del colegio,223.61,Educacion
2431,2970,cuota jardin de infantes,667.06,Educacion
2432,2884,pago saldo refinanciado,682.82,Deudas
2433,2126,servicio de plomeria,1084.01,Vivienda
2434,2241,verduleria y fruteria,81.25,Alimentacion
2435,401,carniceria central,173.53,Alimentacion
2436,2157,inversion en acciones,1035.57,Ahorros
2437,2840,comprq ferreteria,910.39,Vivienda
2438,1947,verduleria y fruteria,77.46,Alimentacion
2439,2311,carga sube,29.26,Transporte
2440,2377,servicio de agua aysa,126.91,Servicios
2441,363,carga sube,53.49,Transporte
2442,2307,almacen san martin,397.03,Deudas
2443,1359,compra dolares banco,1086.88,Ahorros
2444,85,taller de ingles,642.36,Educacion
2445,1546,pago alquiler mensual,612.77,Vivienda
2446,1825,pago alquiler mensual,301.36,Vivienda
2447,308,compras fiambreria,131.52,Alimentacion
2448,262,fac compra farmacia,299.24,Salud
2449,1922,compra supermercado dia,315.82,Alimentacion
2450,2845,curso de programacion,510.01,Educacion
2451,631,mqtricula del colegio,176.17,Educacion
2452,680,compra dolares banco,777.86,Ahorros
2453,865,pago saldo refinanciado,579.39,Deudas
2454,2372,pago de matricula del colegio,392.82,Educacion
2455,2973,cuota universidad,158.44,Educacion
2456,1726,abono internet fibertel,33.26,Servicios
2457,1852,peaje autopista,53.07,Transporte
2458,727,abono internet fibertel,139.37,Servicios
2459,1261,verduleriq de la esquina,89.38,Alimentacion
2460,1649,matricula del colegio,503.85,Educacion
2461,217,compra cafeteria,85.93,Ocio
2462,1270,verduleria y fruteria,329.15,Alimentacion
2463,448,tarjeta transferencia ahorro mensual,1294.94,Ahorros
2464,319,inversion en acciones,1185.03,Ahorros
2465,1910,carniceria central,69.34,Alimentacion
2466,2085,expensas del edificio,939.74,Vivienda
2467,2779,pago saldo refinanciado,430.25,Deudas
2468,1058,carga sube,61.73,Transporte
2469,39,pago de intereses,785.53,Deudas
2470,1603,pago de inversion en acciones,1105.53,Ahorros
2471,2257,fondo comun de inversion,404.24,Ahorros
2472,830,fac supermercado coto,315.62,Alimentacion
2473,856,inversion en acciones,717.27,Ahorros
2474,2947,reparacion electrica,763.64,Vivienda
2475,2649,cuotq prestamo auto,426.83,Deudas
2476,2808,inversion en acciones,855.7,Ahorros
2477,1859,estudios clinicos,247.9,Salud
2478,1103,suscripcion spotify,105.32,Ocio
2479,1501,cuota prepaga osde,319.73,Salud
2480,2482,compra panaderia,265.38,Alimentacion
2481,1821,pago de cerveceria artesanal,65.37,Ocio
2482,842,compra libros de texto,291.36,Educacion
2483,2080,comprq farmacia,184.65,Salud
2484,2441,servicio de plomeriq,652.63,Vivienda
2485,1256,compra combustible shell,77.47,Transporte
2486,2958,pintura habitacion,669.03,Vivienda
2487,2240,expensas del edificio,851.07,Vivienda
2488,1940,movimiento: cuota prepaga osde,408.6,Salud
2489,270,suscripcion spotify,112.0,Ocio
2490,2786,compra panaderia,210.07,Alimentacion
2491,2125,transferencia ahorro mensual,550.32,Ahorros
2492,735,analisis de sangre,218.08,Salud
2493,884,estudios clinicos,350.35,Salud
2494,2332,optica lentes,301.39,Salud
2495,1113,factura luz edesur,174.4,Servicios
2496,2592,pago tarjeta de credito,351.14,Deudas
2497,649,combustible shell,55.47,Transporte
2498,1180,supermercado coto,344.32,Alimentacion
2499,2298,utiles escolares,200.28,Deudas
2500,2143,pago de cuota prestamo banco,620.9,Deudas
2501,17,cuota prepaga osde,382.69,Salud
2502,117,juegos de consola,74.16,Ocio
2503,983,cuota prepaga osde,446.07,Salud
2504,2381,suscripcion netflix,80.53,Ocio
2505,1847,expensas del edificio,310.24,Vivienda
2506,1546,compra factura luz edesur,73.48,Servicios
2507,2694,supermercado carrefour,364.23,Alimentacion
2508,2164,compra supermercado dia,234.76,Alimentacion
2509,963,cuota jardin de infantes,782.14,Educacion
2510,1277,compra dolares banco,690.69,Ahorros
2511,847,matricula del colegio,736.04,Educacion
2512,2364,pqgo alquiler mensual,824.91,Vivienda
2513,2858,pago de intereses,158.59,Deudas
2514,372,compra libros de texto,737.42,Educacion
2515,2808,supermercado coto,165.35,Alimentacion
2516,2925,fac factura gas metrogas,70.31,Servicios
2517,1607,expensas del edificio,861.62,Vivienda
2518,156,matricula del colegio,764.35,Alimentacion
2519,2662,suscripcion spotify,106.87,Ocio
2520,2556,impuestos municipqles,141.19,Servicios
2521,465,viaje uber,47.42,Transporte
2522,783,supermercado carrefour,151.87,Ocio
2523,804,fac medicamentos recetados,195.82,Salud
2524,220,supermercado coto,121.92,Alimentacion
2525,2063,pqgo alquiler mensual,582.1,Vivienda
2526,1774,juegos de consola,26.71,Ocio
2527,117,matricula del colegio,107.18,Educacion
2528,2379,servicio de plomeria,1128.21,Vivienda
2529,2104,factura gas metrogas,77.07,Servicios
2530,1375,movimiento: suscripcion netflix,104.83,Ocio
2531,2019,estudios clinicos,71.68,Salud
2532,308,fac plazo fijo,335.6,Ahorros
2533,222,movimiento: cuota universidad,720.32,Educacion
2534,1197,supermercado carrefour,58.75,Alimentacion
2535,797,fac salida al cine,134.05,Ocio
2536,1530,cuota jardin de infantes,113.87,Educacion
2537,151,pago de intereses,799.84,Deudas
2538,1721,expensas del edificio,616.77,Vivienda
2539,1557,verduleriq y fruteria,391.47,Alimentacion
2540,112,taxis de la ciudad,15.82,Transporte
2541,683,tarjeta cuota prestamo banco,274.56,Deudas
2542,1162,pago de intereses,630.14,Deudas
2543,2380,matricula del colegio,202.29,Educacion
2544,1566,juegos de consola,93.88,Ocio
2545,893,peaje autopista,74.29,Transporte
2546,1331,transferencia ahorro mensual,819.0,Ahorros
2547,161,salida al cine,127.94,Ocio
2548,1426,plazo fijo,813.47,Ahorros
2549,278,optica lentes,210.54,Salud
2550,1557,salida al cine,43.4,Ocio
2551,2945,tarjeta cuota universidad,562.64,Educacion
2552,497,fondo comun de inversion,782.9,Ahorros
2553,1396,compra supermercado dia,328.42,Alimentacion
2554,1916,plazo fijo,1148.52,Ahorros
2555,655,cuota universidad,689.17,Educacion
2556,303,supermercado coto,120.33,Alimentacion
2557,438,pago tarjeta de credito,297.33,Deudas
2558,2774,factura gas metrogas,104.86,Servicios
2559,186,suscripcion nwtflix,145.69,Ocio
2560,1590,pago de viaje uber,76.64,Transporte
2561,673,compra libros de texto,313.45,Educacion
2562,1274,pago de optica lentes,72.29,Salud
2563,1001,combustible ypf,16.26,Transporte
2564,2327,supermercado carrefour,147.04,Alimentacion
2565,683,compra dolares banco,1420.48,Ahorros
2566,1719,movimiento: viaje cabify,48.23,Deudas
2567,925,comprqs fiambreria,363.25,Alimentacion
2568,2428,abono telefonia movil,179.8,Servicios
2569,2883,compra dolares banco,1248.55,Ahorros
2570,999,cerveceriq artesanal,21.95,Ocio
2571,285,pago tarjeta de credito,310.12,Deudas
2572,421,servicio de agua aysa,100.38,Servicios
2573,2161,transferencia ahorro mensual,1296.27,Ahorros
2574,2276,factura luz edesur,63.27,Servicios
2575,1495,entradas recital,91.73,Ocio
2576,528,compra verduleria de la esquina,371.28,Alimentacion
2577,2544,transferencia ahorro mensual,777.07,Ahorros
2578,31,compra libros de texto,585.05,Educacion
2579,162,carga sube,43.4,Transporte
2580,1842,pago de intereses,880.8,Deudas
2581,705,movimiento: servicio de plomeria,835.9,Vivienda
2582,722,optica lentes,329.91,Salud
2583,1402,comprq panaderia,102.59,Alimentacion
2584,446,cuota universidad,362.74,Ocio
2585,2792,compra optica lentes,149.82,Salud
2586,427,reparacion electrica,1190.39,Vivienda
2587,2552,compra dolares banco,1057.09,Ahorros
2588,1551,impuestos municipales,180.71,Servicios
2589,1968,cuota jardin de infantes,182.2,Educacion
2590,721,cuota prestamo banco,520.03,Deudas
2591,2732,juegos de consolq,56.1,Ocio
2592,1802,peaje autopista,46.21,Transporte
2593,2630,abono internet fibertel,159.36,Servicios
2594,1965,compra supermercado dia,382.74,Alimentacion
2595,1058,medicamentos recetados,78.2,Salud
2596,2045,pago de supermercado carrefour,361.04,Alimentacion
2597,736,fac carniceria central,338.16,Alimentacion
2598,2739,compra libros de texto,656.12,Educacion
2599,758,movimiento: compra cafeteria,124.8,Educacion
2600,1796,dentistq limpieza,318.65,Salud
2601,1644,movimiento: consulta medica de control,228.85,Salud
2602,754,analisis de sangre,254.34,Salud
2603,24,compra compra supermercado dia,320.2,Alimentacion
2604,1240,curso de programacion,263.29,Transporte
2605,55,pago de supermercado coto,202.35,Alimentacion
2606,1305,tarjeta compra farmacia,192.52,Salud
2607,2852,entradas recital,85.44,Deudas
2608,2375,suscripcion spotify,90.91,Ocio
2609,970,compra optica lentes,243.19,Salud
2610,2234,fac plazo fijo,1176.44,Ahorros
2611,2543,cuota prestamo auto,714.05,Deudas
2612,434,cuota prepaga osde,391.88,Salud
2613,208,taller de ingles,422.54,Educacion
2614,133,cuota universidad,340.73,Educacion
2615,1363,curso de programacion,501.24,Educacion
2616,1220,analisis de sangre,437.45,Salud
2617,1286,curso de programacion,385.23,Transporte
2618,1306,tarjeta taller de ingles,316.91,Educacion
2619,369,pago alquiler mensual,1064.27,Vivienda
2620,1207,expensas comunes,1035.22,Vivienda
2621,2471,fac taxis de la ciudad,49.92,Transporte
2622,2292,compra dolares banco,1181.66,Ahorros
2623,782,impuestos municipqles,190.8,Servicios
2624,2672,pago de verduleria de la esquina,305.86,Alimentacion
2625,567,movimiento: taller de ingles,652.97,Educacion
2626,527,tarjeta viaje uber,28.9,Transporte
2627,37,cena restaurante,144.22,Ocio
2628,178,abono telefonia movil,189.27,Servicios
2629,639,carga sube,71.34,Transporte
2630,2900,cerveceria artesanal,91.33,Ocio
2631,72,consulta medica de control,427.46,Salud
2632,2400,compra dolares banco,725.72,Ahorros
2633,2671,compra ferreteria,1054.92,Vivienda
2634,1173,dentista limpieza,233.9,Salud
2635,1721,compra farmacia,145.71,Salud
2636,105,compra taxis de la ciudad,12.4,Transporte
2637,1683,compra dolares banco,464.81,Ahorros
2638,221,pago saldo refinanciado,603.65,Deudas
2639,1850,compra matricula del colegio,110.35,Educacion
2640,863,plazo fijo,1089.08,Transporte
2641,2566,peaje autopista,10.14,Transporte
2642,299,suscripcion netflix,79.33,Ocio
2643,2909,qbono internet fibertel,164.35,Servicios
2644,42,tarjeta suscripcion spotify,83.44,Ocio
2645,771,compra farmacia,93.31,Salud
2646,2945,plazo fijo,189.79,Ahorros
2647,2540,cuota prestamo banco,797.5,Deudas
2648,1463,pago de intereses,832.64,Deudas
2649,2133,pago tarjeta de credito,405.96,Deudas
2650,1710,inversion en acciones,720.91,Ahorros
2651,991,compra panaderia,122.64,Alimentacion
2652,711,pqgo de intereses,406.27,Deudas
2653,209,peaje autopista,28.52,Transporte
2654,1272,comprq ferreteria,397.21,Vivienda
2655,1235,compra supermercado dia,55.53,Alimentacion
2656,39,compra cafeteria,127.83,Salud
2657,1276,almacen san martin,264.97,Alimentacion
2658,2974,matricula del colegio,246.58,Educacion
2659,1827,compra dolares banco,149.92,Vivienda
2660,762,verduleria de la esquina,395.35,Alimentacion
2661,1437,compra dolares banco,124.95,Deudas
2662,2994,servicio de plomeriq,308.52,Vivienda
2663,1470,cuota prepaga osde,451.53,Salud
2664,2100,movimiento: pago tarjeta de credito,219.87,Deudas
2665,374,movimiento: entradas recital,20.32,Ocio
2666,931,impuestos municipales,69.97,Servicios
2667,156,plazo fijo,399.67,Ahorros
2668,1566,compra cuota jardin de infantes,525.02,Educacion
2669,1114,viaje cabify,27.34,Transporte
2670,2727,consulta medica de control,322.04,Salud
2671,2399,analisis de sangre,125.39,Salud
2672,2117,pago de reparacion de cerradura,293.58,Vivienda
2673,1266,abono telefonia movil,196.63,Servicios
2674,654,cerveceria artesanal,91.17,Ocio
2675,63,opticq lentes,170.98,Salud
2676,509,abono telefonia movil,160.09,Servicios
2677,2340,pago alquiler mensual,501.46,Vivienda
2678,1688,fac cuota prestamo banco,405.68,Deudas
2679,1448,fqctura gas metrogas,58.31,Servicios
2680,1693,compra impuestos municipales,173.53,Servicios
2681,2869,pago de plazo fijo,121.75,Ahorros
2682,1389,cuota prestamo auto,695.84,Deudas
2683,2198,verduleria de la esquina,335.31,Alimentacion
2684,1295,abono telefonia movil,73.89,Servicios
2685,2929,compra optica lentes,73.47,Salud
2686,1605,compra ferreteria,797.6,Vivienda
2687,1140,suscripcion netflix,118.77,Ocio
2688,704,cuota jardin de infantes,301.4,Educacion
2689,516,cuotq prestamo auto,637.04,Deudas
2690,1938,peaje autopista,54.47,Transporte
2691,1834,compra libros de texto,776.13,Educacion
2692,1265,tarjeta curso de programacion,787.75,Educacion
2693,30,medicamentos recetados,233.65,Salud
2694,326,compra libros de texto,161.98,Educacion
2695,2997,reparacion electrica,624.14,Vivienda
2696,16,fac curso de programacion,451.27,Educacion
2697,111,fondo comun de inversion,253.42,Ahorros
2698,2920,compra abono internet fibertel,166.14,Servicios
2699,2761,almacen san martin,163.18,Alimentacion
2700,107,optica lentes,491.84,Salud
2701,2427,trqnsferencia ahorro mensual,455.1,Ahorros
2702,2210,pago alquiler mensual,452.85,Vivienda
2703,283,expensas del edificio,836.71,Servicios
2704,269,compra cafeteria,30.86,Ocio
2705,2532,compra farmacia,226.8,Salud
2706,2715,cuota prepaga osde,229.19,Salud
2707,1221,pago de compra dolares banco,638.6,Ahorros
2708,1267,pago de cuota universidad,145.29,Educacion
2709,598,factura luz edesur,85.39,Servicios
2710,799,utiles escolares,582.2,Educacion
2711,1283,juegos de consola,96.2,Ocio
2712,2846,cuota prestamo auto,837.86,Deudas
2713,1173,cuota prestamo auto,845.74,Deudas
2714,1891,combustible shell,66.26,Transporte
2715,2438,transferencia ahorro mensual,304.74,Ahorros
2716,2012,juegos de consola,131.39,Ocio
2717,2464,compra servicio de agua aysa,184.35,Servicios
2718,426,compra farmacia,51.91,Salud
2719,1726,servicio de plomeria,646.24,Vivienda
2720,2915,cerveceria artesanal,43.25,Ocio
2721,2134,factura gas metrogas,97.93,Servicios
2722,1240,compra cafeteria,117.52,Ocio
2723,2471,compra libros de texto,146.02,Vivienda
2724,118,peaje autopista,56.48,Transporte
2725,2930,tarjeta factura gas metrogas,188.67,Servicios
2726,2463,curso de programacion,604.19,Salud
2727,599,fac transferencia ahorro mensual,1115.47,Ahorros
2728,2088,reparacion de cerradura,881.01,Vivienda
2729,1185,viaje uber,77.89,Transporte
2730,2751,abono telefonia movil,120.16,Servicios
2731,2585,servicio de agua aysa,69.37,Servicios
2732,2468,compra supermercado dia,187.58,Alimentacion
2733,664,cuotq jardin de infantes,639.1,Educacion
2734,2143,wstudios clinicos,185.72,Salud
2735,1582,compra dolares banco,1489.93,Ahorros
2736,650,compra compra dolares banco,480.67,Ahorros
2737,1490,servicio de agua aysa,56.64,Servicios
2738,288,transferencia ahorro mensual,1295.82,Ahorros
2739,1700,combustible shell,76.86,Transporte
2740,412,cuota prestamo auto,835.27,Deudas
2741,2448,supermercado coto,397.47,Alimentacion
2742,2576,consulta medica de control,444.29,Transporte
2743,1042,pago tarjeta de credito,923.14,Deudas
2744,136,fac pago tarjeta de credito,158.1,Salud
2745,2026,pago de intereses,419.28,Deudas
2746,759,abono internet fibertel,188.25,Servicios
2747,1272,taxis de la ciudad,42.86,Transporte
2748,2891,cuota prepaga osde,116.08,Salud
2749,2758,inversion en acciones,1132.56,Ahorros
2750,1025,viaje cabify,70.08,Transporte
2751,381,abono telefonia movil,137.83,Servicios
2752,2557,movimiento: compra panaderia,242.26,Alimentacion
2753,1529,analisis de sangre,67.12,Salud
2754,806,almacen san martin,337.19,Alimentacion
2755,476,cena restaurante,104.74,Ocio
2756,954,servicio de plomeria,1131.05,Vivienda
2757,849,supermercado coto,100.91,Alimentacion
2758,897,cuota jardin de infantes,532.31,Educacion
2759,32,compra ferreteria,864.4,Vivienda
2760,1928,peaje autopista,78.43,Transporte
2761,2166,servicio de agua aysa,152.4,Servicios
2762,191,cuota prestamo auto,937.31,Deudas
2763,1771,expensas del edificio,236.65,Vivienda
2764,1774,transferencia ahorro mensual,150.76,Ahorros
2765,2122,optica lentes,232.03,Salud
2766,623,suscripcion netflix,143.76,Ocio
2767,1127,abono internet fibertel,99.97,Servicios
2768,2919,factura luz edesur,91.62,Servicios
2769,586,pago de juegos de consola,55.69,Ocio
2770,2468,plazo fijo,1342.64,Ahorros
2771,473,verduleria y fruteria,383.9,Alimentacion
2772,1788,fondo comun de inversion,1188.46,Ahorros
2773,114,fondo comun dw inversion,766.71,Ahorros
2774,1403,fac pago alquiler mensual,222.67,Vivienda
2775,1337,cuotq jardin de infantes,573.4,Educacion
2776,2378,dentista limpieza,132.83,Salud
2777,339,factura luz edesur,170.3,Servicios
2778,2286,viaje uber,29.24,Transporte
2779,1197,pago de intereses,861.69,Deudas
2780,79,compra dolares banco,514.6,Ahorros
2781,464,cerveceria artesanal,125.71,Ahorros
2782,1922,tarjeta compra dolares banco,402.58,Ahorros
2783,2653,cerveceria artesanal,117.33,Ocio
2784,1988,medicamentos recetados,218.92,Salud
2785,562,compra farmacia,383.24,Salud
2786,285,viaje uber,70.2,Transporte
2787,223,pqgo de matricula del colegio,746.88,Educacion
2788,2641,compra ferreteria,400.27,Vivienda
2789,1290,compra cafeteria,127.87,Ocio
2790,1691,tarjeta utiles escolares,118.32,Educacion
2791,2421,compra cafeteria,24.79,Ocio
2792,1257,pago alquiler mensual,1143.28,Vivienda
2793,2959,consulta medica de control,165.7,Salud
2794,828,compra supermercado dia,268.46,Alimentacion
2795,2284,cuota universidad,430.02,Educacion
2796,2719,cerveceria artesanal,139.43,Ocio
2797,828,curso de progrqmacion,498.54,Educacion
2798,2811,taller de ingles,740.22,Educacion
2799,1961,entradas recital,92.74,Educacion
2800,1966,pago alquiler mensual,547.09,Vivienda
2801,2428,compra ferreteria,854.35,Vivienda
2802,2842,pago de intereses,534.9,Deudas
2803,614,cuota prestamo banco,860.56,Deudas
2804,563,estudios clinicos,404.82,Salud
2805,2468,servicio de agua aysa,97.48,Servicios
2806,2100,taller de ingles,192.73,Educacion
2807,1745,cuota jardin de infantes,431.34,Educacion
2808,2867,medicamentos recetados,426.75,Salud
2809,1806,colectivo linea 60,71.92,Ahorros
2810,1969,cuota prepaga osde,305.57,Salud
2811,2253,servicio de agua aysa,138.79,Servicios
2812,731,consulta medica de control,111.6,Salud
2813,257,combustible ypf,38.17,Transporte
2814,185,compra ferreteria,1171.28,Deudas
2815,2193,utiles escolares,342.45,Educacion
2816,2032,factura gas metrogas,48.83,Servicios
2817,1714,almacen san martin,244.59,Alimentacion
2818,246,pago tarjeta de credito,189.04,Deudas
2819,2235,medicamentos recetados,351.19,Salud
2820,866,cerveceria artesanal,33.37,Ocio
2821,2088,pintura habitacion,408.61,Vivienda
2822,601,compra libros de texto,606.77,Educacion
2823,962,fac juegos de consola,69.73,Ocio
2824,1442,cqrga sube,51.85,Educacion
2825,2057,estudios clinicos,131.04,Salud
2826,2398,pago de intereses,372.79,Deudas
2827,2132,pago de intereses,536.88,Deudas
2828,533,fac carniceria central,94.25,Alimentacion
2829,989,pago tarjeta de credito,809.02,Deudas
2830,2043,combustible shell,48.72,Transporte
2831,358,compra pago tarjeta de credito,226.95,Deudas
2832,378,compra libros de texto,381.69,Educacion
2833,2220,verduleria y fruteria,265.79,Alimentacion
2834,1049,pago saldo refinanciado,256.49,Deudas
2835,393,utiles escolares,131.39,Educacion
2836,1127,almacen san martin,74.16,Alimentacion
2837,702,pago alquiler mensual,948.19,Vivienda
2838,1434,supermercado coto,276.11,Alimentacion
2839,2597,compra dolares banco,564.25,Ahorros
2840,784,pago de combustible ypf,51.4,Transporte
2841,1829,cuota prestamo auto,978.48,Deudas
2842,2380,expensas comunes,217.23,Vivienda
2843,2842,fondo comun de inversion,575.07,Ahorros
2844,2697,peaje autopista,10.63,Transporte
2845,983,consulta medica de control,280.53,Salud
2846,2591,combustible shell,10.52,Transporte
2847,1043,utiles escolares,278.63,Educacion
2848,1172,verduleria y fruteria,222.63,Alimentacion
2849,2539,dentista limpieza,223.69,Salud
2850,2331,fac verduleria y fruteria,244.36,Alimentacion
2851,862,comprq pago tarjeta de credito,351.42,Deudas
2852,1877,reparacion de cerradura,589.79,Vivienda
2853,1836,estudios clinicos,102.23,Salud
2854,1699,cuota prestamo auto,838.64,Deudas
2855,113,fondo comun dw inversion,895.75,Salud
2856,1686,pago de intereses,936.55,Deudas
2857,1623,juegos de consola,82.3,Ocio
2858,1423,analisis de sangre,296.06,Salud
2859,862,pago de intereses,227.32,Deudas
2860,2658,utiles escolqres,693.57,Educacion
2861,1933,pago de cuota universidad,710.66,Educacion
2862,508,compra dolares banco,1499.02,Ahorros
2863,1668,verduleria de la esquina,246.35,Alimentacion
2864,466,pago de factura luz edesur,199.25,Servicios
2865,2872,cuota prestamo banco,364.19,Deudas
2866,2657,cuota prepaga osde,182.6,Deudas
2867,1122,pago saldo refinanciado,705.06,Ahorros
2868,290,compras fiambreria,334.06,Alimentacion
2869,2916,cuotq prestamo auto,255.15,Deudas
2870,1763,servicio de agua aysa,199.31,Servicios
2871,2830,pago alquiler mensual,508.55,Vivienda
2872,2210,fac impuestos municipales,155.88,Servicios
2873,2672,factura luz edesur,108.6,Servicios
2874,1867,compras fiambreria,102.11,Alimentacion
2875,717,estudios clinicos,119.28,Salud
2876,1401,pago de factura luz edesur,142.91,Servicios
2877,567,curso de programacion,244.83,Educacion
2878,1474,compra dolares banco,1417.59,Ahorros
2879,994,factura luz edesur,167.28,Servicios
2880,1141,analisis de sangre,399.51,Educacion
2881,1988,compras fiambreria,201.78,Alimentacion
2882,2644,compra libros de texto,521.48,Educacion
2883,1994,fac cuota jardin de infantes,149.26,Educacion
2884,1810,fqctura luz edesur,161.55,Servicios
2885,1205,supermercado carrefour,232.02,Alimentacion
2886,959,carga sube,40.03,Transporte
2887,1717,cerveceria artesanal,39.55,Ocio
2888,1013,pago saldo refinanciado,528.98,Deudas
2889,1819,servicio de plomeria,628.84,Vivienda
2890,1311,pago de medicamentos recetados,368.72,Salud
2891,475,consulta medica de control,160.72,Salud
2892,618,optica lentes,415.15,Salud
2893,641,viaje cabify,38.07,Transporte
2894,2310,movimiento: compras fiambreria,162.08,Alimentacion
2895,162,cuota jardin de infantes,580.21,Educacion
2896,2004,curso de programacion,136.07,Educacion
2897,1983,movimiento: matricula del colegio,621.38,Educacion
2898,2229,reparacion electrica,726.45,Vivienda
2899,725,compra farmacia,112.75,Salud
2900,469,analisis de sangre,329.5,Deudas
2901,1810,viaje uber,16.49,Transporte
2902,21,cuota universidad,764.29,Educacion
2903,260,servicio de plomeria,391.01,Vivienda
2904,2514,cena restaurante,116.85,Ocio
2905,1140,cqrga sube,78.95,Transporte
2906,1437,movimiento: peaje autopista,27.37,Transporte
2907,537,cuota prestamo banco,556.28,Deudas
2908,952,cerveceria artesanal,71.97,Ocio
2909,2814,estudios clinicos,347.41,Salud
2910,1980,curso de programacion,231.83,Educacion
2911,1841,consulta medica de control,339.4,Salud
2912,1857,combustible shell,61.28,Transporte
2913,2982,optica lentes,317.32,Salud
2914,851,compra panaderia,249.29,Educacion
2915,1972,factura gas metrogas,87.53,Ocio
2916,1281,cena restaurante,93.39,Ocio
2917,1192,compra libros de texto,305.05,Educacion
2918,533,salida al cine,111.82,Ocio
2919,2063,cuota prestamo banco,183.8,Deudas
2920,2098,optica lentes,245.64,Salud
2921,304,consulta medica de control,119.19,Salud
2922,416,cuota universidad,675.35,Vivienda
2923,305,cuota jardin de infantes,786.14,Educacion
2924,2244,compras fiambreria,236.87,Alimentacion
2925,813,compra ferreteria,294.74,Vivienda
2926,2848,inversion en acciones,915.09,Transporte
2927,2436,pago tarjeta de credito,514.05,Deudas
2928,2805,optica lentes,356.41,Salud
2929,1985,taller de ingles,766.21,Educacion
2930,2503,mqtricula del colegio,744.34,Educacion
2931,713,abono telefonia movil,167.2,Servicios
2932,2753,pago saldo refinanciado,820.93,Deudas
2933,2896,trqnsferencia ahorro mensual,302.97,Ahorros
2934,1682,abono telefonia movil,45.82,Servicios
2935,1334,carga sube,44.03,Transporte
2936,175,cuota prestamo auto,915.26,Deudas
2937,1090,pago saldo refinanciado,497.0,Deudas
2938,1417,pago de colectivo linea 60,52.81,Transporte
2939,1988,cerveceria artesanal,91.49,Ocio
2940,2327,carniceria central,155.02,Alimentacion
2941,758,factura luz edesur,79.8,Servicios
2942,2411,combustible ypf,44.02,Transporte
2943,1773,cuota universidad,678.39,Educacion
2944,171,servicio de agua aysa,33.54,Servicios
2945,1075,inversion en acciones,1078.81,Ahorros
2946,1352,supermercado carrefour,237.27,Alimentacion
2947,665,inversion en acciones,1384.35,Ahorros
2948,592,curso de programacion,410.42,Educacion
2949,2979,compra cafeteria,108.72,Ocio
2950,1169,movimiento: pago de intereses,912.53,Vivienda
2951,2322,colectivo linea 60,26.02,Transporte
2952,2556,pago de factura luz edesur,97.14,Servicios
2953,2411,reparacion de cerradura,224.61,Vivienda
2954,1349,plazo fijo,1284.88,Ahorros
2955,848,pago de cerveceria artesanal,117.15,Ocio
2956,2703,abono internet fibertel,166.65,Servicios
2957,2346,salida al cine,138.64,Ocio
2958,494,pago tarjeta de credito,236.5,Deudas
2959,546,cerveceriq artesanal,31.78,Ocio
2960,2352,abono telefonia movil,90.65,Servicios
2961,1491,pago tarjeta de credito,334.97,Deudas
2962,904,verduleriq de la esquina,110.86,Ahorros
2963,2287,pintura habitacion,506.67,Vivienda
2964,2698,suscripcion spotify,35.22,Ocio
2965,1541,carniceria central,75.28,Alimentacion
2966,884,pago alquiler mensual,231.98,Vivienda
2967,2458,cerveceria artesanal,62.98,Ocio
2968,2774,factura gas metrogas,174.88,Servicios
2969,2366,juegos de consola,72.68,Ocio
2970,2573,servicio de plomeria,1139.07,Alimentacion
2971,905,pago de factura gas metrogas,65.97,Servicios
2972,620,viaje cabify,67.83,Transporte
2973,953,movimiwnto: suscripcion spotify,129.88,Ocio
2974,2849,fac utiles escolares,260.41,Educacion
2975,2964,viaje uber,47.93,Transporte
2976,320,transferencia ahorro mensual,506.68,Ahorros
2977,876,servicio de agua aysa,39.04,Servicios
2978,2377,dentista limpieza,371.17,Salud
2979,1901,abono internet fibertel,136.97,Servicios
2980,753,compra cafeteria,48.53,Ocio
2981,2705,abono internet fibertel,104.54,Servicios
2982,1380,reparacion de cerradura,569.65,Salud
2983,1038,pago de intereses,337.82,Ocio
2984,71,pago de intereses,332.04,Deudas
2985,2875,abono internet fibertel,167.7,Servicios
2986,2913,pago de abono telefonia movil,117.75,Servicios
2987,1836,pqgo tarjeta de credito,760.42,Deudas
2988,2976,almacen san martin,289.39,Alimentacion
2989,1547,juegos de consolq,65.46,Ocio
2990,106,viaje uber,28.61,Transporte
2991,770,supermercado carrefour,256.71,Alimentacion
2992,2010,qbono internet fibertel,35.52,Servicios
2993,2941,suscripcion spotify,61.16,Ocio
2994,2244,cuotq universidad,227.71,Educacion
2995,2193,compra libros de texto,698.1,Educacion
2996,1374,fondo comun dw inversion,1382.71,Ahorros
2997,2519,inversion en acciones,429.2,Ahorros
2998,1710,compra cafeteria,113.29,Ocio
2999,216,analisis de sangre,487.13,Salud
3000,1117,abono telefonia movil,196.2,Servicios
3001,260,expensas del edificio,547.01,Vivienda
3002,934,cuotq jardin de infantes,593.35,Educacion
3003,575,abono internet fibertel,105.97,Servicios
3004,1565,abono telefonia movil,105.27,Servicios
3005,1811,pago saldo refinanciado,690.25,Deudas
3006,285,compras fiambreria,210.31,Servicios
3007,2532,comprq libros de texto,520.95,Educacion
3008,1955,fondo comun de inversion,592.91,Ahorros
3009,2420,servicio de agua aysa,160.92,Servicios
3010,70,carga sube,28.16,Deudas
3011,379,verduleria y fruteria,188.58,Alimentacion
3012,1303,pago tarjeta de credito,345.76,Deudas
3013,2350,inversion en acciones,1426.92,Salud
3014,255,taller de ingles,210.32,Educacion
3015,1708,entrqdas recital,105.39,Ocio
3016,2992,colectivo linea 60,27.53,Transporte
3017,692,utiles escolares,102.33,Transporte
3018,1288,pinturq habitacion,903.07,Vivienda
3019,834,pago tarjeta de credito,208.24,Deudas
3020,2765,pago saldo refinanciado,559.09,Deudas
3021,2472,cuota jardin de infantes,715.21,Educacion
3022,2261,pago tarjeta de credito,873.37,Deudas
3023,2036,compra cafeteria,105.53,Ocio
3024,1968,entradas recital,63.04,Ocio
3025,100,expensas del edificio,201.86,Salud
3026,1853,fac analisis de sangre,289.44,Salud
3027,2356,movimiento: transferencia ahorro mensual,432.41,Ahorros
3028,2726,cuota universidad,728.17,Educacion
3029,2523,reparacion de cerradura,1150.79,Vivienda
3030,1572,tarjeta juegos de consola,33.24,Ocio
3031,112,compra ferreteria,779.76,Vivienda
3032,183,cena restaurante,49.67,Ocio
3033,2645,cuota prestamo banco,639.88,Deudas
3034,165,pago de intereses,592.42,Deudas
3035,2863,cena restaurante,29.0,Ocio
3036,2138,supermercado carrefour,173.69,Alimentacion
3037,2024,compra panaderia,368.61,Alimentacion
3038,455,cuota prepaga osde,199.23,Salud
3039,2286,combustible shell,78.91,Transporte
3040,2023,compra panaderia,316.43,Alimentacion
3041,2582,compra panaderia,158.09,Alimentacion
3042,727,cerveceria artesanal,42.9,Ocio
3043,2106,qbono telefonia movil,56.17,Servicios
3044,542,cuota prestamo banco,822.5,Deudas
3045,1938,medicamentos recetados,486.87,Salud
3046,1022,supermercado coto,220.81,Alimentacion
3047,2666,comprq libros de texto,742.75,Educacion
3048,2450,cuota prestamo banco,342.1,Deudas
3049,842,expensas comunes,1157.06,Salud
3050,1703,peaje autopista,57.96,Transporte
3051,1690,compra dolares banco,904.43,Ahorros
3052,2887,plazo fijo,1113.5,Ahorros
3053,519,compra medicamentos recetados,231.62,Salud
3054,197,pago de abono internet fibertel,120.35,Servicios
3055,2094,almacen san martin,87.76,Alimentacion
3056,2578,cuotq prestamo auto,772.85,Deudas
3057,1421,pago tarjeta de credito,808.25,Deudas
3058,1689,cuota prepaga osde,389.22,Salud
3059,1000,utiles escolares,674.6,Ocio
3060,2824,expensas comunes,1072.05,Vivienda
3061,2122,qbono telefonia movil,71.48,Servicios
3062,1638,fac impuestos municipales,190.75,Educacion
3063,2383,pago tarjeta de credito,922.63,Deudas
3064,1871,matricula del colegio,148.2,Educacion
3065,633,cuota universidad,189.32,Educacion
3066,2736,cuota prestamo auto,955.23,Deudas
3067,575,pago de utiles escolares,744.91,Alimentacion
3068,2344,compra panaderia,342.52,Transporte
3069,1108,estudios clinicos,324.5,Salud
3070,1039,combustible ypf,41.91,Transporte
3071,1891,cuota jardin de infantes,430.56,Alimentacion
3072,478,pago saldo refinanciado,665.89,Deudas
3073,2681,movimiento: plazo fijo,561.26,Ahorros
3074,2367,inversion en acciones,1252.0,Ahorros
3075,2527,comprqs fiambreria,116.4,Ocio
3076,2416,compras fiambreria,312.36,Alimentacion
3077,367,almacen san martin,368.67,Alimentacion
3078,1837,carniceria central,266.88,Deudas
3079,2426,transferencia ahorro mensual,200.27,Ahorros
3080,1716,almacen san martin,277.55,Alimentacion
3081,2511,abono telefonia movil,178.47,Servicios
3082,1618,compra salida al cine,51.66,Ocio
3083,13,fondo comun de inversion,1410.49,Ahorros
3084,536,compra dolares banco,1438.84,Ahorros
3085,2318,servicio de plomeria,770.62,Vivienda
3086,376,fondo comun de inversion,280.01,Ahorros
3087,1725,fac juegos de consola,49.78,Ocio
3088,257,movimiento: curso de programacion,372.42,Educacion
3089,2265,fondo comun de inversion,502.22,Ahorros
3090,450,servicio de agua aysa,199.37,Servicios
3091,894,compra dolares banco,432.64,Ahorros
3092,1185,cuotq universidad,466.6,Educacion
3093,2080,tarjeta reparacion electrica,1125.92,Vivienda
3094,1848,consulta medica de control,154.07,Salud
3095,1284,movimiento: cuota jardin de infantes,522.93,Educacion
3096,1309,pago de fondo comun de inversion,193.19,Ahorros
3097,610,compra analisis de sangre,217.51,Salud
3098,917,fac carniceria central,296.14,Alimentacion
3099,2590,viaje uber,51.01,Transporte
3100,1626,tarjeta curso de programacion,426.1,Educacion
3101,148,qnalisis de sangre,144.99,Salud
3102,656,suscripcion spotify,75.59,Servicios
3103,2115,movimiento: pago de intereses,811.44,Deudas
3104,2618,entrqdas recital,28.8,Ocio
3105,1817,fondo comun de inversion,1281.32,Ahorros
3106,1303,compra cafeteria,136.86,Ocio
3107,2796,compra compra libros de texto,492.79,Salud
3108,443,movimiento: reparacion de cerradura,740.05,Vivienda
3109,2945,combustible shell,13.69,Transporte
3110,399,suscripcion netflix,140.47,Ocio
3111,1152,taxis de la ciudad,33.38,Transporte
3112,2530,compra libros de texto,711.26,Educacion
3113,2996,verduleria de la esquina,138.56,Transporte
3114,2234,optica lentes,179.26,Salud
3115,2217,cuota jardin de infantes,206.38,Educacion
3116,1708,impuestos municipales,141.22,Servicios
3117,1988,pago tarjeta de credito,166.17,Deudas
3118,1671,factura gas metrogas,70.83,Servicios
3119,1582,servicio de agua aysa,177.44,Servicios
3120,507,combustible shell,35.53,Transporte
3121,2569,entradas recital,28.53,Ocio
3122,161,tarjeta curso de programacion,469.66,Educacion
3123,340,inversion en acciones,1476.96,Vivienda
3124,1826,comprq expensas comunes,322.89,Vivienda
3125,1499,factura luz edesur,64.46,Servicios
3126,1624,cuota prestamo auto,226.97,Deudas
3127,1487,compra cafeteria,87.57,Ocio
3128,1507,cuota prepaga osde,196.92,Salud
3129,2752,curso de programacion,521.86,Educacion
3130,1177,verduleria de la esquina,110.88,Alimentacion
3131,823,cuota prestamo banco,429.02,Deudas
3132,785,colectivo lineq 60,61.05,Transporte
3133,131,factura luz edesur,32.66,Servicios
3134,1476,fondo comun de inversion,1076.44,Alimentacion
3135,2564,supermercado coto,263.72,Alimentacion
3136,1500,compra ferreteria,994.27,Deudas
3137,2584,fac factura luz edesur,51.87,Servicios
3138,2789,tqrjeta compra dolares banco,1243.59,Ahorros
3139,781,colectivo linea 60,42.1,Transporte
3140,1708,peaje autopista,78.38,Transporte
3141,1770,suscripcion netflix,22.67,Ocio
3142,1319,compra farmacia,418.46,Salud
3143,1939,servicio de plomeria,565.25,Vivienda
3144,1459,dentista limpieza,461.38,Salud
3145,2636,compra panaderia,144.96,Alimentacion
3146,2774,cerveceria artesanal,149.71,Ocio
3147,2991,viqje cabify,22.52,Transporte
3148,376,taxis de la ciudad,72.19,Transporte
3149,2252,factura gas metrogas,152.63,Servicios
3150,661,compra libros de texto,490.56,Educacion
3151,2123,cuotq prestamo banco,966.89,Deudas
3152,1404,colectivo linea 60,48.23,Vivienda
3153,741,cuota prestamo banco,285.97,Deudas
3154,304,tarjeta abono internet fibertel,90.56,Servicios
3155,1086,cuota prestamo auto,505.1,Deudas
3156,2618,consulta medica de control,335.13,Salud
3157,786,pqgo saldo refinanciado,199.02,Deudas
3158,1211,compra cafeteria,37.66,Ocio
3159,229,combustible shell,74.38,Transporte
3160,1855,compra cafeteria,125.39,Ocio
3161,268,utiles escolares,473.23,Educacion
3162,2775,consulta medica de control,328.19,Salud
3163,2850,supermercado coto,76.82,Alimentacion
3164,254,servicio de agua aysa,39.84,Transporte
3165,870,viaje uber,76.3,Transporte
3166,2135,comprq panaderia,398.43,Alimentacion
3167,1205,fac compras fiambreria,327.14,Alimentacion
3168,1049,impuestos municipales,169.55,Servicios
3169,2270,supermercado carrefour,160.53,Alimentacion
3170,990,inversion en acciones,1338.98,Ahorros
3171,397,compra compra cafeteria,127.82,Ocio
3172,938,compra ferreteria,987.37,Vivienda
3173,2559,servicio de plomeriq,717.95,Deudas
3174,2609,taller de ingles,521.86,Educacion
3175,2894,combustible ypf,17.99,Transporte
3176,440,cuota universidad,495.96,Educacion
3177,1928,compra carga sube,42.71,Salud
3178,2359,servicio de plomeria,337.98,Alimentacion
3179,2008,utiles escolares,430.7,Educacion
3180,35,cerveceria artesanal,48.66,Ocio
3181,2265,suscripcion spotify,51.66,Ocio
3182,721,fondo comun de inversion,1465.01,Ahorros
3183,519,expensas del edificio,1100.17,Vivienda
3184,269,matricula del colegio,461.55,Educacion
3185,638,salida al cine,136.35,Ocio
3186,2523,tarjeta servicio de plomeria,438.82,Vivienda
3187,1349,entradas recital,147.73,Ocio
3188,1380,colectivo linea 60,77.81,Transporte
3189,90,abono internet fibertel,104.09,Vivienda
3190,1066,compra farmacia,393.24,Salud
3191,1389,tarjeta reparacion de cerradura,452.2,Vivienda
3192,1695,inversion en acciones,1079.81,Ahorros
3193,1390,pago de curso de programacion,611.82,Educacion
3194,2336,plazo fijo,798.51,Ahorros
3195,481,suscripcion netflix,67.19,Ocio
3196,2685,pago tarjeta de credito,380.69,Deudas
3197,501,compra cuota universidad,257.93,Educacion
3198,1662,utiles escolares,255.57,Ahorros
3199,2100,fac analisis de sangre,128.53,Salud
3200,103,abono telefonia movil,102.86,Vivienda
3201,1448,carga sube,42.57,Transporte
3202,2747,analisis de sangre,244.42,Salud
3203,1964,viaje cabify,39.18,Transporte
3204,1640,pago saldo refinanciado,192.57,Deudas
3205,2518,pago alquiler mensual,1051.14,Vivienda
3206,1328,cuota prestamo banco,583.64,Deudas
3207,2475,pago de intereses,328.88,Deudas
3208,1680,cuota prestamo auto,698.08,Deudas
3209,2158,tarjeta pago saldo refinanciado,786.97,Servicios
3210,1589,pago saldo refinanciado,311.4,Deudas
3211,2563,inversion en qcciones,338.42,Ahorros
3212,68,combustible ypf,66.14,Transporte
3213,2437,transferencia ahorro mensual,662.26,Ahorros
3214,1674,cuota prestamo banco,289.59,Deudas
3215,308,carniceria central,138.01,Alimentacion
3216,1376,compra libros de texto,587.21,Educacion
3217,1823,combustible ypf,33.53,Transporte
3218,1090,taller de ingles,473.79,Educacion
3219,460,pago de intereses,501.45,Deudas
3220,2395,transferencia ahorro mensual,290.82,Ahorros
3221,2373,tarjeta compra dolares banco,983.89,Ahorros
3222,667,supermercado carrefour,80.63,Alimentacion
3223,1623,abono telefonia movil,190.67,Servicios
3224,1057,movimiento: pqgo saldo refinanciado,968.57,Deudas
3225,68,estudios clinicos,337.35,Salud
3226,2235,movimiento: suscripcion netflix,109.54,Ocio
3227,2240,optica lentes,182.23,Salud
3228,1237,transferencia ahorro mensual,1271.41,Ahorros
3229,1624,cuota prepaga osde,55.22,Salud
3230,2476,viqje uber,34.55,Transporte
3231,1375,plazo fijo,1229.86,Ahorros
3232,2264,pago tarjeta de credito,310.99,Deudas
3233,177,cuota prestamo banco,281.71,Deudas
3234,1589,colectivo linea 60,16.16,Transporte
3235,1354,entrqdas recital,141.06,Ocio
3236,2609,matricula del colegio,342.47,Educacion
3237,2929,viaje cabify,29.73,Transporte
3238,626,pqgo de taller de ingles,271.71,Educacion
3239,2655,reparacion electrica,982.0,Vivienda
3240,179,fondo comun de inversion,182.41,Ahorros
3241,395,supermercado carrefour,239.52,Alimentacion
3242,1169,juegos de consola,47.16,Ocio
3243,876,abono telefonia movil,103.49,Servicios
3244,962,juegos de consola,69.84,Ocio
3245,198,utiles escolares,388.06,Educacion
3246,969,reparacion de cerradura,813.94,Vivienda
3247,669,compra libros de texto,748.48,Educacion
3248,2505,inversion en acciones,243.96,Ahorros
3249,1277,matricula del colegio,649.4,Educacion
3250,1911,pago tarjeta de credito,182.97,Educacion
3251,72,pago de servicio de agua aysa,43.85,Servicios
3252,223,compra ferreteria,1141.1,Vivienda
3253,2324,mqtricula del colegio,776.54,Educacion
3254,1270,impuestos municipales,147.45,Servicios
3255,1365,compra cafeteria,114.94,Ocio
3256,2621,fac estudios clinicos,213.67,Salud
3257,924,consulta medica de control,341.2,Salud
3258,471,taxis de la ciudad,61.78,Salud
3259,2502,consulta medica de control,483.61,Salud
3260,2055,carniceria central,72.11,Alimentacion
3261,188,transferencia ahorro mensual,1170.07,Ahorros
3262,2052,combustible shell,68.43,Transporte
3263,1669,comprq farmacia,252.8,Salud
3264,2955,movimiento: cuota jardin de infantes,289.89,Educacion
3265,1149,pintura habitacion,1090.42,Vivienda
3266,960,cuota jardin de infantes,685.31,Educacion
3267,2573,cerveceria artesanal,78.32,Ocio
3268,630,curso de progrqmacion,188.56,Educacion
3269,775,compras fiambreria,78.21,Alimentacion
3270,360,juegos de consola,112.6,Ocio
3271,518,compra dolares banco,700.16,Ahorros
3272,1344,consulta medica de control,122.69,Salud
3273,1970,peaje autopista,62.75,Transporte
3274,921,entradas recital,76.06,Ocio
3275,2900,dentista limpieza,336.14,Salud
3276,935,expensqs comunes,1027.62,Vivienda
3277,1987,compra cafeteria,119.81,Ocio
3278,901,comprq suscripcion netflix,134.52,Ocio
3279,1729,combustible ypf,13.35,Transporte
3280,2447,dentista limpieza,62.46,Salud
3281,1370,plazo fijo,658.41,Ahorros
3282,1219,taxis de la ciudad,64.84,Transporte
3283,2216,consulta medica de control,281.5,Salud
3284,377,comprq inversion en acciones,453.84,Ahorros
3285,1775,movimiento: reparacion electrica,651.55,Transporte
3286,1506,carniceria central,147.93,Educacion
3287,1268,pago de viaje cabify,77.89,Transporte
3288,2655,pago de optica lentes,479.98,Salud
3289,1011,fondo comun de inversion,265.37,Ahorros
3290,2637,compra transferencia ahorro mensual,332.35,Ahorros
3291,1195,compra cafeteria,84.34,Ocio
3292,1231,cena restaurante,102.16,Transporte
3293,1178,compra farmacia,400.8,Deudas
3294,2096,utiles escolares,132.45,Educacion
3295,1673,servicio de plomeria,725.13,Vivienda
3296,1929,plazo fijo,559.51,Ahorros
3297,173,tarjeta fondo comun de inversion,1476.7,Ahorros
3298,2554,supermercado carrefour,200.24,Servicios
3299,2446,pago de intereses,223.68,Deudas
3300,294,fondo comun de inversion,870.82,Ahorros
3301,552,taller de ingles,401.99,Educacion
3302,1471,reparacion de cerradura,1169.04,Vivienda
3303,2898,expensas del edificio,314.75,Vivienda
3304,1040,viaje cabify,13.71,Transporte
3305,1663,transferencia ahorro mensual,1113.84,Ahorros
3306,885,compra libros de texto,788.16,Educacion
3307,1373,cuota prepaga osde,105.26,Salud
3308,1227,suscripcion spotify,130.47,Ocio
3309,134,movimiento: plazo fijo,1415.86,Ahorros
3310,771,compra dolares banco,717.13,Ahorros
3311,2556,movimiento: taller de ingles,205.5,Educacion
3312,1090,pago de pago de intereses,326.86,Deudas
3313,480,pintura habitacion,362.28,Vivienda
3314,863,cuota universidad,321.2,Educacion
3315,459,servicio de agua aysa,47.29,Servicios
3316,626,factura gas metrogas,149.24,Servicios
3317,159,factura luz edesur,132.14,Servicios
3318,2209,fac cuota prestamo banco,370.89,Deudas
3319,1278,compra libros de texto,512.95,Educacion
3320,2008,verduleria y fruteria,355.48,Alimentacion
3321,1921,compra dolares banco,1120.75,Transporte
3322,940,fac transferencia ahorro mensual,1011.51,Ahorros
3323,1573,compra impuestos municipales,60.72,Servicios
3324,2203,compra cafeteria,80.59,Ocio
3325,2534,compra taller de ingles,438.76,Educacion
3326,432,fac cuota universidad,201.37,Educacion
3327,1051,cuota prepaga osde,74.48,Salud
3328,1004,verduleria y fruteria,259.85,Alimentacion
3329,2115,pqgo de suscripcion spotify,56.81,Ocio
3330,2590,cuota prestamo auto,176.77,Deudas
3331,2144,tqxis de la ciudad,56.49,Transporte
3332,215,cuota prestamo auto,904.41,Deudas
3333,2242,pqgo de intereses,999.85,Deudas
3334,1671,pago de intereses,424.72,Deudas
3335,1314,cuotq prepaga osde,225.05,Salud
3336,885,pago saldo refinanciado,651.14,Deudas
3337,2087,compra reparacion electrica,1043.48,Vivienda
3338,1888,cuota prepaga osde,77.88,Salud
3339,939,inversion en acciones,1448.88,Ahorros
3340,939,pago tarjeta de credito,703.35,Educacion
3341,206,peaje autopista,19.87,Transporte
3342,942,pago tarjeta de credito,372.26,Deudas
3343,555,optica lentes,237.5,Salud
3344,2532,salida al cine,71.28,Ocio
3345,1520,curso de programacion,366.75,Educacion
3346,771,cuota prestamo auto,953.76,Deudas
3347,249,plazo fijo,1498.5,Ahorros
3348,1098,servicio de agua aysa,93.66,Servicios
3349,373,entradas recital,145.45,Ocio
3350,1855,entradas recital,142.33,Ocio
3351,2927,almacen san martin,230.71,Alimentacion
3352,835,matricula del colegio,457.34,Educacion
3353,2919,cuota prestamo auto,241.9,Deudas
3354,702,compra cafeteria,85.93,Ocio
3355,2186,supermercado carrefour,52.88,Alimentacion
3356,2996,compra libros de texto,472.68,Educacion
3357,2505,matricula del colegio,262.44,Educacion
3358,2862,tarjeta estudios clinicos,270.13,Salud
3359,2871,pqgo tarjeta de credito,191.98,Educacion
3360,942,comprq dolares banco,222.52,Ahorros
3361,2492,cena restaurante,133.5,Ocio
3362,2401,suscripcion spotify,64.25,Ocio
3363,996,combustible ypf,54.07,Transporte
3364,794,viaje uber,18.4,Transporte
3365,2459,pago de suscripcion spotify,73.81,Ocio
3366,678,cuota prestamo auto,592.82,Deudas
3367,1814,taxis de la ciudad,77.5,Transporte
3368,1562,plazo fijo,1248.75,Vivienda
3369,453,plazo fijo,318.33,Ahorros
3370,2467,reparacion electrica,219.68,Vivienda
3371,2498,reparacion de cerradura,1009.23,Vivienda
3372,1139,expensas comunes,1131.57,Vivienda
3373,51,compra libros de texto,631.38,Educacion
3374,1393,pago tarjeta de credito,576.0,Deudas
3375,1539,movimiento: peaje autopista,12.37,Transporte
3376,210,utiles escolares,545.42,Educacion
3377,888,peaje autopista,38.64,Transporte
3378,1927,cuota prestamo auto,375.49,Servicios
3379,850,compra supermercado dia,254.34,Alimentacion
3380,1878,qbono telefonia movil,125.44,Servicios
3381,627,fac cuota prepaga osde,110.6,Salud
3382,2727,pago alquiler mensual,315.09,Vivienda
3383,1459,compra cuota prestamo banco,998.73,Deudas
3384,2825,consulta medica de control,325.19,Salud
3385,1251,abono telefonia movil,128.06,Servicios
3386,663,verduleria y fruteria,259.45,Alimentacion
3387,268,compra dolares banco,305.36,Ahorros
3388,2164,suscripcion spotify,144.37,Ocio
3389,1624,consulta medica de control,472.14,Salud
3390,1854,factura gas metrogas,79.02,Servicios
3391,754,compra curso de programacion,338.79,Educacion
3392,1353,pqgo saldo refinanciado,753.99,Deudas
3393,1869,cuota prestamo banco,293.62,Deudas
3394,1064,transferencia ahorro mensual,1010.88,Ahorros
3395,182,fqc suscripcion spotify,79.01,Ocio
3396,1514,pago alquiler mensual,819.18,Vivienda
3397,903,pago de colectivo linea 60,54.53,Transporte
3398,1143,qnalisis de sangre,299.31,Salud
3399,2994,curso de progrqmacion,607.72,Educacion
3400,2306,pago saldo refinanciado,973.48,Deudas
3401,1507,viaje uber,66.06,Transporte
3402,2557,matricula del colegio,472.83,Educacion
3403,2140,fondo comun de inversion,395.39,Ahorros
3404,2003,colectivo linea 60,16.91,Transporte
3405,1185,cuota prestamo auto,346.16,Deudas
3406,149,compra farmacia,322.64,Salud
3407,2165,cuota prestamo auto,252.8,Deudas
3408,2506,servicio de plomeria,705.07,Vivienda
3409,2613,expensas comunes,1137.06,Vivienda
3410,2862,servicio de qgua aysa,192.09,Servicios
3411,2093,compra libros de texto,304.54,Educacion
3412,1801,expensqs comunes,892.48,Vivienda
3413,2022,impuestos municipales,181.43,Servicios
3414,2822,dentistq limpieza,65.06,Salud
3415,1843,inversion en acciones,1052.3,Ahorros
3416,2037,cuota universidad,408.63,Transporte
3417,2282,cuota prepaga osde,356.7,Salud
3418,1399,viaje uber,22.49,Transporte
3419,1571,impuestos municipales,104.59,Servicios
3420,1874,servicio de agua aysa,77.96,Servicios
3421,1973,matricula del colegio,401.34,Educacion
3422,2245,compra ferreteria,213.36,Vivienda
3423,2073,viaje cabify,22.71,Ocio
3424,2443,colectivo linea 60,56.0,Transporte
3425,714,factura luz edesur,159.27,Servicios
3426,1809,factura luz edesur,131.88,Servicios
3427,223,pintura habitacion,695.03,Vivienda
3428,864,servicio de plomeriq,643.39,Vivienda
3429,530,reparacion electrica,468.05,Vivienda
3430,1212,viaje cabify,33.54,Transporte
3431,1426,plazo fijo,416.5,Ahorros
3432,2305,supermercado coto,163.05,Alimentacion
3433,654,tarjeta cuota prestamo auto,823.2,Deudas
3434,1160,pago de cena restaurante,35.78,Ocio
3435,1843,abono telefonia movil,116.34,Servicios
3436,2639,curso de programacion,255.37,Educacion
3437,444,movimiento: compra cafeteria,95.49,Ocio
3438,2466,salida al cine,143.07,Ocio
3439,574,plazo fijo,731.13,Ahorros
3440,2177,pago alquiler mensual,724.41,Vivienda
3441,1011,compra libros de texto,309.26,Educacion
3442,341,expensas comunes,847.07,Alimentacion
3443,2858,supermercado carrefour,185.33,Alimentacion
3444,1281,cena restaurante,32.01,Ocio
3445,100,curso de programacion,505.94,Educacion
3446,2087,pago alquiler mensual,1056.22,Vivienda
3447,2311,cerveceria artesanal,103.88,Ocio
3448,150,fac utiles escolares,769.8,Educacion
3449,1657,estudios clinicos,472.32,Salud
3450,2738,fac viaje uber,11.96,Transporte
3451,2861,juegos de consola,52.51,Ocio
3452,1354,comprq ferreteria,284.62,Vivienda
3453,1144,cuota prepaga osde,292.54,Alimentacion
3454,1608,cuota prestamo banco,180.83,Deudas
3455,2267,inversion en acciones,1409.17,Ahorros
3456,2954,factura luz edesur,186.08,Servicios
3457,1838,carga sube,79.27,Transporte
3458,244,cuota prestamo banco,420.48,Deudas
3459,2934,matricula del colegio,214.96,Educacion
3460,587,factura gas metrogas,149.49,Servicios
3461,2566,taller de ingles,357.17,Educacion
3462,2238,colectivo linea 60,18.48,Transporte
3463,2963,servicio de plomeria,897.24,Vivienda
3464,2663,curso de programacion,446.6,Educacion
3465,856,suscripcion spotify,63.11,Ocio
3466,2514,curso de programacion,552.29,Educacion
3467,2147,movimiento: compra supermercado dia,127.47,Alimentacion
3468,2036,fac verduleria de la esquina,50.64,Alimentacion
3469,830,dentista limpieza,69.37,Salud
3470,1387,plazo fijo,1241.17,Ahorros
3471,1717,taxis de la ciudad,53.05,Transporte
3472,1688,utiles escolqres,326.79,Educacion
3473,56,movimiento: inversion en acciones,975.23,Alimentacion
3474,1726,factura luz edesur,159.52,Ocio
3475,1954,pago de intereses,725.06,Deudas
3476,1046,combustible ypf,50.92,Transporte
3477,2628,tarjeta utiles escolares,332.83,Servicios
3478,185,fondo comun de inversion,145.28,Ahorros
3479,522,supermercado coto,298.51,Alimentacion
3480,1602,almacen san martin,343.67,Vivienda
3481,2312,pago de cuota prestamo banco,218.86,Deudas
3482,1249,viqje uber,46.14,Transporte
3483,1659,fac compra dolares banco,1077.42,Ahorros
3484,1062,compra dolares banco,1403.53,Ahorros
3485,1003,servicio de plomeria,543.69,Vivienda
3486,2171,carga sube,23.85,Transporte
3487,2349,optica lentes,210.66,Deudas
3488,2881,tarjeta almacen san martin,368.87,Alimentacion
3489,2018,movimiento: estudios clinicos,441.39,Salud
3490,1929,cuota universidad,322.69,Transporte
3491,2693,pago de dentista limpieza,285.73,Salud
3492,2922,cuota prepaga osde,218.41,Salud
3493,394,compra salida al cine,107.52,Ocio
3494,1618,tarjeta cuota prepaga osde,484.74,Salud
3495,661,medicamentos recetados,410.52,Salud
3496,1429,compra dolares banco,281.79,Ahorros
3497,1155,viaje cabify,37.73,Transporte
3498,69,supermercado carrefour,285.22,Ahorros
3499,2810,cuota prestamo auto,725.23,Deudas
3500,320,compra analisis de sangre,197.29,Salud
3501,2225,factura luz edesur,163.83,Servicios
3502,584,combustible shell,26.71,Transporte
3503,1865,cuota prestamo auto,303.72,Deudas
3504,1184,movimiento: inversion en acciones,244.52,Ahorros
3505,582,pago tarjeta de credito,300.43,Deudas
3506,1768,cuota prestamo auto,343.26,Deudas
3507,1557,pago de pago tarjeta de credito,386.27,Deudas
3508,1799,factura luz edesur,110.37,Servicios
3509,111,peaje autopista,77.63,Transporte
3510,999,compra pago de intereses,219.18,Deudas
3511,758,utiles escolares,605.02,Educacion
3512,283,suscripcion netflix,132.09,Ocio
3513,1743,repqracion electrica,852.42,Vivienda
3514,2242,verduleria y fruteria,142.87,Alimentacion
3515,1071,matricula del colegio,474.32,Educacion
3516,2390,medicamentos recetados,103.89,Ocio
3517,2570,compra dolares banco,484.85,Ahorros
3518,1394,pago alquiler mensual,632.48,Vivienda
3519,801,viaje cabify,65.02,Transporte
3520,2951,reparacion electrica,1098.93,Vivienda
3521,131,cuota prepaga osde,209.49,Salud
3522,1294,dentista limpieza,392.56,Ocio
3523,1964,taller de ingles,152.91,Educacion
3524,2862,verduleria y fruteria,216.8,Alimentacion
3525,61,curso de programacion,182.01,Educacion
3526,2212,cuota prestamo auto,935.76,Deudas
3527,1549,transferencia ahorro mensual,1079.9,Ahorros
3528,272,compra panaderia,203.47,Alimentacion
3529,1782,pago de taxis de la ciudad,78.07,Transporte
3530,2181,combustiblw shell,80.0,Transporte
3531,1268,sqlida al cine,59.42,Ocio
3532,1458,verduleria y fruteria,169.68,Alimentacion
3533,38,carniceria central,331.77,Alimentacion
3534,1895,carga sube,37.79,Transporte
3535,1343,compra expensas comunes,990.52,Vivienda
3536,2665,peaje autopista,51.44,Transporte
3537,474,expensas comunes,216.17,Vivienda
3538,59,analisis de sangre,244.28,Salud
3539,2637,estudios clinicos,325.44,Salud
3540,1964,plazo fijo,1221.21,Ahorros
3541,2547,pago tarjeta de credito,677.83,Deudas
3542,1919,inversion en acciones,458.42,Ahorros
3543,2615,carniceria central,151.4,Alimentacion
3544,2615,curso de programacion,410.23,Educacion
3545,904,reparacion de cerradura,706.08,Vivienda
3546,383,trqnsferencia ahorro mensual,1106.25,Ahorros
3547,1412,dentista limpieza,210.92,Salud
3548,85,compra libros de texto,438.44,Educacion
3549,1534,movimiento: cuota prestamo banco,247.52,Deudas
3550,2675,utiles escolqres,617.05,Educacion
3551,2874,transferencia ahorro mensual,626.24,Ahorros
3552,2341,tarjeta peaje autopista,44.93,Transporte
3553,1091,pago de juegos de consola,109.75,Ocio
3554,2835,curso de programacion,632.71,Educacion
3555,129,comprq dolares banco,411.36,Ahorros
3556,2077,factura luz edesur,162.96,Servicios
3557,1569,pago tarjeta de credito,529.71,Deudas
3558,692,servicio de agua aysa,113.56,Salud
3559,1961,compra libros de texto,149.72,Educacion
3560,133,tarjeta curso de programacion,434.62,Educacion
3561,1209,compra ferreteria,888.49,Vivienda
3562,646,combustible shell,77.62,Transporte
3563,2737,fondo comun de inversion,114.42,Ocio
3564,2582,tarjeta medicamentos recetados,496.32,Salud
3565,1613,medicqmentos recetados,460.45,Salud
3566,516,cuota prepaga osde,439.15,Salud
3567,2046,cuota prestamo auto,415.67,Deudas
3568,1864,fac compra cafeteria,127.72,Ocio
3569,2213,verduleria de la esquina,325.02,Alimentacion
3570,2975,comprq farmacia,58.71,Salud
3571,933,reparacion electrica,1198.11,Vivienda
3572,1664,colectivo linea 60,74.86,Transporte
3573,557,cerveceria artesanal,72.17,Ocio
3574,1672,fac compra supermercado dia,260.97,Alimentacion
3575,2728,carniceria central,97.44,Alimentacion
3576,993,cuota prestamo auto,542.37,Deudas
3577,1629,reparacion de cerradura,354.94,Vivienda
3578,1692,compra supermercado dia,108.15,Alimentacion
3579,757,servicio de agua aysa,70.08,Servicios
3580,1105,fondo comun de inversion,1195.15,Ahorros
3581,1271,abono telefonia movil,173.07,Servicios
3582,2903,supermercado coto,203.94,Salud
3583,2541,compra supermercado dia,195.4,Ocio
3584,649,supermercado carrefour,252.96,Alimentacion
3585,1410,cuotq prestamo banco,509.62,Deudas
3586,992,compra abono telefonia movil,51.56,Servicios
3587,1331,compra farmacia,432.58,Salud
3588,628,cuota prepaga osde,414.35,Salud
3589,2673,estudios clinicos,56.47,Salud
3590,2591,movimiento: taxis de la ciudad,15.72,Transporte
3591,2055,tarjeta reparacion electrica,767.64,Vivienda
3592,1950,servicio de agua aysa,87.41,Servicios
3593,954,plazo fijo,465.72,Ahorros
3594,2563,dentista limpieza,436.99,Salud
3595,1843,abono telefonia movil,31.54,Servicios
3596,2803,pago alquiler mensual,214.66,Vivienda
3597,2121,verduleria de la esquina,105.85,Alimentacion
3598,10,curso de programacion,423.14,Educacion
3599,1597,cuota prestamo banco,857.26,Deudas
3600,2610,medicqmentos recetados,397.44,Salud
3601,122,pago alquiler mensual,247.52,Vivienda
3602,687,compra farmacia,429.41,Salud
3603,2010,pago saldo refinanciado,479.95,Deudas
3604,2561,pqgo tarjeta de credito,218.97,Deudas
3605,441,reparacion electrica,665.85,Vivienda
3606,2750,combustible shell,22.69,Transporte
3607,591,consulta medica de control,431.92,Salud
3608,1369,cuota prepaga osde,357.9,Salud
3609,1990,tarjeta pago alquiler mensual,836.95,Vivienda
3610,1362,pago de peaje autopista,47.89,Transporte
3611,1208,viaje uber,61.35,Transporte
3612,2115,optica lentes,71.86,Salud
3613,2065,verduleria y fruteria,64.47,Alimentacion
3614,1407,cuota prestamo auto,407.41,Deudas
3615,2416,entradas recital,88.01,Ocio
3616,2952,consulta medica de control,155.82,Salud
3617,1340,supermercado carrefour,238.32,Alimentacion
3618,1521,dentista limpieza,202.0,Salud
3619,2769,compra panaderia,169.24,Alimentacion
3620,1577,cuota prepaga osde,58.67,Salud
3621,908,expensas del edificio,322.03,Vivienda
3622,2521,fqc compra cafeteria,67.58,Ocio
3623,115,impuestos municipales,30.62,Servicios
3624,2148,servicio de agua aysa,99.21,Servicios
3625,2486,inversion en acciones,669.41,Ahorros
3626,1369,pago de intereses,792.5,Deudas
3627,2397,reparacion electrica,627.59,Vivienda
3628,139,juegos de consola,72.65,Ocio
3629,828,compras fiambreria,126.54,Alimentacion
3630,2372,pago saldo refinanciado,528.9,Deudas
3631,846,juegos de consola,32.46,Ocio
3632,2342,fac combustible shell,53.16,Transporte
3633,1981,pago tarjeta de credito,889.42,Educacion
3634,1553,pago alquiler mensual,1080.75,Vivienda
3635,1316,compra dolares banco,869.63,Ahorros
3636,74,expensas del edificio,205.45,Vivienda
3637,484,verduleria de la esquina,186.79,Alimentacion
3638,16,abono internet fibertel,80.56,Servicios
3639,1550,cuota jardin de infantes,645.34,Transporte
3640,1360,cuota jardin de infantes,740.23,Educacion
3641,2841,reparacion electrica,319.48,Vivienda
3642,1897,entradas recital,70.03,Educacion
3643,2564,compra panaderia,217.53,Alimentacion
3644,2973,tarjeta dentista limpieza,296.7,Salud
3645,1151,fqctura luz edesur,198.67,Alimentacion
3646,2872,cuota prestamo banco,973.95,Deudas
3647,2566,plqzo fijo,726.07,Ahorros
3648,129,carniceria central,210.8,Alimentacion
3649,511,expensas comunes,229.48,Deudas
3650,423,combustible ypf,27.16,Transporte
3651,2433,movimiento: colectivo linea 60,61.33,Transporte
3652,1907,verduleria de la esquina,247.1,Alimentacion
3653,232,tarjeta cuota universidad,564.02,Educacion
3654,959,taxis de la ciudad,40.96,Transporte
3655,825,pintura habitacion,580.21,Vivienda
3656,65,movimiento: compra dolares banco,1404.73,Ahorros
3657,833,dentista limpieza,285.68,Salud
3658,615,pago tarjeta de credito,733.34,Deudas
3659,2029,suscripcion spotify,92.7,Ocio
3660,801,compra compra libros de texto,581.11,Educacion
3661,1968,compra carga sube,49.38,Transporte
3662,278,estudios clinicos,371.51,Salud
3663,2014,cuota prestamo banco,771.59,Vivienda
3664,1718,fondo comun de inversion,569.2,Ahorros
3665,2414,impuestos municipales,45.5,Servicios
3666,2564,compra supermercado dia,307.9,Alimentacion
3667,1239,suscripcion netflix,44.19,Ocio
3668,2487,tarjeta abono telefonia movil,54.59,Servicios
3669,428,entradas recital,47.14,Ocio
3670,2777,viaje uber,57.09,Transporte
3671,2444,compra dolares banco,1403.84,Ahorros
3672,1525,optica lentes,469.37,Salud
3673,1487,fac salida al cine,110.54,Ahorros
3674,586,entradas recital,22.57,Ocio
3675,375,cuotq prestamo auto,739.84,Deudas
3676,1524,reparacion de cerradura,558.93,Vivienda
3677,2996,salida al cine,33.52,Ocio
3678,93,verduleria de la esquina,173.82,Alimentacion
3679,1601,inversion en acciones,1146.08,Ahorros
3680,2369,compra dolares banco,613.87,Ahorros
3681,914,factura gas metrogas,178.91,Servicios
3682,1346,compra panaderia,110.12,Alimentacion
3683,1841,movimiento: estudios clinicos,326.57,Salud
3684,1302,fac cuota jardin de infantes,135.91,Educacion
3685,1622,reparacion de cerradura,682.66,Vivienda
3686,1562,utiles escolares,477.65,Transporte
3687,1754,movimiento: impuestos municipqles,79.28,Servicios
3688,1417,inversion en acciones,328.19,Ahorros
3689,2965,compras fiambreria,138.41,Alimentacion
3690,95,utiles escolares,321.11,Educacion
3691,1780,medicamentos recetados,386.39,Salud
3692,959,compra farmacia,331.23,Servicios
3693,1131,pqgo de carga sube,26.07,Transporte
3694,1414,compra cafeteria,120.37,Ocio
3695,1784,suscripcion spotify,24.57,Ocio
3696,2119,opticq lentes,83.87,Salud
3697,664,pqgo de carniceria central,64.96,Alimentacion
3698,969,impuestos municipales,194.37,Servicios
3699,2635,colectivo linea 60,53.45,Transporte
3700,2775,comprq pago de intereses,450.44,Deudas
3701,2416,consulta medica de control,451.36,Salud
3702,2099,verduleriq y fruteria,335.65,Alimentacion
3703,1167,movimiento: compra dolares banco,1006.74,Ahorros
3704,1572,compra libros de texto,582.79,Educacion
3705,1524,supermercado coto,203.31,Alimentacion
3706,988,suscripcion netflix,140.15,Ocio
3707,2308,comprq farmacia,165.46,Salud
3708,1226,pago alquiler mensual,323.24,Vivienda
3709,1209,cuota prestamo banco,548.47,Deudas
3710,2206,curso de programacion,250.22,Educacion
3711,99,suscripcion netflix,71.76,Ocio
3712,2289,expensas comunes,1195.97,Vivienda
3713,1515,suscripcion spotify,43.83,Ocio
3714,202,estudios clinicos,437.77,Salud
3715,634,supermercado carrefour,384.68,Alimentacion
3716,746,suscripcion spotify,136.74,Ocio
3717,490,compras fiambreria,338.03,Alimentacion
3718,579,estudios clinicos,390.25,Salud
3719,2575,pago tarjeta de credito,601.59,Deudas
3720,273,servicio de agua aysa,162.19,Servicios
3721,1243,cuota prestamo banco,218.04,Deudas
3722,786,carga sube,16.16,Ocio
3723,453,abono internet fibertel,184.09,Servicios
3724,1176,movimiento: reparacion de cerradura,725.67,Vivienda
3725,2395,compras fiambreria,273.7,Alimentacion
3726,816,optica lentes,357.9,Salud
3727,414,utiles escolqres,706.84,Educacion
3728,1551,compra pago de intereses,633.31,Deudas
3729,431,compra combustible shell,60.52,Transporte
3730,2427,tqxis de la ciudad,69.52,Vivienda
3731,895,cuotq prestamo banco,181.3,Deudas
3732,2476,inversion en acciones,150.5,Ahorros
3733,1947,verduleria y fruteria,285.44,Alimentacion
3734,1108,combustible ypf,64.99,Transporte
3735,192,pintura habitacion,671.11,Salud
3736,41,consulta medica de control,390.92,Salud
3737,1888,pago de compra supermercado dia,259.89,Alimentacion
3738,1860,pago alquiler mensual,393.12,Vivienda
3739,1797,combustible ypf,41.2,Transporte
3740,1333,curso de programacion,204.18,Educacion
3741,136,carniceria central,296.06,Alimentacion
3742,1814,cuota prestamo auto,813.04,Deudas
3743,106,viaje uber,14.75,Transporte
3744,519,analisis de sangre,62.83,Salud
3745,1942,fac estudios clinicos,392.55,Salud
3746,2862,expensas comunes,478.85,Deudas
3747,1566,impuestos municipales,37.42,Servicios
3748,126,plazo fijo,652.59,Ahorros
3749,2448,pago de medicamentos recetados,439.67,Salud
3750,2127,compra supermercado dia,267.77,Salud
3751,389,compra supermercado dia,356.89,Alimentacion
3752,1559,suscripcion spotify,125.56,Ocio
3753,1725,compra libros de texto,197.63,Educacion
3754,2122,impuestos municipales,197.17,Servicios
3755,1029,abono internet fibertel,45.47,Servicios
3756,1943,pago de estudios clinicos,349.38,Salud
3757,82,abono internet fibertel,192.28,Servicios
3758,1561,compra dolares banco,524.82,Ahorros
3759,776,pago de intereses,426.33,Deudas
3760,278,medicamentos recetados,283.16,Ocio
3761,2888,compra libros de texto,108.24,Educacion
3762,1879,cuota prestamo banco,341.19,Deudas
3763,2272,viaje cabify,45.66,Transporte
3764,1608,impuestos municipales,111.94,Servicios
3765,606,servicio de agua aysa,104.69,Servicios
3766,2067,tarjeta cuota prestamo auto,590.29,Deudas
3767,640,verduleria de la esquina,221.34,Alimentacion
3768,1790,cuota prestamo auto,339.79,Deudas
3769,1757,almacen san martin,330.15,Alimentacion
3770,1367,optica lentes,312.38,Salud
3771,2145,compra dolares banco,1268.67,Transporte
3772,175,reparacion electrica,606.09,Vivienda
3773,1377,compra dolares banco,1477.23,Ahorros
3774,348,carniceria central,367.81,Deudas
3775,1,pago tarjeta de credito,981.65,Deudas
3776,63,analisis de sangre,194.55,Salud
3777,1784,movimiento: abono telefonia movil,71.05,Servicios
3778,226,combustible shell,17.1,Transporte
3779,2471,servicio de agua aysa,137.01,Deudas
3780,1043,impuestos municipales,140.9,Servicios
3781,2079,inversion en acciones,125.61,Ahorros
3782,845,viaje cabify,33.7,Transporte
3783,2681,pago de intereses,261.86,Deudas
3784,24,matricula del colegio,360.84,Educacion
3785,2885,compra dolares banco,1324.31,Ahorros
3786,1235,cuota prestamo banco,675.37,Deudas
3787,1985,pago de medicamentos recetados,53.88,Salud
3788,161,wstudios clinicos,161.53,Salud
3789,1279,pago de intereses,836.76,Deudas
3790,1595,plazo fijo,1317.02,Ahorros
3791,2162,viaje uber,16.62,Educacion
3792,2552,fqc dentista limpieza,116.36,Salud
3793,1953,cuota prestamo banco,316.41,Deudas
3794,1696,colectivo linea 60,35.22,Transporte
3795,955,cuota prestamo auto,157.93,Deudas
3796,357,cuota jardin de infantes,778.7,Educacion
3797,2217,salida al cine,106.01,Ocio
3798,969,pago alquiler mensual,297.31,Vivienda
3799,242,compra estudios clinicos,301.76,Salud
3800,139,pago tarjeta de credito,546.27,Alimentacion
3801,2145,inversion en acciones,589.38,Educacion
3802,147,cuota prestamo banco,789.51,Deudas
3803,1081,plazo fijo,1265.74,Ahorros
3804,1066,verduleria de la esquina,82.01,Alimentacion
3805,2914,utiles escolares,563.97,Educacion
3806,543,compra abono internet fibertel,182.1,Vivienda
3807,692,cuota prestamo banco,636.88,Deudas
3808,1026,colectivo lineq 60,52.86,Transporte
3809,1162,pago alquiler mensual,474.45,Vivienda
3810,1641,servicio de qgua aysa,102.15,Servicios
3811,2952,utiles escolares,704.39,Educacion
3812,730,almacen san martin,131.47,Alimentacion
3813,2379,pqgo de combustible ypf,72.7,Transporte
3814,2665,curso de programacion,771.04,Educacion
3815,404,tarjeta compra cafeteria,117.15,Ocio
3816,2556,compra panaderia,89.25,Alimentacion
3817,1940,tarjeta optica lentes,56.94,Salud
3818,1151,juegos de consola,98.32,Ocio
3819,1736,cerveceria artesanal,80.25,Ocio
3820,1039,fac abono telefonia movil,187.65,Servicios
3821,2274,pago de medicamentos recetados,361.13,Salud
3822,2913,compras fiambreria,222.18,Alimentacion
3823,745,servicio de qgua aysa,177.17,Servicios
3824,2541,cuota prepaga osde,410.39,Salud
3825,319,taller de ingles,142.78,Educacion
3826,1243,reparacion electrica,1159.15,Deudas
3827,773,verduleria de la esquina,269.82,Alimentacion
3828,1917,abono telefonia movil,71.17,Servicios
3829,2500,pintura habitacion,483.65,Vivienda
3830,944,carniceria central,150.85,Alimentacion
3831,2896,suscripcion spotify,103.62,Ocio
3832,2015,reparacion electrica,776.16,Vivienda
3833,1214,fqc reparacion de cerradura,537.06,Vivienda
3834,2932,viaje cabify,62.17,Transporte
3835,419,verduleria y fruteria,324.89,Alimentacion
3836,865,analisis de sangre,457.03,Salud
3837,789,compra libros de texto,268.67,Educacion
3838,1872,plazo fijo,948.98,Ahorros
3839,495,abono telefonia movil,168.75,Servicios
3840,1063,reparacion de cerradura,923.64,Vivienda
3841,2210,pago de intereses,293.79,Deudas
3842,2026,reparacion de cerradura,665.15,Vivienda
3843,2169,suscripcion spotify,114.86,Ocio
3844,2447,verduleria de la esquina,99.44,Alimentacion
3845,1986,compra cafeteria,69.55,Ocio
3846,728,curso de programacion,556.09,Ahorros
3847,561,viqje uber,53.89,Transporte
3848,2652,movimiento: supermercado coto,128.41,Alimentacion
3849,1153,suscripcion spotify,46.3,Ocio
3850,540,compra viaje uber,43.33,Transporte
3851,2404,inversion en acciones,1205.68,Ahorros
3852,660,fondo comun dw inversion,1397.3,Ahorros
3853,2480,compra supermercado dia,90.96,Educacion
3854,1864,matricula del colegio,644.78,Educacion
3855,2611,pago de intereses,760.88,Deudas
3856,1451,reparacion de cerradura,430.92,Vivienda
3857,817,dentista limpieza,303.33,Salud
3858,1945,curso de programacion,333.77,Educacion
3859,2759,curso de programacion,254.71,Educacion
3860,1216,cuota prestamo auto,702.57,Deudas
3861,12,suscripcion spotify,142.11,Ocio
3862,2287,combustible shell,31.97,Transporte
3863,1896,fqc supermercado carrefour,212.58,Deudas
3864,2501,optica lentes,203.23,Salud
3865,2431,combustible ypf,72.02,Transporte
3866,2830,expensas del edificio,994.24,Vivienda
3867,48,cuota prepaga osde,368.51,Salud
3868,2365,plazo fijo,115.05,Ahorros
3869,2257,taller de ingles,346.68,Educacion
3870,1571,pago de expensas comunes,1165.7,Vivienda
3871,577,inversion en acciones,771.89,Ahorros
3872,2363,expensas del edificio,991.14,Vivienda
3873,754,juegos de consola,125.82,Ocio
3874,1060,verduleriq de la esquina,394.97,Alimentacion
3875,2963,fac viaje cabify,52.62,Transporte
3876,2803,expensas comunes,200.71,Vivienda
3877,554,inversion en acciones,1083.53,Salud
3878,403,sqlida al cine,136.06,Ocio
3879,1131,salida al cine,87.4,Ocio
3880,2087,plazo fijo,775.71,Ahorros
3881,2629,pintura habitacion,964.01,Vivienda
3882,2228,compra farmacia,447.83,Salud
3883,2060,factura gas metrogas,79.99,Servicios
3884,2991,impuestos municipales,104.99,Servicios
3885,548,transferencia ahorro mensual,893.31,Ahorros
3886,1150,salida al cine,136.43,Ocio
3887,63,combustible ypf,62.87,Transporte
3888,844,sqlida al cine,75.5,Ocio
3889,1009,compra cuota prestamo auto,313.38,Deudas
3890,1843,compra cafeteria,67.22,Ocio
3891,2032,transferencia ahorro mensual,261.35,Ahorros
3892,1323,reparacion de cerradura,478.63,Vivienda
3893,2082,compra farmacia,118.89,Salud
3894,752,compra libros de texto,594.3,Educacion
3895,49,medicamentos recetados,164.55,Salud
3896,658,tarjeta taxis de la ciudad,35.54,Transporte
3897,1661,combustible shell,44.8,Alimentacion
3898,701,reparacion electrica,393.43,Vivienda
3899,1081,medicamentos recetados,479.31,Salud
3900,2157,plazo fijo,551.05,Ahorros
3901,1541,factura luz edesur,62.21,Servicios
3902,2072,comprq cafeteria,20.47,Ocio
3903,2269,pago de intereses,262.21,Deudas
3904,1984,transferencia ahorro mensual,538.74,Ahorros
3905,315,compra farmacia,431.42,Salud
3906,2342,abono telefonia movil,181.22,Vivienda
3907,1701,transferencia ahorro mensual,1202.4,Ahorros
3908,1018,compra supermercado dia,88.46,Alimentacion
3909,638,transferencia ahorro mensual,1131.81,Ahorros
3910,2315,impuestos municipales,107.18,Servicios
3911,2136,servicio de plomeria,246.14,Vivienda
3912,2503,cena restaurante,125.43,Ocio
3913,1650,cena restaurante,100.13,Ocio
3914,2805,fac entradas recital,89.23,Ocio
3915,2479,carga sube,19.4,Transporte
3916,1776,cuota universidad,378.84,Educacion
3917,1967,tarjeta abono internet fibertel,60.88,Servicios
3918,2959,sqlida al cine,38.4,Ocio
3919,1964,analisis de sangre,180.85,Salud
3920,1768,matricula del colegio,765.14,Educacion
3921,242,cuota prestamo auto,588.52,Deudas
3922,702,compra libros de texto,610.89,Educacion
3923,2950,estudios clinicos,439.81,Salud
3924,741,trqnsferencia ahorro mensual,543.52,Ahorros
3925,2114,compra farmacia,146.92,Salud
3926,2426,combustible shell,67.4,Transporte
3927,2436,compra cafeteria,111.1,Ocio
3928,1815,cuota prestamo auto,647.67,Salud
3929,781,juegos de consola,67.37,Ocio
3930,2257,supermercado coto,169.45,Alimentacion
3931,16,cuota prestamo auto,554.85,Deudas
3932,986,verduleria de la esquina,146.38,Alimentacion
3933,367,inversion en acciones,857.81,Ahorros
3934,2828,pago tarjeta de credito,153.42,Deudas
3935,1253,juegos de consola,45.5,Ocio
3936,2488,combustible ypf,26.73,Transporte
3937,690,movimiento: transferencia ahorro mensual,425.1,Ahorros
3938,1060,pago de intereses,759.73,Deudas
3939,847,pago alquiler mensual,1192.87,Vivienda
3940,422,viaje cabify,75.55,Transporte
3941,1644,entradas recital,134.0,Ocio
3942,1213,almacen san martin,188.25,Alimentacion
3943,608,abono telefonia movil,165.06,Servicios
3944,1339,carniceria central,343.83,Alimentacion
3945,20,compra cafeteria,37.48,Ocio
3946,676,cuota universidad,303.08,Educacion
3947,382,optica lentes,118.1,Salud
3948,609,salida al cine,28.73,Ocio
3949,2191,reparacion electrica,619.83,Vivienda
3950,62,cerveceria artesanal,59.61,Ocio
3951,1266,expensas comunes,549.86,Vivienda
3952,2286,verduleria de la esquina,368.78,Alimentacion
3953,1155,tqller de ingles,635.53,Educacion
3954,1629,pago de intereses,752.76,Deudas
3955,1627,tarjeta compra cafeteria,66.94,Transporte
3956,1147,fondo comun de inversion,1105.15,Ahorros
3957,1464,compra ferreteria,1043.4,Vivienda
3958,927,fondo comun de inversion,197.51,Ahorros
3959,2390,pago tarjeta de credito,877.89,Deudas
3960,1443,wstudios clinicos,191.7,Salud
3961,1654,suscripcion spotify,134.55,Ocio
3962,2503,pago alquiler mensual,371.42,Vivienda
3963,282,pago de verduleria de la esquina,177.08,Alimentacion
3964,886,transferencia ahorro mensual,467.87,Ahorros
3965,1025,movimiento: pago alquiler mensual,510.86,Vivienda
3966,723,utiles escolares,433.55,Educacion
3967,1799,analisis de sangre,485.93,Salud
3968,1236,expensas del edificio,312.97,Vivienda
3969,87,movimiwnto: fondo comun de inversion,120.91,Ahorros
3970,665,factura gas metrogas,114.26,Servicios
3971,862,tarjeta pago saldo refinanciado,483.96,Deudas
3972,1723,medicamentos recetados,384.51,Salud
3973,2109,compra farmacia,308.85,Salud
3974,2845,factura gas metrogas,39.79,Servicios
3975,2143,pago tarjeta de credito,273.98,Deudas
3976,786,matricula del colegio,260.37,Educacion
3977,1577,supermercado carrefour,191.13,Alimentacion
3978,1668,dentista limpieza,89.53,Salud
3979,2345,compra libros de texto,233.54,Educacion
3980,694,tarjeta optica lentes,94.14,Salud
3981,2447,compra panaderia,386.52,Alimentacion
3982,2994,factura luz edesur,38.05,Servicios
3983,1255,tarjeta carniceria central,52.19,Alimentacion
3984,534,entradas recital,132.02,Servicios
3985,402,juegos de consola,70.84,Salud
3986,130,abono telefonia movil,53.76,Servicios
3987,2340,verduleria y fruteria,268.1,Alimentacion
3988,276,movimiento: cuota prepaga osde,65.94,Salud
3989,2960,plazo fijo,600.43,Alimentacion
3990,1859,tarjeta taxis de la ciudad,44.65,Transporte
3991,2974,utiles escolares,668.74,Educacion
3992,55,estudios clinicos,335.3,Salud
3993,2787,taller de ingles,564.47,Educacion
3994,765,abono internet fibertel,52.21,Servicios
3995,1221,comprq verduleria de la esquina,348.13,Alimentacion
3996,642,compra farmacia,444.19,Salud
3997,1848,comprq cafeteria,126.36,Ocio
3998,724,servicio de agua aysa,187.88,Servicios
3999,1214,compra farmacia,412.27,Salud
4000,802,reparacion de cerradura,691.02,Educacion
4001,738,suscripcion netflix,103.3,Ocio
4002,758,mqtricula del colegio,436.88,Educacion
4003,1592,inversion en acciones,1462.56,Ahorros
4004,2615,compra panaderia,374.95,Alimentacion
4005,1300,cuota universidad,124.06,Educacion
4006,1842,compras fiambreria,198.64,Alimentacion
4007,340,pago saldo refinanciado,508.39,Deudas
4008,153,factura gas metrogas,162.28,Servicios
4009,1589,taller de ingles,715.68,Educacion
4010,1422,suscripcion spotify,80.9,Ocio
4011,1468,pintura habitacion,705.66,Vivienda
4012,427,compra inversion en acciones,571.97,Ahorros
4013,2252,tarjeta cuota prepaga osde,453.0,Salud
4014,1136,carga sube,78.48,Transporte
4015,2373,abono internet fibertel,32.61,Vivienda
4016,950,combustiblw shell,60.1,Transporte
4017,2999,suscripcion spotify,57.27,Ocio
4018,1374,cuota prestamo auto,905.13,Salud
4019,2031,compra farmacia,279.16,Alimentacion
4020,2987,tarjeta consulta medica de control,287.5,Salud
4021,957,dentista limpieza,250.35,Salud
4022,1702,verduleria de la esquina,204.29,Alimentacion
4023,2942,compra dolares banco,874.0,Ahorros
4024,2483,utiles escolares,523.56,Educacion
4025,1304,fondo comun de inversion,247.5,Ahorros
4026,371,utiles escolares,213.52,Educacion
4027,2981,fac abono telefonia movil,173.79,Servicios
4028,2297,supermercado carrefour,99.2,Alimentacion
4029,2939,transferencia ahorro mensual,767.42,Alimentacion
4030,2229,compra supermercado dia,276.92,Alimentacion
4031,703,servicio de plomeria,779.02,Vivienda
4032,1675,servicio de agua aysa,31.22,Servicios
4033,2126,fondo comun dw inversion,659.79,Ahorros
4034,2967,cqrniceria central,240.81,Transporte
4035,2933,cena restaurante,101.1,Ocio
4036,2384,matricula del colegio,734.81,Educacion
4037,50,estudios clinicos,281.19,Salud
4038,2133,viaje cabify,28.23,Transporte
4039,2743,compra supermercado dia,395.08,Educacion
4040,2052,taxis de la ciudad,33.05,Transporte
4041,993,servicio de plomeria,1185.23,Vivienda
4042,2365,cerveceria artesanal,110.8,Ocio
4043,1135,mqtricula del colegio,514.53,Educacion
4044,1358,reparacion de cerradura,586.52,Vivienda
4045,1875,movimiento: cuota prestamo banco,281.53,Vivienda
4046,763,impuestos municipales,164.87,Servicios
4047,2660,expensas comunes,468.2,Vivienda
4048,1005,utiles escolares,366.39,Educacion
4049,2962,fac utiles escolares,721.51,Educacion
4050,2847,optica lentes,59.87,Salud
4051,2167,inversion en acciones,609.14,Ahorros
4052,350,matricula del colegio,279.22,Educacion
4053,2965,peqje autopista,33.32,Transporte
4054,687,reparacion de cerradura,449.04,Vivienda
4055,542,pago de pintura habitacion,733.23,Vivienda
4056,361,cuota universidad,379.3,Educacion
4057,2756,cuota prestamo banco,550.81,Deudas
4058,2733,cuota universidad,488.52,Educacion
4059,2378,carniceria central,214.91,Alimentacion
4060,2267,carga sube,76.94,Ocio
4061,2256,dentista limpieza,270.13,Salud
4062,1694,compra farmacia,268.12,Salud
4063,2893,compra cafeteria,118.55,Ocio
4064,85,compra inversion en acciones,706.01,Ahorros
4065,685,almacen san martin,284.29,Alimentacion
4066,245,comprq cafeteria,141.4,Ocio
4067,2920,fondo comun de inversion,988.29,Ahorros
4068,1359,reparacion de cerradura,788.22,Vivienda
4069,596,estudios clinicos,52.07,Salud
4070,2733,juegos de consola,139.43,Ocio
4071,1157,fac salida al cine,124.43,Ocio
4072,1824,tqxis de la ciudad,11.04,Transporte
4073,1798,taller de ingles,371.43,Educacion
4074,350,pago de carniceria central,163.54,Alimentacion
4075,2330,pago de plazo fijo,172.26,Ahorros
4076,2341,comprq dolares banco,1055.12,Ahorros
4077,1293,consulta medica de control,331.55,Salud
4078,1885,curso de programacion,100.7,Educacion
4079,1561,medicamentos recetados,386.85,Salud
4080,984,abono telefonia movil,112.09,Servicios
4081,2068,supermercado coto,241.37,Alimentacion
4082,2807,cuotq universidad,442.3,Educacion
4083,1864,suscripcion spotify,53.58,Ocio
4084,1980,abono internet fibertel,143.48,Servicios
4085,1737,compra estudios clinicos,345.06,Salud
4086,2453,factura gas metrogas,84.29,Servicios
4087,1139,expensas comunes,688.52,Vivienda
4088,1919,cena restaurante,73.16,Ocio
4089,701,compra libros de texto,363.38,Educacion
4090,2074,reparacion de cerradura,865.14,Vivienda
4091,566,cena restaurante,53.62,Ocio
4092,395,medicamentos recetados,160.55,Salud
4093,1957,tarjeta optica lentes,253.88,Salud
4094,523,matricula del colegio,362.27,Alimentacion
4095,1563,fac cuota universidad,700.04,Educacion
4096,2910,transferencia ahorro mensual,277.08,Ahorros
4097,1107,repqracion electrica,1066.7,Deudas
4098,2850,taller de ingles,685.92,Educacion
4099,550,plazo fijo,1061.75,Ahorros
4100,1469,pintura habitacion,345.45,Vivienda
4101,2135,dentista limpieza,207.39,Salud
4102,833,factura luz edesur,177.55,Servicios
4103,387,servicio de agua aysa,64.23,Servicios
4104,963,cuotq prestamo auto,711.57,Deudas
4105,2716,expensas del edificio,762.84,Vivienda
4106,1422,reparacion de cerradura,688.37,Vivienda
4107,286,movimiento: inversion en acciones,1080.12,Ahorros
4108,2746,abono internet fibertel,187.06,Servicios
4109,369,consulta medica de control,53.97,Alimentacion
4110,2703,inversion en qcciones,118.06,Ahorros
4111,1446,matricula del colegio,799.19,Educacion
4112,1742,pago alquiler mensual,1193.07,Vivienda
4113,2702,supermercado coto,316.88,Alimentacion
4114,2745,compra dolares banco,1168.86,Ahorros
4115,1467,cena restaurante,74.99,Ocio
4116,1777,combustible shell,67.56,Transporte
4117,1544,abono telefonia movil,177.97,Servicios
4118,915,estudios clinicos,371.26,Salud
4119,288,salida al cine,75.83,Ocio
4120,95,movimiento: cuota prestamo banco,488.82,Deudas
4121,2717,cuota prepaga osde,348.87,Alimentacion
4122,2089,compra libros de texto,446.63,Educacion
4123,331,compra cerveceria artesanal,44.18,Ocio
4124,1837,supermercado carrefour,302.42,Alimentacion
4125,1805,factura gas metrogas,127.24,Servicios
4126,1179,pago alquiler mensual,890.54,Vivienda
4127,2552,servicio de agua aysa,82.05,Servicios
4128,275,factura gas metrogas,170.84,Servicios
4129,1589,matricula del colegio,376.15,Educacion
4130,2227,pago de intereses,921.14,Deudas
4131,1957,pago saldo refinanciado,789.77,Deudas
4132,1776,taller de ingles,162.33,Educacion
4133,2185,cuotq jardin de infantes,355.28,Educacion
4134,767,impuestos municipqles,124.69,Servicios
4135,988,movimiento: salida al cine,36.34,Ocio
4136,1760,movimiento: compra ferreteria,818.41,Vivienda
4137,1204,combustible ypf,38.08,Transporte
4138,2291,pago saldo refinanciado,446.49,Deudas
4139,1120,optica lentes,96.58,Salud
4140,197,taxis de la ciudad,53.62,Transporte
4141,526,servicio de agua aysa,53.39,Servicios
4142,632,entradas recital,97.45,Ocio
4143,1411,cuota prestamo auto,259.57,Transporte
4144,408,entradas recital,21.01,Ocio
4145,1293,abono internet fibertel,156.83,Servicios
4146,1195,peqje autopista,29.62,Transporte
4147,1949,combustible shell,34.28,Transporte
4148,691,entradas recital,79.34,Ocio
4149,2218,comprq dolares banco,459.15,Ahorros
4150,159,estudios clinicos,63.68,Transporte
4151,2495,cuota prestamo banco,518.82,Deudas
4152,1690,taller de ingles,150.97,Educacion
4153,1938,cena restaurante,143.16,Ocio
4154,1018,suscripcion spotify,34.84,Ocio
4155,1081,medicamentos recetados,124.67,Salud
4156,112,compra libros de texto,409.32,Educacion
4157,48,comprq supermercado dia,81.49,Alimentacion
4158,1911,movimiento: viaje cabify,45.72,Transporte
4159,376,consulta medica de control,270.97,Transporte
4160,828,compra ferreteria,682.82,Vivienda
4161,2081,fondo comun de inversion,259.45,Ahorros
4162,2552,compra panaderia,281.37,Alimentacion
4163,627,fac analisis de sangre,241.03,Salud
4164,1920,dentista limpieza,252.18,Salud
4165,1027,compra cafeteria,75.73,Ocio
4166,1892,compra libros de texto,444.09,Educacion
4167,2090,compra farmacia,360.85,Salud
4168,2057,reparacion de cerradura,1067.67,Vivienda
4169,819,compra servicio de agua aysa,121.38,Servicios
4170,657,dentista limpieza,219.2,Salud
4171,1812,compra dolares banco,1343.94,Ahorros
4172,790,pago saldo refinanciado,537.25,Ocio
4173,1460,colectivo linea 60,41.77,Transporte
4174,1155,cuota jardin de infantes,573.53,Educacion
4175,1630,servicio de plomeria,1008.19,Vivienda
4176,1544,tarjeta cuota universidad,386.91,Educacion
4177,2646,estudios clinicos,172.07,Salud
4178,1674,verduleria de la esquina,391.83,Alimentacion
4179,1905,pago tarjeta de credito,587.99,Deudas
4180,1437,compra dolares banco,245.88,Ahorros
4181,936,pago tarjeta de credito,266.24,Deudas
4182,21,expensas comunes,1124.73,Vivienda
4183,999,colectivo linea 60,57.18,Transporte
4184,1432,expensas del edificio,774.82,Vivienda
4185,457,pago de compra dolares banco,1376.24,Ahorros
4186,1468,inversion en acciones,353.54,Ahorros
4187,2028,cuota universidad,789.08,Educacion
4188,265,compra libros de texto,209.81,Educacion
4189,2232,cuota prepaga osde,471.34,Salud
4190,2275,juegos de consolq,29.53,Ocio
4191,2047,servicio de agua aysa,36.51,Servicios
4192,969,fac inversion en acciones,1461.11,Ahorros
4193,805,abono internet fibertel,77.13,Servicios
4194,1254,analisis de sangre,256.17,Salud
4195,723,pqgo de abono telefonia movil,120.86,Servicios
4196,1096,cqrniceria central,124.57,Alimentacion
4197,1002,combustible ypf,32.9,Transporte
4198,2923,pqgo alquiler mensual,682.35,Vivienda
4199,84,movimiento: abono telefonia movil,132.99,Servicios
4200,740,inversion en acciones,1049.96,Ahorros
4201,1758,curso de progrqmacion,673.39,Educacion
4202,1994,pago de intereses,998.78,Deudas
4203,223,servicio de agua aysa,182.09,Servicios
4204,2841,mqtricula del colegio,595.43,Educacion
4205,2781,cuota prepaga osde,106.86,Educacion
4206,2453,consulta medica de control,433.62,Servicios
4207,1193,juegos de consola,40.91,Ocio
4208,329,servicio de plomeria,1137.98,Vivienda
4209,426,dentista limpieza,409.73,Salud
4210,1578,pinturq habitacion,1077.68,Vivienda
4211,770,analisis de sangre,340.28,Salud
4212,1220,suscripcion netflix,94.24,Ocio
4213,608,factura gas metrogas,162.62,Servicios
4214,1853,pqgo alquiler mensual,696.31,Vivienda
4215,2574,dentista limpieza,466.5,Salud
4216,2673,dentista limpieza,391.79,Salud
4217,2125,dentista limpieza,385.68,Salud
4218,2047,transferencia ahorro mensual,451.5,Ahorros
4219,1301,analisis de sangre,301.62,Vivienda
4220,920,consulta medica de control,65.83,Salud
4221,2994,pago saldo refinanciado,864.2,Deudas
4222,466,reparacion de cerradura,823.35,Vivienda
4223,1965,factura gas metrogas,160.44,Servicios
4224,1472,consulta medica de control,70.7,Salud
4225,1946,cuota prestamo auto,229.8,Deudas
4226,1184,dentistq limpieza,307.06,Servicios
4227,2540,comprq taller de ingles,347.61,Educacion
4228,2361,compra panaderia,57.14,Alimentacion
4229,1655,matricula del colegio,405.22,Educacion
4230,2040,suscripcion netflix,116.65,Ocio
4231,1185,servicio de agua aysa,123.47,Servicios
4232,2356,viaje cabify,28.63,Educacion
4233,1699,taxis de la ciudad,24.35,Transporte
4234,2739,fondo comun de inversion,1382.23,Ahorros
4235,2137,supermercado carrefour,332.61,Alimentacion
4236,2783,peaje autopista,74.47,Transporte
4237,778,viaje uber,77.91,Transporte
4238,2799,factura gas metrogas,83.27,Servicios
4239,2419,suscripcion spotify,89.08,Ocio
4240,2499,movimiento: transferencia ahorro mensual,1156.78,Ahorros
4241,167,abono telefonia movil,124.92,Servicios
4242,2440,consulta medica de control,84.48,Salud
4243,736,analisis de sangre,245.83,Salud
4244,2539,comprq panaderia,187.63,Vivienda
4245,925,compra cuota prestamo auto,150.42,Servicios
4246,1174,cqrniceria central,263.07,Alimentacion
4247,1492,movimiento: combustible ypf,72.49,Transporte
4248,1990,abono telefonia movil,80.78,Servicios
4249,1067,qlmacen san martin,345.18,Alimentacion
4250,945,pinturq habitacion,472.41,Vivienda
4251,29,plazo fijo,649.1,Ahorros
4252,1898,cuota prestamo banco,593.1,Deudas
4253,1656,cuota prestamo banco,758.84,Deudas
4254,1873,dentista limpieza,155.03,Salud
4255,1055,cuota universidad,607.13,Educacion
4256,2741,reparacion de cerradura,665.21,Vivienda
4257,1698,pago saldo refinanciado,550.9,Deudas
4258,2176,abono internet fibertel,161.17,Servicios
4259,2815,impuestos municipales,91.34,Servicios
4260,2489,factura gas metrogas,130.44,Servicios
4261,2917,compra compra supermercado dia,159.16,Transporte
4262,1412,abono internet fibertel,36.83,Servicios
4263,1790,servicio de plomeria,610.08,Vivienda
4264,1666,medicamentos recetados,315.23,Salud
4265,524,compra libros de texto,631.42,Educacion
4266,1571,combustible ypf,64.48,Transporte
4267,1734,pago de cuota prestamo banco,395.77,Deudas
4268,760,plazo fijo,948.92,Ahorros
4269,2158,curso de programacion,160.25,Educacion
4270,1352,optica lentes,73.24,Salud
4271,1269,fac abono internet fibertel,50.52,Transporte
4272,1786,compra supermercado dia,303.51,Alimentacion
4273,1853,analisis de sangre,439.55,Salud
4274,2211,transferencia ahorro mensual,1052.63,Ahorros
4275,2608,pago de taxis de la ciudad,30.6,Transporte
4276,399,compra dolares banco,1152.17,Alimentacion
4277,2631,compras fiambreria,143.26,Alimentacion
4278,2447,pqgo alquiler mensual,311.15,Vivienda
4279,1670,pago de compra cafeteria,96.7,Ocio
4280,239,factura luz edesur,175.51,Servicios
4281,1604,estudios clinicos,320.99,Salud
4282,1147,transferencia ahorro mensual,436.23,Ahorros
4283,1558,reparacion de cerradura,451.5,Vivienda
4284,2158,cuota jardin de infantes,747.56,Educacion
4285,1295,cuota prestamo auto,856.77,Deudas
4286,300,optica lentes,56.17,Salud
4287,1766,pago tarjeta de credito,600.08,Deudas
4288,764,carniceria central,295.19,Alimentacion
4289,249,movimiento: cuota prestamo auto,339.06,Ahorros
4290,2569,pago de intereses,402.35,Salud
4291,34,compra cena restaurante,57.24,Ocio
4292,228,matricula del colegio,102.84,Servicios
4293,585,compra dolares banco,241.28,Ahorros
4294,2861,juegos de consola,28.57,Ocio
4295,724,compra supermercado dia,208.57,Alimentacion
4296,2632,comprq cafeteria,63.51,Ocio
4297,570,compra panaderia,190.62,Alimentacion
4298,220,salida al cine,20.21,Ocio
4299,1395,optica lentes,87.91,Salud
4300,2835,juegos de consola,135.16,Ocio
4301,2576,cena restaurante,71.15,Ocio
4302,2123,verduleria y fruteria,336.21,Alimentacion
4303,1642,fondo comun de inversion,1401.62,Ahorros
4304,136,pago tarjeta de credito,229.04,Deudas
4305,2122,taxis de la ciudad,78.78,Transporte
4306,254,compra viaje uber,56.74,Transporte
4307,1955,compra libros de texto,124.81,Educacion
4308,50,taxis de la ciudad,33.11,Transporte
4309,515,supermercado carrefour,242.96,Alimentacion
4310,2792,viaje cabify,30.48,Transporte
4311,2779,matricula del colegio,156.22,Educacion
4312,2619,abono internet fibertel,188.94,Servicios
4313,1838,cuota jardin de infantes,670.53,Educacion
4314,576,compra compras fiambreria,118.67,Alimentacion
4315,1166,factura luz edesur,93.58,Servicios
4316,903,compra suscripcion netflix,91.7,Ocio
4317,2250,impuestos municipales,177.56,Servicios
4318,2255,peaje autopista,51.95,Transporte
4319,415,cuota jardin de infantes,539.9,Educacion
4320,2269,pago tarjeta de credito,947.98,Deudas
4321,2806,fqctura luz edesur,151.74,Servicios
4322,1105,cerveceria artesanal,120.85,Ocio
4323,763,juegos de consola,139.39,Ocio
4324,563,supermercado coto,135.76,Educacion
4325,2417,compras fiambreria,117.84,Alimentacion
4326,1516,impuestos municipales,143.23,Servicios
4327,1935,analisis de sangre,129.02,Salud
4328,2944,salida al cine,42.71,Ocio
4329,1370,cuota jardin de infantes,516.84,Educacion
4330,204,consulta medica de control,187.28,Salud
4331,1577,suscripcion netflix,59.28,Deudas
4332,69,cuota prepaga osde,470.49,Salud
4333,516,tarjeta cuota prestamo banco,356.31,Deudas
4334,2288,servicio de agua aysa,149.82,Servicios
4335,361,transferencia ahorro mensual,440.4,Ahorros
4336,1465,taller de ingles,127.59,Educacion
4337,1055,supermercado coto,282.57,Alimentacion
4338,1923,pago de intereses,522.14,Deudas
4339,1653,tarjeta colectivo linea 60,66.44,Transporte
4340,707,fac entradas recital,102.72,Ocio
4341,1626,pqgo de compra supermercado dia,203.27,Alimentacion
4342,2738,juegos de consola,140.14,Ocio
4343,657,servicio de plomeria,946.88,Vivienda
4344,1346,curso de programacion,577.8,Educacion
4345,344,abono telefonia movil,181.46,Servicios
4346,536,juegos de consola,144.76,Ocio
4347,355,supermercado coto,138.77,Alimentacion
4348,928,compra dolares banco,1253.78,Ahorros
4349,983,suscripcion spotify,26.66,Ocio
4350,2018,movimiento: cerveceria artesanal,33.96,Ocio
4351,2153,inversion en acciones,919.88,Ahorros
4352,1346,curso de programacion,678.59,Educacion
4353,1596,suscripcion netflix,80.84,Ocio
4354,1907,salida al cine,99.51,Ocio
4355,527,abono internet fibertel,97.41,Servicios
4356,2552,inversion en acciones,1335.46,Ahorros
4357,931,taller de ingles,500.51,Educacion
4358,2757,taller de ingles,341.14,Educacion
4359,2283,compra expensas del edificio,655.27,Vivienda
4360,1947,servicio de plomeria,1082.12,Vivienda
4361,1287,cuota prestamo banco,359.95,Deudas
4362,2542,taxis de la ciudad,13.62,Transporte
4363,1917,pago de intereses,485.0,Deudas
4364,1594,viaje cabify,24.96,Transporte
4365,2926,compra panaderia,208.33,Alimentacion
4366,1374,compra dolares banco,756.28,Ahorros
4367,1224,cuota prestamo auto,288.51,Deudas
4368,1960,suscripcion netflix,100.92,Ocio
4369,966,expensas del edificio,1052.6,Vivienda
4370,964,taxis de la ciudad,23.68,Transporte
4371,897,pago tarjeta de credito,860.05,Deudas
4372,1359,medicamentos recetados,193.73,Salud
4373,217,reparacion de cerradura,807.5,Vivienda
4374,623,fac curso de programacion,147.0,Educacion
4375,353,reparacion de cerradura,556.29,Vivienda
4376,692,cuota prestamo auto,452.16,Transporte
4377,2723,transferencia ahorro mensual,927.99,Servicios
4378,631,verduleriq de la esquina,392.46,Alimentacion
4379,2373,peaje autopista,12.38,Transporte
4380,2949,expensas del edificio,732.31,Educacion
4381,1169,supermercado coto,362.5,Alimentacion
4382,2356,compra cafeteria,74.71,Ocio
4383,654,matricula del colegio,191.79,Educacion
4384,2333,abono internet fibertel,133.67,Educacion
4385,392,compra cafeteria,110.22,Ocio
4386,2408,consulta medica de control,137.6,Salud
4387,769,cuota jardin de infantes,429.59,Ocio
4388,797,estudios clinicos,223.26,Salud
4389,932,inversion en qcciones,1426.26,Ahorros
4390,1971,colectivo linea 60,30.4,Educacion
4391,165,compra entradas recital,147.24,Ocio
4392,733,inversion en acciones,256.66,Ahorros
4393,581,impuestos municipales,163.86,Servicios
4394,821,utiles escolares,721.53,Educacion
4395,1248,combustiblw shell,69.72,Transporte
4396,124,combustible shell,70.86,Transporte
4397,1972,pintura habitacion,1105.22,Vivienda
4398,344,combustiblw shell,42.91,Vivienda
4399,1875,fac cuota prestamo auto,745.35,Deudas
4400,524,servicio de agua aysa,192.1,Ocio
4401,129,factura luz edesur,80.48,Servicios
4402,1159,medicamentos recetados,208.77,Salud
4403,2705,servicio de qgua aysa,144.54,Servicios
4404,2786,movimiento: pago de intereses,447.15,Educacion
4405,2987,cuota universidad,507.31,Educacion
4406,2119,compra supermercado dia,279.81,Alimentacion
4407,2321,compra supermercado coto,315.39,Alimentacion
4408,1211,reparacion electrica,586.46,Vivienda
4409,1027,viaje cabify,25.67,Transporte
4410,1309,fac factura luz edesur,48.83,Servicios
4411,22,wstudios clinicos,142.65,Salud
4412,166,expensas del edificio,1071.84,Vivienda
4413,1334,fondo comun de inversion,693.62,Ahorros
4414,2923,combustible shell,59.5,Transporte
4415,1501,pago de cuota prestamo auto,609.7,Deudas
4416,498,supermercado coto,135.78,Alimentacion
4417,434,consulta medica de control,219.34,Salud
4418,2806,reparacion de cerradura,1085.57,Vivienda
4419,2282,cerveceria artesanal,61.6,Servicios
4420,837,supermercado carrefour,147.28,Alimentacion
4421,1694,fac pago de intereses,700.87,Deudas
4422,663,combustiblw shell,33.32,Ocio
4423,725,cuota jardin de infantes,710.25,Ahorros
4424,376,pago de entradas recital,135.2,Ocio
4425,2778,cuota prestamo banco,913.34,Deudas
4426,303,optica lentes,68.01,Salud
4427,2453,fac plazo fijo,349.39,Ahorros
4428,1687,cuota universidad,349.86,Educacion
4429,708,cuota prestamo auto,496.29,Alimentacion
4430,917,servicio de plomeria,1083.27,Vivienda
4431,2069,trqnsferencia ahorro mensual,419.87,Ahorros
4432,257,pago saldo refinanciado,922.62,Deudas
4433,399,taller de ingles,133.88,Educacion
4434,51,tarjeta optica lentes,369.47,Salud
4435,2495,supermercado carrefour,273.57,Alimentacion
4436,2875,movimiento: utiles escolares,668.21,Educacion
4437,595,cuota universidad,562.28,Educacion
4438,818,compra ferreteria,753.77,Vivienda
4439,636,pago de intereses,689.03,Deudas
4440,1073,dentistq limpieza,330.85,Ocio
4441,1653,compra dolares banco,1023.05,Ahorros
4442,1142,compra farmacia,482.86,Salud
4443,1477,reparacion electrica,334.64,Vivienda
4444,775,cerveceria artesanal,44.96,Ocio
4445,1971,compra plazo fijo,1492.03,Ahorros
4446,1665,fac taxis de la ciudad,58.16,Transporte
4447,397,taxis de la ciudad,52.67,Transporte
4448,2731,peaje autopista,59.2,Ocio
4449,2759,utiles escolares,218.68,Educacion
4450,1396,cena restaurante,114.64,Vivienda
4451,1121,consulta medica de control,380.76,Salud
4452,529,movimiento: optica lentes,48.63,Salud
4453,685,carga sube,77.3,Transporte
4454,2661,juegos de consolq,58.87,Ocio
4455,2234,fac verduleria de la esquina,89.0,Alimentacion
4456,2744,inversion en acciones,914.12,Ahorros
4457,2263,reparacion electrica,783.09,Vivienda
4458,2264,combustible ypf,19.29,Transporte
4459,2077,compra cafeteria,25.77,Ocio
4460,102,cuota jardin de infantes,156.96,Educacion
4461,123,estudios clinicos,57.49,Salud
4462,2102,pago de analisis de sangre,82.37,Salud
4463,1307,compra libros de texto,135.81,Educacion
4464,1638,servicio de plomeria,527.31,Ocio
4465,1141,cuota universidad,374.9,Educacion
4466,616,colectivo linea 60,65.15,Transporte
4467,557,tarjeta verduleria de la esquina,264.23,Alimentacion
4468,114,utiles escolares,724.34,Salud
4469,2903,movimiento: verduleria de la esquina,260.34,Alimentacion
4470,1567,estudios clinicos,497.2,Salud
4471,2724,cuota prestamo auto,606.24,Deudas
4472,977,fac cuota prestamo auto,453.64,Deudas
4473,701,inversion en acciones,145.84,Ahorros
4474,1317,tarjeta compra panaderia,159.77,Alimentacion
4475,2340,reparacion de cerradura,398.65,Vivienda
4476,261,suscripcion spotify,113.93,Ocio
4477,2612,impuestos municipales,85.21,Servicios
4478,2097,compra utiles escolares,440.1,Educacion
4479,1030,pago de impuestos municipales,98.16,Servicios
4480,379,pago tarjeta de credito,378.98,Deudas
4481,1910,suscripcion netflix,79.24,Ocio
4482,2272,pinturq habitacion,763.48,Vivienda
4483,1047,almacen san martin,209.88,Ocio
4484,1008,compra taller de ingles,138.23,Educacion
4485,2705,compra ferreteria,1033.25,Vivienda
4486,110,cuota universidad,627.09,Educacion
4487,2772,reparacion electrica,928.71,Vivienda
4488,2601,inversion en acciones,211.57,Ahorros
4489,1423,estudios clinicos,341.36,Salud
4490,1006,compra dentista limpieza,199.62,Salud
4491,698,fac abono internet fibertel,166.72,Servicios
4492,2774,compra combustible shell,54.69,Transporte
4493,306,plazo fijo,1499.16,Ahorros
4494,1606,fac pago de intereses,527.6,Deudas
4495,1732,juegos de consola,78.52,Ocio
4496,959,comprq dolares banco,1240.44,Ahorros
4497,954,consulta medica de control,335.92,Transporte
4498,1175,pago alquiler mensual,360.9,Vivienda
4499,2669,pago de factura gas metrogas,66.39,Deudas
4500,2678,compra panaderia,142.7,Alimentacion
4501,2925,comprq compra supermercado dia,57.11,Alimentacion
4502,1631,verduleria y fruteria,360.59,Alimentacion
4503,1792,cuota prestamo auto,196.87,Deudas
4504,2604,compra cafeteria,99.06,Ocio
4505,1972,comprq farmacia,198.79,Salud
4506,67,factura gas metrogas,130.31,Servicios
4507,1180,cena restaurante,118.19,Ocio
4508,835,matricula del colegio,609.8,Educacion
4509,206,optica lentes,173.39,Salud
4510,2834,reparacion electrica,828.21,Ocio
4511,155,almacen san martin,322.24,Alimentacion
4512,1715,movimiento: plazo fijo,305.9,Ahorros
4513,1533,compra libros de texto,784.72,Educacion
4514,1596,viaje uber,30.26,Transporte
4515,2046,fondo comun de inversion,1357.18,Ahorros
4516,2831,abono telefonia movil,106.57,Servicios
4517,1491,pago de intereses,309.65,Ahorros
4518,2633,compra farmacia,466.82,Salud
4519,708,compra servicio de agua aysa,143.71,Servicios
4520,1935,verduleria y fruteria,280.29,Alimentacion
4521,179,pago de salida al cine,137.89,Ocio
4522,1072,compra juegos de consola,55.13,Ocio
4523,1096,cenq restaurante,39.99,Ocio
4524,113,tarjeta dentista limpieza,122.08,Salud
4525,757,juegos de consola,116.59,Ocio
4526,897,dentista limpieza,368.19,Salud
4527,1927,plazo fijo,847.79,Ahorros
4528,2869,abono telefonia movil,165.44,Servicios
4529,159,reparacion electrica,1078.75,Vivienda
4530,786,cuota prepaga osde,214.85,Salud
4531,1804,suscripcion spotify,86.53,Ocio
4532,1840,plazo fijo,1241.75,Ahorros
4533,2299,estudios clinicos,393.95,Salud
4534,1543,movimiento: pago de intereses,741.96,Deudas
4535,113,compra cafeteria,57.61,Ocio
4536,259,compra ferreteria,541.34,Vivienda
4537,2155,curso de programacion,685.25,Ahorros
4538,575,compra farmacia,239.9,Salud
4539,1382,pqgo de combustible shell,70.32,Transporte
4540,1807,transferencia ahorro mensual,1008.11,Ahorros
4541,1223,movimiento: dentista limpieza,436.19,Salud
4542,2475,juegos de consolq,115.04,Ocio
4543,1502,taller de ingles,245.75,Educacion
4544,859,pago saldo refinanciado,647.55,Salud
4545,2966,utiles escolares,225.67,Educacion
4546,1597,pago de intereses,847.61,Deudas
4547,1562,cuota jardin de infantes,378.49,Educacion
4548,2675,cenq restaurante,62.33,Ocio
4549,2523,utiles escolares,653.74,Educacion
4550,2600,taxis de la ciudad,66.82,Ocio
4551,2392,movimiento: cerveceria artesanal,29.2,Ocio
4552,2676,servicio de qgua aysa,172.43,Servicios
4553,2184,medicamentos recetados,142.78,Salud
4554,277,optica lentes,155.14,Ocio
4555,2013,servicio de agua aysa,127.67,Servicios
4556,2079,expensas del edificio,1003.62,Vivienda
4557,247,viaje uber,73.0,Transporte
4558,411,compra plazo fijo,1007.71,Ahorros
4559,2075,inversion en qcciones,513.63,Ahorros
4560,73,juegos de consolq,26.55,Vivienda
4561,1121,peaje autopista,70.65,Transporte
4562,673,optica lentes,330.21,Salud
4563,1370,cuotq jardin de infantes,138.55,Ahorros
4564,2524,compra libros de texto,505.6,Educacion
4565,1324,compra compra dolares banco,1103.18,Ahorros
4566,287,medicamentos recetados,233.69,Salud
4567,1909,taxis de la ciudad,47.8,Transporte
4568,212,pago saldo refinanciado,881.54,Deudas
4569,401,abono telefonia movil,170.99,Servicios
4570,655,compra dolares banco,247.39,Ocio
4571,498,movimiento: medicamentos recetados,302.04,Salud
4572,2896,juegos de consola,73.94,Ocio
4573,1352,cuota universidad,476.41,Educacion
4574,98,curso de programacion,353.88,Educacion
4575,2414,pago tarjeta de credito,929.59,Deudas
4576,463,almacen san martin,140.95,Alimentacion
4577,2076,compra panaderia,134.88,Alimentacion
4578,2761,estudios clinicos,236.68,Salud
4579,273,viaje uber,37.46,Transporte
4580,2874,taxis de la ciudad,18.56,Transporte
4581,1151,colectivo lineq 60,23.3,Deudas
4582,2250,expensas comunes,759.0,Vivienda
4583,2498,almacen san martin,316.94,Transporte
4584,1112,inversion en acciones,985.2,Ahorros
4585,19,cuota jardin de infantes,776.03,Educacion
4586,1617,movimiento: tqller de ingles,775.66,Educacion
4587,1482,compra dolares banco,727.7,Ahorros
4588,2359,compra libros de texto,215.08,Educacion
4589,412,cuota prestamo banco,614.6,Deudas
4590,742,carniceria central,192.38,Alimentacion
4591,2672,fqc compras fiambreria,173.41,Alimentacion
4592,2780,servicio de plomeria,451.02,Vivienda
4593,2683,pago saldo refinanciado,182.76,Deudas
4594,2546,medicamentos recetados,352.98,Salud
4595,2292,almacen san martin,299.47,Alimentacion
4596,2738,comprq dolares banco,965.29,Salud
4597,2625,plazo fijo,1251.2,Ahorros
4598,1404,compra dolares banco,1277.93,Ahorros
4599,515,movimiento: fondo comun de inversion,525.25,Ahorros
4600,207,viaje uber,22.04,Transporte
4601,948,movimiento: pintura habitacion,1039.65,Vivienda
4602,2442,fac colectivo linea 60,72.28,Transporte
4603,1829,abono internet fibertel,100.43,Servicios
4604,2766,optica lentes,117.77,Salud
4605,1999,inversion en acciones,1147.01,Ahorros
4606,2250,impuestos municipales,146.78,Servicios
4607,2168,pago de pago saldo refinanciado,338.42,Salud
4608,1673,fac plazo fijo,997.99,Ahorros
4609,1831,cuota prestamo banco,443.62,Deudas
4610,2437,factura gas metrogas,152.99,Servicios
4611,1561,fondo comun dw inversion,916.12,Ahorros
4612,1848,verduleria de la esquina,267.56,Alimentacion
4613,2282,servicio de plomeria,1193.34,Vivienda
4614,1657,pago alquiler mensual,559.96,Vivienda
4615,602,cuota universidad,441.81,Educacion
4616,1344,pago saldo refinanciado,740.9,Deudas
4617,712,verduleria y fruteria,110.64,Alimentacion
4618,982,juegos de consola,141.85,Ocio
4619,1204,inversion en acciones,1319.11,Ahorros
4620,2905,cuota prestamo banco,269.8,Deudas
4621,1392,viaje cabify,29.59,Transporte
4622,2124,fqctura luz edesur,197.43,Servicios
4623,2697,taller de ingles,382.61,Educacion
4624,2698,combustible ypf,68.88,Transporte
4625,2544,compra supermercado dia,382.42,Alimentacion
4626,830,colectivo linea 60,58.4,Transporte
4627,2531,salida al cine,83.84,Ocio
4628,2667,pago de intereses,624.16,Deudas
4629,550,comprq farmacia,188.56,Salud
4630,646,cuota jardin de infantes,424.21,Educacion
4631,1245,peaje autopista,29.68,Transporte
4632,2550,tarjeta pago saldo refinanciado,415.1,Deudas
4633,846,reparacion de cerradura,214.56,Vivienda
4634,2101,salida al cine,23.29,Ocio
4635,450,consulta medica de control,495.61,Salud
4636,2110,cuota prestamo auto,159.39,Deudas
4637,44,pago saldo refinanciado,623.53,Deudas
4638,2868,consulta medica de control,293.12,Salud
4639,1582,inversion en acciones,845.89,Ahorros
4640,659,utiles escolares,655.57,Educacion
4641,728,inversion en acciones,1080.8,Ahorros
4642,2900,compra servicio de agua aysa,85.63,Servicios
4643,2095,estudios clinicos,469.76,Salud
4644,2868,suscripcion spotify,67.2,Ocio
4645,1048,tarjeta combustible ypf,41.49,Transporte
4646,1681,juegos de consolq,23.89,Ocio
4647,2137,matricula del colegio,672.92,Educacion
4648,1198,analisis de sangre,57.12,Salud
4649,1143,factura luz edesur,132.28,Servicios
4650,2783,servicio de plomeria,947.83,Vivienda
4651,1692,suscripcion netflix,32.21,Ocio
4652,2226,inversion en acciones,1437.8,Ahorros
4653,1856,juegos de consola,77.26,Ocio
4654,1948,reparacion electrica,557.91,Vivienda
4655,1366,tqxis de la ciudad,41.53,Transporte
4656,2949,compra dolares banco,316.41,Ahorros
4657,438,expensas comunes,1069.8,Vivienda
4658,1452,fac pintura habitacion,704.31,Vivienda
4659,426,tarjeta taxis de la ciudad,66.42,Transporte
4660,968,matricula del colegio,401.24,Educacion
4661,1405,suscripcion spotify,22.92,Ocio
4662,486,entradas recital,24.44,Ocio
4663,1756,tqrjeta optica lentes,202.41,Salud
4664,2508,inversion en acciones,514.0,Ahorros
4665,2969,factura luz edesur,151.88,Servicios
4666,1580,dentista limpieza,293.88,Salud
4667,2796,fqc expensas comunes,337.54,Vivienda
4668,1897,abono telefonia movil,101.77,Servicios
4669,51,pago tarjeta de credito,718.0,Deudas
4670,2357,cerveceria artesanal,66.31,Ocio
4671,1058,pago alquiler mensual,262.55,Vivienda
4672,1660,taxis de la ciudad,73.08,Transporte
4673,1613,pago saldo refinanciado,351.12,Ahorros
4674,1928,verduleria y fruteria,77.94,Alimentacion
4675,2683,fondo comun de inversion,1229.44,Ahorros
4676,205,pago de cuota prestamo banco,648.23,Deudas
4677,2788,medicamentos recetados,333.86,Salud
4678,1094,reparacion electrica,927.79,Vivienda
4679,533,pintura habitacion,394.83,Vivienda
4680,2156,viaje cabify,55.14,Transporte
4681,2924,compra curso de programacion,172.38,Educacion
4682,1265,cuota prepaga osde,110.14,Vivienda
4683,251,compra supermercado dia,59.73,Servicios
4684,135,colectivo linea 60,73.34,Transporte
4685,1615,factura gas metrogas,191.09,Servicios
4686,2737,verduleria y fruteria,273.82,Alimentacion
4687,407,taxis de la ciudad,58.73,Transporte
4688,102,servicio de agua aysa,48.58,Servicios
4689,1385,compras fiambreria,214.79,Alimentacion
4690,2741,abono internet fibertel,72.72,Servicios
4691,1552,cuota prestamo auto,566.83,Deudas
4692,1632,movimiento: viaje uber,47.38,Transporte
4693,1317,comprq ferreteria,771.11,Vivienda
4694,404,impuestos municipales,142.3,Ahorros
4695,814,verduleria y fruteria,55.63,Alimentacion
4696,2903,suscripcion spotify,48.26,Ocio
4697,1630,taller de ingles,185.33,Educacion
4698,1027,suscripcion spotify,123.5,Alimentacion
4699,2990,cuota prestamo banco,692.74,Deudas
4700,1021,supermercado carrefour,313.06,Alimentacion
4701,2225,dentista limpieza,111.5,Salud
4702,1281,pago de inversion en acciones,1177.2,Ahorros
4703,2921,pago de intereses,328.02,Deudas
4704,2525,reparacion de cerradura,1188.85,Vivienda
4705,2446,fondo comun de inversion,886.94,Ahorros
4706,1520,abono internet fibertel,138.04,Servicios
4707,220,combustible shell,16.91,Transporte
4708,2005,carniceria central,107.6,Deudas
4709,173,compra verduleria de la esquina,342.6,Alimentacion
4710,2784,estudios clinicos,345.17,Salud
4711,1414,combustible shell,55.57,Transporte
4712,502,movimiento: reparacion de cerradura,388.35,Vivienda
4713,1813,pago de pago saldo refinanciado,573.58,Deudas
4714,2809,taller de ingles,718.26,Educacion
4715,2179,pago de curso de programacion,281.79,Educacion
4716,798,compra cafeteria,102.53,Salud
4717,2847,compra libros de texto,686.28,Educacion
4718,930,utiles escolares,652.53,Alimentacion
4719,723,tarjeta factura gas metrogas,32.09,Servicios
4720,2263,pago de juegos de consola,98.92,Transporte
4721,1334,peaje autopista,58.64,Transporte
4722,1275,movimiento: verduleriq y fruteria,276.94,Alimentacion
4723,488,comprq panaderia,230.76,Alimentacion
4724,1958,expensas del edificio,430.47,Vivienda
4725,1218,carga sube,78.63,Transporte
4726,1465,compra cafeteria,149.44,Ocio
4727,313,fondo comun de inversion,1192.84,Ahorros
4728,79,pago de intereses,588.63,Deudas
4729,2228,expensqs del edificio,1110.69,Vivienda
4730,675,compra viaje uber,70.64,Transporte
4731,1738,verduleria y fruteria,278.1,Alimentacion
4732,14,pago de servicio de agua aysa,96.95,Servicios
4733,2907,consulta medica de control,388.21,Vivienda
4734,2294,cena restaurante,129.87,Ocio
4735,2046,cuota universidad,263.72,Educacion
4736,1038,matricula del colegio,489.54,Servicios
4737,2147,viaje uber,69.66,Educacion
4738,33,transferencia ahorro mensual,1020.61,Ahorros
4739,1460,pago alquiler mensual,1100.53,Vivienda
4740,257,movimiento: compras fiambreria,318.4,Alimentacion
4741,34,colectivo linea 60,62.36,Transporte
4742,2067,compra dolares banco,1019.79,Ahorros
4743,1284,factura luz edesur,122.69,Servicios
4744,2637,carga sube,70.08,Transporte
4745,1850,compra abono internet fibertel,167.97,Servicios
4746,2185,reparacion de cerradura,916.88,Vivienda
4747,359,movimiento: colectivo linea 60,54.05,Transporte
4748,754,pago alquiler mensual,626.15,Vivienda
4749,1603,cuota universidad,573.99,Educacion
4750,404,servicio de plomeria,863.02,Vivienda
4751,1226,cuota prepaga osde,401.13,Salud
4752,1400,cena restaurante,105.93,Ocio
4753,2298,pago de compras fiambreria,189.83,Alimentacion
4754,2494,cuota prestamo banco,239.94,Deudas
4755,278,taller de ingles,185.93,Educacion
4756,112,pago tarjeta de credito,851.28,Educacion
4757,1987,expensas comunes,1057.38,Vivienda
4758,2794,pago alquiler mensual,574.04,Vivienda
4759,2736,cuota universidad,760.06,Educacion
4760,392,taller de ingles,181.62,Educacion
4761,969,cerveceria artesanal,38.65,Ocio
4762,2191,matricula del colegio,347.08,Educacion
4763,1056,fac cuota jardin de infantes,535.88,Educacion
4764,2229,movimiento: pago de intereses,683.87,Deudas
4765,2627,suscripcion spotify,147.93,Ocio
4766,2846,peaje autopista,76.84,Transporte
4767,269,expensas comunes,851.71,Vivienda
4768,2601,expensas del edificio,827.53,Vivienda
4769,2681,fac utiles escolares,443.43,Educacion
4770,2030,juegos de consola,53.2,Salud
4771,275,taller de ingles,777.87,Educacion
4772,743,entrqdas recital,90.43,Ocio
4773,86,movimiento: cuota prestamo auto,834.43,Deudas
4774,404,pago alquiler mensual,787.91,Vivienda
4775,2240,medicamentos recetados,313.7,Salud
4776,2046,plazo fijo,181.06,Ahorros
4777,1055,medicamentos recetados,375.82,Salud
4778,2155,pago de intereses,827.89,Deudas
4779,1895,tarjeta cuota jardin de infantes,467.53,Educacion
4780,2670,inversion en acciones,1026.0,Ahorros
4781,276,pago de optica lentes,54.73,Salud
4782,651,cuota prestamo banco,613.6,Deudas
4783,1622,servicio de agua aysa,64.38,Servicios
4784,2604,servicio de agua aysa,30.11,Servicios
4785,1106,transferencia ahorro mensual,1263.8,Ahorros
4786,1914,pago de intereses,789.77,Ocio
4787,2615,consulta medica de control,58.8,Salud
4788,586,compra cafeteria,82.84,Alimentacion
4789,2933,cerveceria artesanal,78.95,Ocio
4790,129,tarjeta cuota universidad,633.15,Educacion
4791,256,compra farmacia,427.98,Salud
4792,2982,pqgo de fondo comun de inversion,909.69,Servicios
4793,231,factura gas metrogas,32.05,Servicios
4794,1161,reparacion de cerradura,439.04,Vivienda
4795,2911,suscripcion netflix,50.03,Ocio
4796,2403,compra libros de texto,144.8,Educacion
4797,1648,verduleriq y fruteria,362.13,Alimentacion
4798,2194,movimiento: carga sube,14.6,Transporte
4799,2048,supermercado carrefour,303.38,Alimentacion
4800,260,transferencia ahorro mensual,479.02,Ahorros
4801,2135,trqnsferencia ahorro mensual,331.71,Ahorros
4802,843,utiles escolares,113.57,Educacion
4803,1972,cuota prestamo auto,562.68,Deudas
4804,265,repqracion electrica,867.88,Vivienda
4805,392,almacen san martin,106.08,Alimentacion
4806,2280,pago de servicio de plomeria,890.35,Alimentacion
4807,901,fqc factura luz edesur,51.38,Servicios
4808,588,taxis de la ciudad,31.65,Transporte
4809,2495,fac taxis de la ciudad,54.12,Transporte
4810,1153,suscripcion netflix,36.54,Ocio
4811,1295,fondo comun de inversion,212.08,Ahorros
4812,466,consultq medica de control,131.72,Salud
4813,2982,impuestos municipqles,60.8,Servicios
4814,1194,transferencia ahorro mensual,707.96,Ahorros
4815,2176,fondo comun de inversion,1318.09,Ahorros
4816,1973,fac expensas comunes,1027.23,Vivienda
4817,1050,carga sube,15.96,Transporte
4818,2621,cqrniceria central,223.49,Alimentacion
4819,2559,suscripcion netflix,97.49,Ocio
4820,488,cuota jardin de infantes,795.79,Educacion
4821,2939,suscripcion spotify,43.41,Ocio
4822,2627,compra servicio de agua aysa,172.14,Servicios
4823,950,transferencia ahorro mensual,834.14,Ahorros
4824,406,entradas recital,137.76,Ocio
4825,1050,compra cafeteria,126.07,Ocio
4826,1107,dentista limpieza,50.65,Salud
4827,364,pago saldo refinanciado,455.91,Deudas
4828,1391,transferencia ahorro mensual,321.03,Ahorros
4829,1084,comprq panaderia,187.82,Alimentacion
4830,551,tqrjeta suscripcion netflix,90.14,Ocio
4831,1659,pago de factura luz edesur,70.35,Servicios
4832,292,tarjeta cuota prestamo banco,845.82,Deudas
4833,2837,cuota prestamo banco,640.64,Deudas
4834,1961,servicio de agua aysa,48.86,Transporte
4835,2864,pago de intereses,544.37,Deudas
4836,1818,plazo fijo,1444.18,Ahorros
4837,191,servicio de agua aysa,30.49,Servicios
4838,461,consulta medica de control,360.26,Salud
4839,2712,transferencia ahorro mensual,1064.57,Ahorros
4840,1920,supermercado carrefour,357.19,Alimentacion
4841,2281,movimiento: cuota prestamo auto,228.22,Deudas
4842,2522,fac suscripcion spotify,113.14,Ocio
4843,2706,compra farmacia,122.92,Salud
4844,271,fondo comun de inversion,1228.93,Ahorros
4845,1158,suscripcion spotify,56.64,Ocio
4846,171,abono telefonia movil,106.14,Servicios
4847,1439,colectivo linea 60,49.21,Transporte
4848,28,supermercado coto,64.2,Alimentacion
4849,136,fac compras fiambreria,97.82,Alimentacion
4850,2973,dentista limpieza,146.7,Vivienda
4851,2453,estudios clinicos,390.93,Salud
4852,888,cuotq prestamo auto,434.91,Deudas
4853,1529,servicio de agua aysa,146.73,Servicios
4854,1265,pago de intereses,383.75,Deudas
4855,856,compra supermercado dia,143.55,Alimentacion
4856,2492,servicio de plomeria,826.89,Vivienda
4857,2482,cuota prestamo auto,993.49,Deudas
4858,1252,combustible ypf,67.54,Transporte
4859,509,fac impuestos municipales,199.06,Servicios
4860,1327,cuota prestamo banco,683.67,Deudas
4861,2082,compra dolares banco,1204.25,Ahorros
4862,1026,factura luz edesur,70.19,Servicios
4863,362,comprq dolares banco,618.94,Ahorros
4864,1219,colectivo linea 60,79.99,Transporte
4865,606,movimiento: supermercado coto,62.93,Alimentacion
4866,1864,pago de supermercado carrefour,170.03,Alimentacion
4867,1332,expensas del edificio,655.07,Vivienda
4868,1671,almacen san martin,219.24,Salud
4869,716,pago de factura gas metrogas,83.4,Servicios
4870,2298,cuotq prestamo banco,243.48,Deudas
4871,2195,movimiento: medicamentos recetados,333.77,Salud
4872,348,compra panaderia,295.62,Alimentacion
4873,1278,dentista limpieza,130.29,Transporte
4874,399,combustible ypf,47.63,Transporte
4875,1358,comprq cafeteria,88.39,Ocio
4876,1200,factura gas metrogas,94.76,Servicios
4877,2173,pago de transferencia ahorro mensual,1315.5,Ahorros
4878,2811,cuota jardin de infantes,638.3,Educacion
4879,2446,pago alquiler mensual,336.43,Vivienda
4880,2179,compra panaderia,104.65,Alimentacion
4881,1586,cerveceria artesanal,74.2,Ocio
4882,2653,pago de intereses,971.37,Servicios
4883,2940,compra ferreteria,1005.74,Vivienda
4884,822,supermercado coto,269.7,Alimentacion
4885,902,cuota jardin de infantes,612.45,Educacion
4886,945,compra libros de texto,780.66,Educacion
4887,2780,carga sube,11.72,Transporte
4888,1870,cena restaurante,90.51,Ocio
4889,334,transferencia ahorro mensual,260.56,Ahorros
4890,1044,suscripcion spotify,137.06,Ocio
4891,2253,movimiento: pqgo saldo refinanciado,568.58,Deudas
4892,355,dentista limpieza,94.87,Salud
4893,1197,viaje cabify,10.63,Transporte
4894,1213,pago alquiler mensual,548.35,Vivienda
4895,824,transferencia ahorro mensual,391.98,Ahorros
4896,1026,pago de plazo fijo,175.43,Ahorros
4897,1897,medicqmentos recetados,65.75,Salud
4898,2989,pago de compra panaderia,315.18,Alimentacion
4899,168,compras fiambreria,222.25,Alimentacion
4900,2416,compra ferreteria,824.46,Vivienda
4901,536,pago alquiler mensual,341.48,Vivienda
4902,1949,compra cafeteria,125.7,Ocio
4903,2628,tarjeta curso de programacion,561.34,Educacion
4904,1620,entrqdas recital,38.15,Ocio
4905,950,movimiento: servicio de agua aysa,196.74,Educacion
4906,207,abono internet fibertel,95.24,Servicios
4907,544,fondo comun de inversion,889.32,Ahorros
4908,129,suscripcion netflix,68.98,Ocio
4909,1471,cuota prestamo banco,436.81,Deudas
4910,2662,viaje uber,41.31,Transporte
4911,2083,pago saldo refinanciado,721.38,Deudas
4912,2867,trqnsferencia ahorro mensual,878.76,Ahorros
4913,2247,pqgo alquiler mensual,1155.07,Vivienda
4914,1837,cuota jardin de infantes,279.86,Educacion
4915,77,fac cuota universidad,426.89,Educacion
4916,369,viaje uber,52.18,Transporte
4917,2881,cuota jardin de infantes,418.3,Educacion
4918,526,transferencia ahorro mensual,1132.61,Ahorros
4919,349,expensas comunes,755.23,Vivienda
4920,506,compra farmacia,336.38,Educacion
4921,643,pago de factura gas metrogas,103.81,Servicios
4922,238,pago tarjeta de credito,987.26,Deudas
4923,1304,sqlida al cine,113.25,Ocio
4924,1601,entradas recital,113.83,Educacion
4925,1456,tqller de ingles,149.98,Educacion
4926,2186,salida al cine,122.12,Ocio
4927,2660,inversion en acciones,1296.73,Ahorros
4928,1674,colectivo linea 60,69.78,Transporte
4929,2728,fac analisis de sangre,460.26,Salud
4930,1847,fac verduleria de la esquina,234.55,Alimentacion
4931,1855,pago alquiler mensual,890.51,Vivienda
4932,2887,pago de colectivo linea 60,31.76,Transporte
4933,2986,cena restaurante,110.75,Ocio
4934,355,comprq supermercado dia,224.95,Alimentacion
4935,2626,compra pago tarjeta de credito,985.38,Deudas
4936,2895,cena restaurante,127.48,Ocio
4937,559,transferencia ahorro mensual,331.94,Ahorros
4938,2897,fac compra cafeteria,65.12,Ocio
4939,1918,tarjeta factura gas metrogas,104.95,Servicios
4940,1255,curso de progrqmacion,462.19,Educacion
4941,1682,pago tarjeta de credito,239.82,Deudas
4942,1170,cuota prestamo auto,410.45,Deudas
4943,1176,plqzo fijo,761.01,Ahorros
4944,1815,cerveceria artesanal,57.93,Ocio
4945,2188,movimiento: supermercado coto,102.51,Alimentacion
4946,663,transferencia ahorro mensual,349.2,Servicios
4947,21,compra farmacia,274.34,Salud
4948,2112,comprq dolares banco,389.61,Ahorros
4949,1242,factura luz edesur,160.77,Servicios
4950,162,consulta medica de control,297.8,Salud
4951,130,tarjeta compra dolares banco,258.84,Ahorros
4952,2629,abono internet fibertel,169.48,Servicios
4953,1951,impuestos municipales,151.43,Servicios
4954,225,tarjeta factura gas metrogas,91.39,Vivienda
4955,1782,colectivo linea 60,51.47,Transporte
4956,580,reparacion de cerradura,1189.21,Vivienda
4957,1478,pago saldo refinanciado,957.09,Alimentacion
4958,107,taxis de la ciudad,30.65,Transporte
4959,2669,pago alquiler mensual,584.76,Vivienda
4960,840,pago de intereses,856.99,Deudas
4961,1165,estudios clinicos,301.2,Salud
4962,2625,pago de suscripcion spotify,35.47,Ocio
4963,1158,viaje uber,54.97,Transporte
4964,2247,pago saldo refinanciado,513.84,Deudas
4965,2558,pago saldo refinanciado,715.38,Deudas
4966,667,almacen san martin,96.15,Alimentacion
4967,2127,wstudios clinicos,273.32,Salud
4968,1972,taxis de la ciudad,57.22,Transporte
4969,2942,movimiento: servicio de agua aysa,118.37,Servicios
4970,512,fac impuestos municipales,157.55,Servicios
4971,250,pago alquiler mensual,557.85,Vivienda
4972,889,cuota prestamo auto,787.62,Deudas
4973,1024,compra farmacia,380.82,Salud
4974,599,pago de inversion en acciones,1490.9,Ahorros
4975,753,curso de programacion,633.67,Educacion
4976,600,combustible ypf,78.84,Transporte
4977,2531,fac fondo comun de inversion,866.12,Ahorros
4978,2884,verduleria de la esquina,394.29,Salud
4979,2220,compra pago de intereses,255.96,Alimentacion
4980,2917,compra suscripcion netflix,117.66,Ocio
4981,2065,supermercqdo carrefour,218.15,Alimentacion
4982,1759,pintura habitacion,219.04,Vivienda
4983,1318,dentista limpieza,457.3,Salud
4984,2442,factura luz edesur,47.87,Servicios
4985,1846,movimiento: abono telefonia movil,185.83,Servicios
4986,1243,cena restaurante,42.32,Ocio
4987,234,pago tarjeta de credito,240.23,Deudas
4988,1414,servicio de qgua aysa,185.3,Servicios
4989,2296,expensas comunes,401.5,Vivienda
4990,1926,abono internet fibertel,61.64,Deudas
4991,2100,almacen san martin,120.62,Alimentacion
4992,2063,dentista limpieza,190.9,Salud
4993,441,taxis de la ciudad,43.76,Transporte
4994,1136,abono telefonia movil,169.93,Servicios
4995,2744,compra dolares banco,522.49,Ocio
4996,7,cuota jardin de infantes,397.75,Educacion
4997,1587,compra dolares banco,354.81,Ahorros
4998,826,pago de intereses,345.56,Deudas
4999,1269,verduleria de la esquina,354.52,Alimentacion
5000,1311,combustible shell,40.73,Transporte
5001,1628,salida al cine,139.1,Ocio
5002,1037,taller de ingles,756.03,Educacion
5003,1170,factura luz edesur,190.31,Servicios
5004,478,inversion en qcciones,1020.35,Ahorros
5005,2679,expensas del edificio,1081.5,Vivienda
5006,715,pago de intereses,786.66,Deudas
5007,1677,pago alquiler mensual,755.11,Vivienda
5008,2163,estudios clinicos,156.89,Salud
5009,509,carga sube,74.22,Transporte
5010,2105,cuota prestamo auto,469.92,Deudas
5011,382,pago tarjeta de credito,976.37,Deudas
5012,1181,optica lentes,313.19,Salud
5013,3000,almacen san martin,242.7,Servicios
5014,1846,entradas recital,114.92,Ocio
5015,1187,compra libros de texto,465.13,Educacion
5016,275,cuota prestamo banco,705.42,Deudas
5017,1719,suscripcion netflix,119.61,Ocio
5018,1101,comprq ferreteria,869.4,Vivienda
5019,1861,compra taxis de la ciudad,24.36,Transporte
5020,2092,cuota prestamo auto,569.76,Deudas
5021,718,compra libros de texto,779.26,Educacion
5022,318,pago de intereses,265.12,Deudas
5023,534,matricula del colegio,594.41,Educacion
5024,1609,juegos de consola,45.34,Transporte
5025,1777,compra libros de texto,785.21,Educacion
5026,2285,compra dentista limpieza,389.35,Salud
5027,2941,compra pago tarjeta de credito,712.46,Deudas
5028,2565,compra farmacia,466.37,Salud
5029,1245,expensas comunes,655.86,Vivienda
5030,1334,salida al cine,39.81,Ocio
5031,1201,colectivo lineq 60,59.37,Transporte
5032,1795,movimiento: impuestos municipales,43.15,Servicios
5033,2086,compra libros de texto,388.71,Educacion
5034,2702,cuota universidad,694.39,Educacion
5035,1455,curso de programacion,348.27,Educacion
5036,1934,tqxis de la ciudad,40.53,Transporte
5037,747,fondo comun de inversion,753.18,Ahorros
5038,841,tarjeta consulta medica de control,60.74,Salud
5039,2496,abono internet fibertel,151.11,Servicios
5040,1519,curso de programacion,120.42,Educacion
5041,2732,utiles escolares,368.01,Educacion
5042,2173,comprq ferreteria,548.0,Vivienda
5043,1089,entradas recital,76.52,Ocio
5044,793,impuestos municipales,185.0,Servicios
5045,2832,factura gas metrogas,139.63,Servicios
5046,1268,pago de pago de intereses,174.9,Deudas
5047,1551,cuota universidad,766.97,Educacion
5048,2274,abono telefonia movil,199.71,Servicios
5049,2513,pago alquiler mensual,897.3,Vivienda
5050,2691,compra dolares banco,581.6,Ahorros
5051,293,taller de ingles,154.34,Educacion
5052,2769,optica lentes,112.24,Salud
5053,1405,curso de programacion,143.73,Educacion
5054,1649,fondo comun de inversion,274.22,Ahorros
5055,2804,cuota prestamo auto,684.74,Deudas
5056,2214,compra panaderia,170.39,Alimentacion
5057,2817,compra utiles escolares,478.69,Transporte
5058,1242,movimiento: salida al cine,31.95,Ocio
5059,2919,carga sube,76.58,Transporte
5060,1076,suscripcion spotify,120.73,Ocio
5061,1398,movimiento: plazo fijo,1018.31,Ahorros
5062,1694,movimiento: pago alquiler mensual,352.69,Vivienda
5063,2615,consultq medica de control,330.14,Salud
5064,1038,fondo comun de inversion,1127.36,Ahorros
5065,1364,tarjeta peaje autopista,62.91,Transporte
5066,2650,inversion en acciones,286.28,Ahorros
5067,1563,tarjeta colectivo linea 60,11.96,Transporte
5068,1113,optica lentes,209.51,Salud
5069,2953,factura luz edesur,133.31,Transporte
5070,2089,colectivo linea 60,30.88,Transporte
5071,1292,verduleria y fruteria,361.76,Alimentacion
5072,1162,fondo comun de inversion,1309.01,Ahorros
5073,1030,tarjeta cena restaurante,65.94,Ocio
5074,242,fqc inversion en acciones,995.11,Ahorros
5075,162,optica lentes,359.57,Salud
5076,2740,pago de medicamentos recetados,443.31,Salud
5077,2857,compra farmacia,88.39,Salud
5078,979,fac viaje uber,27.97,Transporte
5079,518,entradas recital,80.14,Ocio
5080,898,medicamentos recetados,416.48,Salud
5081,783,matricula del colegio,709.38,Educacion
5082,2832,taller de ingles,625.87,Educacion
5083,1180,dentista limpieza,492.71,Salud
5084,85,medicamentos recetados,283.67,Salud
5085,1736,compra supermercado dia,276.84,Alimentacion
5086,1034,entradas recital,54.55,Alimentacion
5087,138,optica lentes,427.97,Salud
5088,754,supermercado coto,163.9,Alimentacion
5089,2954,inversion en acciones,997.92,Ahorros
5090,713,pago de verduleria de la esquina,209.91,Alimentacion
5091,2204,utiles escolares,501.3,Educacion
5092,2456,cuota jardin de infantes,705.99,Educacion
5093,2835,viaje uber,35.64,Transporte
5094,580,supermercado coto,170.18,Alimentacion
5095,554,compra cafeteria,104.5,Ocio
5096,396,factura luz edesur,81.74,Servicios
5097,1938,transferencia ahorro mensual,1391.9,Ahorros
5098,1687,pago tarjeta de credito,517.73,Deudas
5099,1620,compra farmacia,306.56,Salud
5100,1158,plazo fijo,1049.05,Ahorros
5101,1333,carniceria central,56.55,Alimentacion
5102,1890,fac salida al cine,44.43,Ocio
5103,810,colectivo linea 60,67.83,Transporte
5104,2590,plazo fijo,206.51,Ahorros
5105,170,comprq fondo comun de inversion,772.23,Ahorros
5106,2338,pago saldo refinanciado,394.16,Salud
5107,740,factura luz edesur,110.7,Servicios
5108,1842,cerveceria artesanal,27.55,Ocio
5109,2636,peaje autopista,72.06,Transporte
5110,2783,pqgo alquiler mensual,490.84,Vivienda
5111,457,impuestos municipales,179.54,Servicios
5112,2749,cerveceria artesanal,101.31,Ocio
5113,1326,compra dolares banco,407.62,Servicios
5114,2094,tqrjeta cuota universidad,393.65,Transporte
5115,1602,juegos de consola,88.99,Ocio
5116,1384,entradas recital,106.9,Ocio
5117,1285,cuota prestamo banco,777.91,Servicios
5118,1147,pago tarjeta de credito,727.83,Deudas
5119,231,juegos de consola,24.04,Salud
5120,2998,pqgo de intereses,498.82,Deudas
5121,2685,tarjeta factura luz edesur,55.75,Servicios
5122,112,movimiento: compra panaderia,284.85,Alimentacion
5123,593,comprq libros de texto,187.97,Educacion
5124,2907,compra libros de texto,333.62,Educacion
5125,2439,transferencia ahorro mensual,326.05,Ahorros
5126,2440,factura luz edesur,199.8,Servicios
5127,2376,servicio de agua aysa,135.43,Educacion
5128,1239,combustible ypf,16.37,Transporte
5129,1888,pago tarjeta de credito,736.68,Deudas
5130,2795,cuota prepaga osde,476.72,Salud
5131,2415,compra dolares banco,899.23,Ahorros
5132,2130,cena restaurante,52.1,Ocio
5133,2854,fondo comun de inversion,1194.51,Ahorros
5134,2870,compra dolares banco,284.65,Ahorros
5135,1100,factura luz edesur,30.78,Servicios
5136,1527,cuota prestamo auto,915.83,Deudas
5137,1970,peqje autopista,50.69,Transporte
5138,952,cuota jardin de infantes,580.86,Educacion
5139,1503,medicqmentos recetados,469.05,Salud
5140,372,supermercado coto,339.98,Alimentacion
5141,2312,cena restaurante,138.12,Ocio
5142,110,compra dolares banco,160.25,Ahorros
5143,2355,colectivo linea 60,41.81,Transporte
5144,1224,inversion en qcciones,758.87,Ahorros
5145,226,cuota prestamo auto,618.51,Deudas
5146,2233,compra dolares banco,1104.85,Alimentacion
5147,31,mqtricula del colegio,253.09,Educacion
5148,614,taxis de la ciudad,44.9,Transporte
5149,1795,cena restaurante,74.51,Ocio
5150,99,impuestos municipales,71.87,Salud
5151,1363,dentista limpieza,89.24,Salud
5152,811,salida al cine,92.2,Ocio
5153,1821,salida al cine,148.42,Ocio
5154,2700,pago tarjeta de credito,929.09,Deudas
5155,814,verduleria y fruteria,351.3,Alimentacion
5156,1822,expensas comunes,1074.82,Vivienda
5157,1020,carniceria central,57.04,Alimentacion
5158,2136,pago tarjeta de credito,655.76,Deudas
5159,1087,taxis de la ciudad,21.83,Transporte
5160,922,cuota prestamo auto,812.89,Deudas
5161,1411,medicamentos recetados,333.25,Salud
5162,1483,pago tarjeta de credito,161.13,Deudas
5163,2634,juegos de consola,149.02,Ocio
5164,2866,compra supermercado dia,194.32,Alimentacion
5165,2980,qbono internet fibertel,131.65,Servicios
5166,1660,pago de servicio de agua aysa,110.59,Servicios
5167,1918,juegos de consola,28.84,Ocio
5168,797,verduleria de la esquina,360.52,Alimentacion
5169,1958,cuota universidad,499.6,Educacion
5170,1013,supermercado coto,129.09,Ahorros
5171,2681,compra almacen san martin,55.44,Alimentacion
5172,346,compra cafeteria,129.57,Ocio
5173,724,pago saldo refinanciado,498.14,Deudas
5174,2949,compras fiambreria,211.9,Alimentacion
5175,1102,combustible ypf,42.46,Transporte
5176,1389,utiles escolares,328.63,Educacion
5177,1038,pago tarjeta de credito,483.39,Deudas
5178,136,fac reparacion electrica,1027.03,Vivienda
5179,1328,pago de matricula del colegio,756.26,Educacion
5180,2445,curso de programacion,230.06,Educacion
5181,792,estudios clinicos,499.84,Salud
5182,79,cerveceria artesanal,71.45,Ocio
5183,1779,compra libros de texto,137.88,Educacion
5184,705,pago de combustible shell,58.49,Transporte
5185,982,pago alquiler mensual,1052.8,Vivienda
5186,1442,pinturq habitacion,1140.58,Vivienda
5187,1266,abono telefonia movil,124.13,Servicios
5188,1075,abono telefonia movil,46.27,Servicios
5189,744,compra transferencia ahorro mensual,1261.59,Ahorros
5190,2432,combustible ypf,66.86,Vivienda
5191,375,suscripcion netflix,113.36,Ocio
5192,1754,compra peaje autopista,70.14,Ocio
5193,2254,fondo comun de inversion,443.87,Ahorros
5194,2537,viaje cabify,40.78,Transporte
5195,1992,cena restaurante,45.38,Ocio
5196,2929,pqgo saldo refinanciado,572.33,Deudas
5197,1335,entradas recital,141.34,Ocio
5198,2680,medicamentos recetados,418.9,Salud
5199,592,cuota jardin de infantes,454.27,Educacion
5200,1066,pago alquiler mensual,540.64,Vivienda
5201,533,almacen san martin,79.31,Alimentacion
5202,2570,utiles escolares,713.82,Educacion
5203,2873,cuota jardin de infantes,479.57,Educacion
5204,1177,abono internet fibertel,77.96,Servicios
5205,1336,qbono telefonia movil,63.6,Servicios
5206,1318,combustiblw shell,23.82,Transporte
5207,598,tarjeta expensas del edificio,1173.41,Vivienda
5208,113,carniceria central,153.05,Alimentacion
5209,1136,compra libros de texto,621.83,Educacion
5210,1199,cuota universidad,610.19,Educacion
5211,1846,expensas comunes,622.18,Vivienda
5212,1326,movimiento: factura luz edesur,31.27,Servicios
5213,1988,salida al cine,49.88,Ocio
5214,1540,optica lentes,317.14,Vivienda
5215,734,colectivo linea 60,65.71,Transporte
5216,1986,reparacion de cerradura,945.64,Vivienda
5217,2366,fondo comun de inversion,1012.78,Ahorros
5218,996,tqrjeta cuota jardin de infantes,522.69,Educacion
5219,2261,movimiento: verduleria de la esquina,383.28,Alimentacion
5220,253,medicamentos recetados,313.15,Salud
5221,124,compra dolares banco,1490.54,Ahorros
5222,1237,factura gas metrogas,85.11,Servicios
5223,624,optica lentes,409.13,Salud
5224,1540,verduleria y fruteria,219.9,Alimentacion
5225,1656,tarjeta pago alquiler mensual,624.86,Vivienda
5226,1267,fondo comun de inversion,1098.87,Ahorros
5227,2946,abono telefonia movil,47.36,Servicios
5228,1161,taller de ingles,302.62,Educacion
5229,2295,entradas recital,30.28,Ocio
5230,441,carniceria central,311.08,Alimentacion
5231,2093,impuestos municipales,189.98,Servicios
5232,2706,taller de ingles,298.19,Educacion
5233,2928,factura luz edesur,86.89,Vivienda
5234,1017,compra cuota jardin de infantes,169.77,Educacion
5235,554,utiles escolares,449.57,Educacion
5236,809,analisis de sangre,216.45,Salud
5237,971,cuota universidad,779.35,Educacion
5238,1113,pqgo saldo refinanciado,909.85,Deudas
5239,2778,cuotq prestamo auto,630.66,Deudas
5240,1834,colectivo linea 60,79.61,Transporte
5241,1315,verduleriq y fruteria,165.97,Alimentacion
5242,1275,combustible ypf,45.56,Transporte
5243,99,tarjeta servicio de agua aysa,83.96,Vivienda
5244,2920,consulta medica de control,227.1,Salud
5245,1480,cuota prestamo banco,368.35,Deudas
5246,1615,servicio de plomeria,748.85,Vivienda
5247,301,pago de intereses,435.98,Salud
5248,1223,pago de taxis de la ciudad,44.72,Transporte
5249,1683,utiles escolqres,607.38,Educacion
5250,488,entrqdas recital,36.92,Ocio
5251,1425,comprq panaderia,395.9,Alimentacion
5252,1005,carniceria central,314.52,Alimentacion
5253,477,plazo fijo,863.5,Ahorros
5254,1146,pago de taller de ingles,286.0,Educacion
5255,1336,fac pago alquiler mensual,234.63,Ocio
5256,1136,supermercado coto,275.31,Alimentacion
5257,2909,dentista limpieza,179.56,Salud
5258,2857,reparacion de cerradura,606.29,Ocio
5259,1706,tarjeta compra libros de texto,567.11,Educacion
5260,518,cuota jardin de infantes,220.57,Servicios
5261,1221,pago de intereses,458.72,Deudas
5262,2507,compra farmacia,267.06,Salud
5263,230,pago de factura gas metrogas,123.4,Servicios
5264,1192,compra cafeteria,47.37,Ocio
5265,2056,suscripcion netflix,96.17,Ocio
5266,1978,transferencia ahorro mensual,152.73,Ahorros
5267,1384,factura luz edesur,56.99,Servicios
5268,2243,fqctura luz edesur,97.86,Servicios
5269,2402,compra panaderia,145.07,Alimentacion
5270,1888,compra supermercado dia,316.27,Alimentacion
5271,1073,tarjeta fondo comun de inversion,768.79,Ahorros
5272,464,fondo comun de inversion,1196.6,Ahorros
5273,2404,medicamentos recetados,253.37,Salud
5274,2898,pago de intereses,384.28,Deudas
5275,974,compra dolares banco,180.85,Alimentacion
5276,1182,supermercado coto,275.42,Alimentacion
5277,66,cuota prepaga osde,180.53,Salud
5278,1997,salida al cine,32.5,Transporte
5279,2907,reparacion de cerradura,918.76,Vivienda
5280,571,movimiento: pago saldo refinanciado,956.26,Deudas
5281,308,fondo comun de inversion,925.89,Ahorros
5282,783,abono telefonia movil,83.52,Servicios
5283,121,compra panaderia,233.33,Alimentacion
5284,766,peaje autopista,27.23,Transporte
5285,773,verduleriq de la esquina,56.47,Alimentacion
5286,2144,inversion en acciones,1106.41,Ahorros
5287,987,compra ferreteria,779.24,Vivienda
5288,2010,pqgo saldo refinanciado,420.2,Deudas
5289,540,comprq libros de texto,170.27,Educacion
5290,2050,matricula del colegio,483.64,Educacion
5291,580,compra libros de texto,495.03,Educacion
5292,1664,tqller de ingles,424.92,Educacion
5293,2381,estudios clinicos,417.88,Salud
5294,1048,entradas recital,62.23,Ocio
5295,2790,verduleria de la esquina,241.12,Alimentacion
5296,506,cuota prestamo auto,313.76,Deudas
5297,1911,reparacion electrica,895.42,Vivienda
5298,733,cena restaurante,93.1,Ocio
5299,1572,viaje uber,34.89,Transporte
5300,514,colectivo linea 60,40.97,Transporte
5301,2943,cuota prestamo banco,787.85,Deudas
5302,361,compra supermercado dia,319.91,Alimentacion
5303,2322,cuota prestamo banco,490.02,Deudas
5304,2225,verduleria y fruteria,175.32,Alimentacion
5305,527,compra fondo comun de inversion,1019.23,Ahorros
5306,2961,supermercado coto,223.86,Ahorros
5307,279,pintura habitacion,741.33,Vivienda
5308,2754,transferencia ahorro mensual,952.45,Ahorros
5309,1373,almacen san martin,308.75,Alimentacion
5310,1947,trqnsferencia ahorro mensual,565.56,Ahorros
5311,1445,cuota prestamo banco,708.45,Vivienda
5312,2112,taller de ingles,350.3,Educacion
5313,290,cerveceria artesanal,29.29,Ocio
5314,2066,fac utiles escolares,391.03,Educacion
5315,64,compra ferreteria,1182.74,Vivienda
5316,330,fac expensas del edificio,559.28,Vivienda
5317,1894,pago saldo refinanciado,774.3,Deudas
5318,763,cuota prestamo auto,875.97,Deudas
5319,1964,fqc fondo comun de inversion,1444.88,Ahorros
5320,2491,opticq lentes,238.35,Salud
5321,141,pago de cuota prestamo auto,980.33,Deudas
5322,1332,optica lentes,320.6,Salud
5323,444,peaje autopista,38.81,Transporte
5324,2544,comprq viaje uber,20.28,Educacion
5325,2474,transferencia ahorro mensual,973.57,Ahorros
5326,1499,expensas comunes,927.26,Vivienda
5327,1269,cuotq universidad,278.61,Deudas
5328,450,combustible ypf,70.38,Transporte
5329,1826,movimiento: trqnsferencia ahorro mensual,968.02,Ahorros
5330,351,abono internet fibertel,84.79,Vivienda
5331,599,estudios clinicos,273.07,Transporte
5332,711,suscripcion netflix,92.78,Ocio
5333,870,factura gas metrogas,164.42,Servicios
5334,1984,cerveceria artesanal,131.48,Ocio
5335,1185,fac cena restaurante,31.26,Deudas
5336,393,pago saldo refinanciado,158.27,Deudas
5337,842,tarjeta pago saldo refinanciado,188.67,Deudas
5338,2449,compra libros de texto,602.41,Deudas
5339,2098,fac reparacion electrica,254.45,Vivienda
5340,2792,compra libros de texto,315.79,Educacion
5341,1319,inversion en acciones,711.22,Ahorros
5342,2954,cenq restaurante,59.55,Ocio
5343,1036,estudios clinicos,225.59,Salud
5344,1359,medicamentos recetados,188.24,Salud
5345,991,comprq supermercado coto,104.27,Alimentacion
5346,1039,taller de ingles,547.94,Educacion
5347,28,suscripcion spotify,69.42,Deudas
5348,388,cuota prestamo auto,313.99,Deudas
5349,1316,transferencia ahorro mensual,638.72,Ahorros
5350,833,factura luz edesur,69.77,Servicios
5351,250,verduleriq y fruteria,161.7,Alimentacion
5352,2028,abono internet fibertel,84.38,Servicios
5353,1529,inversion en acciones,1035.1,Ahorros
5354,98,movimiento: compra ferreteria,459.31,Vivienda
5355,1839,fqctura gas metrogas,195.65,Servicios
5356,1361,plazo fijo,729.0,Ahorros
5357,1063,compra panaderia,241.6,Alimentacion
5358,1324,transferencia ahorro mensual,737.9,Ahorros
5359,2227,pqgo alquiler mensual,877.88,Vivienda
5360,892,cuota prestamo auto,504.02,Deudas
5361,1493,cuota prepaga osde,195.55,Salud
5362,1306,combustible ypf,39.03,Transporte
5363,2798,cuota prestamo banco,160.12,Deudas
5364,1188,pago saldo refinanciado,800.11,Transporte
5365,453,fac dentista limpieza,188.83,Salud
5366,97,pago tarjeta de credito,839.0,Deudas
5367,2357,entradas recital,121.77,Ocio
5368,262,fondo comun de inversion,1379.53,Ahorros
5369,2341,entradas recital,138.4,Ocio
5370,1794,compra cuota prestamo banco,405.34,Deudas
5371,2297,viaje cabify,34.79,Transporte
5372,2293,verduleriq de la esquina,299.48,Alimentacion
5373,2299,combustiblw ypf,75.92,Transporte
5374,2171,compra ferreteria,301.42,Alimentacion
5375,325,movimiento: transferencia ahorro mensual,1253.87,Ahorros
5376,986,factura gas metrogas,42.15,Servicios
5377,2549,compra dolares banco,969.99,Vivienda
5378,687,fondo comun de inversion,487.34,Ahorros
5379,1740,fondo comun de inversion,827.52,Ahorros
5380,1861,pago saldo refinanciado,339.74,Deudas
5381,836,juegos de consolq,132.91,Ocio
5382,59,tarjeta factura luz edesur,64.11,Servicios
5383,2779,viaje cabify,12.29,Transporte
5384,1522,carniceria central,87.28,Ocio
5385,1397,cuota jardin de infantes,471.02,Educacion
5386,2314,movimiento: pago de intereses,847.03,Salud
5387,1677,opticq lentes,56.43,Servicios
5388,236,impuestos municipales,107.88,Servicios
5389,2946,cuota universidad,689.42,Educacion
5390,218,pago saldo refinanciado,657.98,Deudas
5391,1551,suscripcion netflix,95.16,Ocio
5392,1838,cerveceria artesanal,92.22,Ocio
5393,1430,servicio de agua aysa,157.16,Servicios
5394,589,factura gas metrogas,57.02,Servicios
5395,1672,pintura habitacion,853.97,Vivienda
5396,917,pago saldo refinanciado,294.16,Deudas
5397,1493,suscripcion spotify,126.65,Ocio
5398,918,movimiento: pago tarjeta de credito,538.03,Deudas
5399,1134,abono internet fibertel,42.92,Servicios
5400,2401,verduleria de la esquina,139.35,Alimentacion
5401,1837,servicio de plomeria,674.34,Vivienda
5402,2139,abono internet fibertel,103.4,Servicios
5403,1906,transferencia ahorro mensual,884.23,Ahorros
5404,702,viaje cabify,25.51,Transporte
5405,2121,fac taller de ingles,125.77,Educacion
5406,2733,inversion en acciones,1209.35,Ahorros
5407,2770,compra dolares banco,1370.08,Ahorros
5408,1322,pago de entradas recital,58.43,Ocio
5409,1529,factura luz edesur,105.75,Servicios
5410,1222,plazo fijo,1297.62,Ahorros
5411,1056,cuota prestamo banco,185.74,Deudas
5412,648,compra cafeteria,33.21,Ocio
5413,760,entradas recital,130.27,Ocio
5414,2919,servicio de agua aysa,121.51,Servicios
5415,1358,fac factura gas metrogas,194.67,Servicios
5416,2191,compra combustible shell,62.15,Transporte
5417,1770,inversion en acciones,582.5,Ahorros
5418,949,compra ferreteria,283.69,Vivienda
5419,2092,fqc compra dolares banco,365.24,Ahorros
5420,2080,compra farmacia,360.43,Transporte
5421,1767,mqtricula del colegio,288.58,Educacion
5422,28,cuota universidad,608.81,Educacion
5423,2471,factura gas metrogas,170.45,Salud
5424,2539,pinturq habitacion,413.03,Vivienda
5425,160,pago de reparacion electrica,298.63,Vivienda
5426,2893,tarjeta verduleria de la esquina,283.78,Alimentacion
5427,1231,cena restaurante,78.12,Ocio
5428,18,reparacion de cerradura,865.78,Vivienda
5429,1127,matricula del colegio,190.76,Educacion
5430,2720,compra dolares banco,1467.87,Ahorros
5431,2280,pintura habitacion,325.27,Vivienda
5432,2472,compra supermercado dia,246.08,Alimentacion
5433,904,compra dolares banco,1380.82,Ahorros
5434,755,utiles escolares,758.32,Educacion
5435,1571,abono telefonia movil,85.93,Servicios
5436,837,estudios clinicos,184.47,Salud
5437,894,fac compra ferreteria,473.12,Vivienda
5438,2287,compra dolares banco,1339.98,Ahorros
5439,2197,movimiento: supermercqdo coto,340.43,Alimentacion
5440,2671,movimiento: cuota universidad,143.64,Educacion
5441,1432,pago de intereses,484.78,Deudas
5442,17,abono telefonia movil,167.91,Servicios
5443,2962,reparacion de cerradura,371.47,Transporte
5444,2274,servicio de agua aysa,60.78,Servicios
5445,652,verduleria y fruteria,136.68,Alimentacion
5446,1680,salida al cine,90.9,Ocio
5447,260,fondo comun de inversion,709.91,Ahorros
5448,1753,cuota prepaga osde,211.53,Salud
5449,2722,pintura habitacion,1082.32,Vivienda
5450,1628,fac pago de intereses,729.76,Deudas
5451,2048,utiles escolares,341.91,Educacion
5452,2222,utiles escolares,300.19,Educacion
5453,1867,qlmacen san martin,369.06,Alimentacion
5454,205,cena restaurante,64.79,Ocio
5455,2463,movimiento: peaje autopista,24.99,Transporte
5456,1177,almacen san martin,206.37,Alimentacion
5457,792,cenq restaurante,145.13,Servicios
5458,1141,matricula del colegio,749.62,Educacion
5459,1106,cuota jardin de infantes,295.59,Educacion
5460,2566,inversion en acciones,1144.16,Ahorros
5461,1858,consulta medica de control,423.03,Salud
5462,1091,verduleria de la esquina,332.9,Alimentacion
5463,1608,pago tarjeta de credito,959.69,Deudas
5464,1840,utiles escolares,117.19,Educacion
5465,979,fac taller de ingles,711.23,Salud
5466,2638,pago saldo refinanciado,424.95,Deudas
5467,67,pago de intereses,293.9,Deudas
5468,684,colectivo linea 60,44.73,Transporte
5469,1279,dentista limpieza,79.08,Servicios
5470,63,supermercado coto,114.36,Alimentacion
5471,814,estudios clinicos,437.11,Salud
5472,403,expensqs comunes,990.71,Vivienda
5473,2240,compra impuestos municipales,167.19,Servicios
5474,2003,compra dolares banco,807.89,Transporte
5475,1353,taller de ingles,584.23,Educacion
5476,71,verduleria de la esquina,236.7,Alimentacion
5477,2926,viaje cabify,41.67,Transporte
5478,2789,colectivo linea 60,46.18,Transporte
5479,2994,fondo comun de inversion,964.22,Ahorros
5480,1087,movimiento: abono internet fibertel,81.28,Servicios
5481,245,tarjeta combustible ypf,17.45,Transporte
5482,2567,compras fiambreria,90.9,Ocio
5483,393,curso de programacion,254.96,Educacion
5484,772,verduleriq de la esquina,54.3,Alimentacion
5485,1670,transferencia ahorro mensual,1051.22,Ahorros
5486,1618,analisis de sangre,494.58,Salud
5487,1557,combustiblw ypf,29.92,Transporte
5488,2959,cena restaurante,107.76,Ocio
5489,1152,optica lentes,244.9,Salud
5490,1219,cuota universidad,701.23,Educacion
5491,1218,cuota prestamo banco,191.13,Deudas
5492,2232,peaje autopista,43.73,Transporte
5493,247,utiles escolares,559.8,Salud
5494,2043,cuota prestamo auto,803.07,Deudas
5495,2372,compra verduleria y fruteria,77.66,Alimentacion
5496,2208,reparacion de cerradura,925.7,Vivienda
5497,706,matricula del colegio,128.23,Educacion
5498,2670,estudios clinicos,417.27,Salud
5499,2973,carga sube,66.32,Ahorros
5500,2114,estudios clinicos,371.8,Salud
5501,2978,cuota universidad,614.23,Educacion
5502,254,abono internet fibertel,110.39,Servicios
5503,283,carga sube,54.78,Transporte
5504,2166,factura gas metrogas,176.49,Servicios
5505,423,cerveceria artesanal,106.18,Ocio
5506,2604,abono telefonia movil,93.5,Vivienda
5507,2022,tarjeta servicio de agua aysa,120.18,Servicios
5508,36,plazo fijo,623.63,Ahorros
5509,531,abono telefonia movil,63.92,Servicios
5510,91,entradas recital,39.34,Ocio
5511,1941,cuota prestamo auto,190.08,Deudas
5512,1943,impuestos municipales,154.27,Servicios
5513,1241,entradas recital,95.67,Ocio
5514,1759,servicio de plomeriq,243.97,Vivienda
5515,98,factura gas metrogas,169.49,Servicios
5516,1480,cuota prestamo banco,847.95,Deudas
5517,531,pago tarjeta de credito,238.72,Deudas
5518,1833,tarjeta expensas comunes,324.5,Vivienda
5519,2586,inversion en acciones,842.29,Ahorros
5520,1052,compra farmacia,262.02,Salud
5521,1348,fondo comun de inversion,707.49,Ahorros
5522,80,analisis de sangre,90.07,Salud
5523,2611,compra abono internet fibertel,151.16,Servicios
5524,1482,pintura habitacion,1058.16,Vivienda
5525,614,compra cuota universidad,466.87,Educacion
5526,2224,qnalisis de sangre,144.15,Salud
5527,2570,movimiento: colectivo linea 60,10.03,Transporte
5528,1773,cuota prestamo banco,752.97,Deudas
5529,1481,impuestos municipales,174.52,Servicios
5530,423,fac impuestos municipales,116.0,Servicios
5531,1124,cuota prestamo auto,685.05,Deudas
5532,2035,supermercado carrefour,239.45,Alimentacion
5533,2624,movimiento: pago saldo refinanciado,957.31,Deudas
5534,1404,matricula del colegio,444.72,Educacion
5535,2579,cuota prestamo auto,445.72,Ocio
5536,332,transferencia ahorro mensual,715.23,Ahorros
5537,653,taxis de la ciudad,53.88,Transporte
5538,740,medicamentos recetados,447.0,Salud
5539,1113,juegos de consola,37.98,Ocio
5540,1628,inversion en qcciones,811.01,Ahorros
5541,511,fac pago saldo refinanciado,900.51,Deudas
5542,42,cena restaurante,24.71,Ocio
5543,885,cuota jardin de infantes,620.36,Educacion
5544,1950,estudios clinicos,189.69,Salud
5545,2129,expensas comunes,1126.74,Vivienda
5546,402,abono telefonia movil,98.78,Servicios
5547,2155,tarjeta factura gas metrogas,182.79,Servicios
5548,1135,pago de optica lentes,130.02,Ahorros
5549,1238,servicio de plomeria,765.95,Vivienda
5550,1767,optica lentes,365.32,Salud
5551,1842,peaje autopista,36.14,Transporte
5552,506,juegos de consola,129.23,Deudas
5553,1145,factura gas metrogas,143.45,Servicios
5554,1842,reparacion de cerradura,397.12,Vivienda
5555,720,cuota universidad,744.8,Educacion
5556,1395,cuota prestamo auto,184.06,Deudas
5557,257,inversion en acciones,249.08,Ahorros
5558,1721,tarjeta abono telefonia movil,164.01,Servicios
5559,1822,carniceria central,360.08,Alimentacion
5560,954,estudios clinicos,92.07,Salud
5561,2981,cuota jardin de infantes,517.78,Educacion
5562,1072,dentista limpieza,285.39,Salud
5563,1623,verduleria y fruteria,353.34,Alimentacion
5564,897,tarjeta combustible shell,61.61,Transporte
5565,2067,cuota prestamo auto,542.12,Deudas
5566,1070,factura luz edesur,75.01,Servicios
5567,451,analisis de sangre,226.21,Salud
5568,898,reparacion de cerradura,709.32,Vivienda
5569,1080,dentista limpieza,337.03,Salud
5570,741,reparacion de cerradura,350.18,Vivienda
5571,82,cuota prestamo auto,228.03,Deudas
5572,737,transferencia ahorro mensual,731.64,Ahorros
5573,79,servicio de agua aysa,111.74,Servicios
5574,1686,movimiento: compra dolares banco,1113.48,Ahorros
5575,2331,transferencia ahorro mensual,671.75,Ahorros
5576,1335,tarjeta servicio de agua aysa,151.94,Servicios
5577,997,factura gas metrogas,146.14,Vivienda
5578,2208,pago tarjeta de credito,631.62,Deudas
5579,1340,qnalisis de sangre,414.05,Salud
5580,2003,pqgo tarjeta de credito,964.43,Deudas
5581,1692,supermercado coto,346.18,Alimentacion
5582,1180,tarjeta compra cafeteria,115.44,Ocio
5583,2936,combustible shell,49.52,Educacion
5584,1738,impuestos municipales,116.98,Servicios
5585,2516,medicamentos recetados,357.44,Salud
5586,853,curso de programacion,544.59,Educacion
5587,462,compra viaje uber,13.47,Transporte
5588,2902,pago de almacen san martin,208.94,Alimentacion
5589,117,fac utiles escolares,682.76,Educacion
5590,1690,fondo comun de inversion,176.53,Ahorros
5591,2412,compra dolares banco,602.5,Ahorros
5592,1655,comprq abono internet fibertel,162.01,Servicios
5593,1735,trqnsferencia ahorro mensual,1490.0,Salud
5594,1937,pintura habitacion,991.97,Vivienda
5595,466,estudios clinicos,91.03,Salud
5596,1799,compra ferreteria,394.81,Vivienda
5597,2232,abono telefonia movil,147.99,Salud
5598,660,cuota prestamo banco,970.06,Servicios
5599,2123,taxis de la ciudad,35.45,Salud
5600,2874,curso de programacion,672.88,Educacion
5601,1715,fac curso de programacion,754.47,Educacion
5602,2551,transferencia ahorro mensual,351.89,Ahorros
5603,795,pago de cuota prepaga osde,207.48,Salud
5604,1587,suscripcion netflix,20.49,Ocio
5605,587,matricula del colegio,596.44,Educacion
5606,2704,taxis de la ciudad,74.32,Transporte
5607,2748,viaje cabify,51.96,Transporte
5608,635,reparacion de cerradura,404.74,Vivienda
5609,2892,compra pago alquiler mensual,1072.48,Vivienda
5610,1275,factura luz edesur,94.28,Servicios
5611,2883,compra panaderia,394.85,Alimentacion
5612,1154,suscripcion spotify,131.37,Ocio
5613,2812,fondo comun de inversion,983.42,Ahorros
5614,358,peaje autopista,77.51,Transporte
5615,2740,compra libros de texto,472.46,Educacion
5616,1432,servicio de plomeria,1133.05,Vivienda
5617,1885,expensas del edificio,1014.48,Vivienda
5618,1519,cuota prestamo banco,499.5,Deudas
5619,622,cerveceria artesanal,23.81,Ocio
5620,482,servicio de agua aysa,85.54,Vivienda
5621,980,inversion en acciones,573.72,Ahorros
5622,1874,estudios clinicos,157.18,Salud
5623,978,viaje cabify,61.17,Educacion
5624,1538,movimiento: dentistq limpieza,362.02,Salud
5625,2338,pago tarjeta de credito,773.77,Deudas
5626,1321,fondo comun de inversion,331.38,Ahorros
5627,1705,matricula del colegio,242.0,Educacion
5628,2800,cuota prestamo banco,519.42,Deudas
5629,1995,compra factura luz edesur,74.85,Ahorros
5630,2071,fondo comun de inversion,941.44,Ahorros
5631,806,reparacion electrica,823.9,Vivienda
5632,2220,fac medicamentos recetados,140.24,Salud
5633,835,plazo fijo,947.14,Ahorros
5634,2366,cuota prestamo auto,430.85,Deudas
5635,908,abono telefonia movil,193.88,Ocio
5636,2846,supermercqdo carrefour,168.77,Alimentacion
5637,855,carga sube,79.01,Transporte
5638,2729,inversion en acciones,1068.02,Ahorros
5639,916,movimiento: taller de ingles,555.89,Educacion
5640,843,verduleria y fruteria,343.5,Alimentacion
5641,2531,plazo fijo,842.33,Ahorros
5642,132,verduleria de la esquina,315.13,Alimentacion
5643,1117,cuota prestamo banco,598.44,Deudas
5644,861,taller de ingles,680.08,Salud
5645,294,entradas recital,85.66,Ocio
5646,2689,supermercado carrefour,211.58,Alimentacion
5647,1000,fac taxis de la ciudad,79.61,Transporte
5648,2440,factura gas metrogas,113.84,Salud
5649,2297,combustible ypf,65.96,Transporte
5650,2751,cuota jardin de infantes,760.64,Educacion
5651,1261,trqnsferencia ahorro mensual,293.2,Ahorros
5652,287,matricula del colegio,217.86,Educacion
5653,2325,wstudios clinicos,392.25,Ocio
5654,2435,tarjeta suscripcion netflix,73.86,Ocio
5655,450,abono telefonia movil,195.51,Servicios
5656,2339,fac pago saldo refinanciado,303.17,Deudas
5657,2491,medicamentos recetados,259.64,Salud
5658,2704,compra ferreteria,809.45,Vivienda
5659,1208,compra ferreteria,1040.17,Vivienda
5660,1779,taxis de la ciudad,46.86,Servicios
5661,2875,factura gas metrogas,151.39,Servicios
5662,1970,movimiento: expensas comunes,794.52,Vivienda
5663,476,expensas del edificio,949.6,Vivienda
5664,253,pago saldo refinanciado,438.8,Deudas
5665,1420,compra entradas recital,24.75,Ocio
5666,2337,suscripcion netflix,31.25,Ocio
5667,1236,inversion en acciones,121.29,Ahorros
5668,1000,pinturq habitacion,219.75,Ahorros
5669,21,plazo fijo,1318.03,Salud
5670,316,almacen san martin,342.7,Alimentacion
5671,2612,transferencia ahorro mensual,580.25,Ahorros
5672,1462,verduleria de la esquina,312.13,Alimentacion
5673,1447,servicio de agua aysa,173.17,Servicios
5674,1257,compra cafeteria,23.83,Ocio
5675,2171,impuestos municipales,186.06,Servicios
5676,2922,trqnsferencia ahorro mensual,997.32,Ahorros
5677,960,reparacion electrica,532.71,Vivienda
5678,2262,plazo fijo,1291.2,Ahorros
5679,1946,estudios clinicos,257.16,Salud
5680,839,transferencia ahorro mensual,485.95,Ahorros
5681,2695,almacen san martin,131.76,Alimentacion
5682,968,cuota jardin de infantes,374.02,Educacion
5683,1854,utiles escolares,458.31,Educacion
5684,2778,comprqs fiambreria,109.69,Alimentacion
5685,600,cqrniceria central,301.64,Alimentacion
5686,792,analisis de sangre,73.48,Salud
5687,40,fondo comun de inversion,1219.82,Ahorros
5688,2800,impuestos municipales,36.33,Servicios
5689,2991,suscripcion netflix,28.67,Ocio
5690,648,plazo fijo,1044.97,Ahorros
5691,182,reparacion electrica,1074.94,Vivienda
5692,265,tarjeta expensas comunes,384.02,Vivienda
5693,2819,estudios clinicos,196.94,Salud
5694,863,cuota universidad,531.89,Educacion
5695,432,utiles escolares,738.24,Educacion
5696,1220,abono telefonia movil,179.08,Servicios
5697,509,abono telefonia movil,166.82,Servicios
5698,447,entradas recital,29.97,Ocio
5699,528,reparacion electrica,720.39,Vivienda
5700,2923,abono internet fibertel,162.12,Ahorros
5701,1754,tarjeta viaje cabify,28.32,Transporte
5702,1629,compra dolares banco,708.98,Alimentacion
5703,1163,abono telefonia movil,147.28,Servicios
5704,669,combustible ypf,43.34,Transporte
5705,847,combustible shell,53.28,Transporte
5706,2118,juegos de consola,146.49,Ocio
5707,2864,abono telefonia movil,50.83,Servicios
5708,1771,plazo fijo,1402.36,Ahorros
5709,1826,pintura habitacion,999.06,Vivienda
5710,446,pago tarjeta de credito,510.43,Deudas
5711,1026,pago de peaje autopista,58.4,Transporte
5712,1772,salida al cine,72.51,Ocio
5713,1360,compra ferreteria,1106.76,Vivienda
5714,19,cuota prestamo banco,642.4,Deudas
5715,2018,fondo comun de inversion,719.66,Ocio
5716,561,viaje uber,51.93,Transporte
5717,472,factura luz edesur,55.91,Servicios
5718,28,servicio de agua aysa,53.87,Servicios
5719,560,cuota prestamo auto,629.81,Deudas
5720,2656,curso de programacion,585.2,Educacion
5721,458,compra farmacia,113.16,Salud
5722,945,comprqs fiambreria,233.74,Alimentacion
5723,1200,expensas del edificio,312.65,Vivienda
5724,984,pago de optica lentes,139.24,Ocio
5725,868,peaje autopista,60.26,Transporte
5726,2077,entradas recital,132.53,Ocio
5727,1980,factura luz edesur,186.16,Servicios
5728,2717,factura gas metrogas,88.7,Servicios
5729,826,pago saldo refinanciado,817.0,Deudas
5730,816,colectivo linea 60,56.61,Transporte
5731,2327,cena restaurante,110.14,Ocio
5732,2331,entradas recital,82.57,Ocio
5733,1003,supermercado carrefour,393.17,Alimentacion
5734,1543,carga sube,24.56,Deudas
5735,2353,plazo fijo,192.08,Ahorros
5736,2742,tarjeta pago saldo refinanciado,802.22,Deudas
5737,109,servicio de plomeria,394.12,Vivienda
5738,2372,entrqdas recital,110.57,Ocio
5739,1230,cqrga sube,68.85,Transporte
5740,1962,utiles escolares,775.71,Educacion
5741,2506,colectivo linea 60,22.38,Transporte
5742,1964,cuotq universidad,483.64,Educacion
5743,2530,factura luz edesur,115.46,Servicios
5744,922,factura luz edesur,159.67,Servicios
5745,1431,compra dolares banco,182.3,Ahorros
5746,1533,medicamentos recetados,73.45,Salud
5747,1893,pago alquiler mensual,1087.87,Vivienda
5748,2568,compra dolares banco,232.63,Ahorros
5749,1422,pago tarjeta de credito,635.4,Deudas
5750,1223,impuestos municipales,49.55,Servicios
5751,391,cuota prestamo banco,212.62,Deudas
5752,1673,fondo comun de inversion,824.14,Ahorros
5753,2819,compra ferreteria,580.38,Vivienda
5754,1870,pago de cuota jardin de infantes,429.9,Salud
5755,2961,fondo comun de inversion,171.32,Ahorros
5756,1522,abono internet fibertel,165.76,Servicios
5757,1196,pago alquiler mensual,872.14,Salud
5758,2134,suscripcion netflix,67.48,Ocio
5759,2606,compras fiambreria,178.41,Alimentacion
5760,858,compra panaderia,71.49,Alimentacion
5761,1210,compra dolares banco,1387.24,Ahorros
5762,1517,pago saldo refinanciado,386.05,Deudas
5763,1651,almacen san martin,119.53,Alimentacion
5764,2714,combustible ypf,45.57,Transporte
5765,1154,reparacion de cerradura,617.5,Vivienda
5766,843,comprq supermercado dia,337.34,Alimentacion
5767,1105,combustible shell,52.58,Transporte
5768,1826,tarjeta compra libros de texto,464.9,Educacion
5769,1683,pago tarjeta de credito,641.74,Deudas
5770,295,suscripcion netflix,85.81,Ocio
5771,2002,juegos de consola,111.58,Educacion
5772,2317,servicio de plomeria,343.38,Deudas
5773,645,colectivo linea 60,30.17,Transporte
5774,2583,dentista limpieza,153.07,Salud
5775,2136,entradas recital,77.79,Ocio
5776,925,juegos de consola,133.44,Ocio
5777,1648,compra cuota universidad,644.38,Educacion
5778,111,compra cafeteria,26.11,Deudas
5779,584,fac cerveceria artesanal,77.27,Ocio
5780,1487,movimiento: supermercado coto,367.27,Alimentacion
5781,769,suscripcion spotify,134.03,Ocio
5782,1180,matricula del colegio,260.6,Educacion
5783,1649,tqrjeta pago saldo refinanciado,972.19,Deudas
5784,2286,plazo fijo,953.07,Ahorros
5785,2382,entradas recital,32.94,Ocio
5786,106,pqgo alquiler mensual,865.38,Vivienda
5787,1723,medicamentos recetados,110.57,Salud
5788,1695,verduleria de la esquina,382.25,Alimentacion
5789,1734,abono telefonia movil,189.88,Servicios
5790,382,compra libros de texto,206.01,Educacion
5791,2737,expensas del edificio,355.82,Vivienda
5792,261,fac inversion en acciones,1184.51,Ahorros
5793,1823,abono telefonia movil,130.23,Servicios
5794,1317,cuota prestamo banco,576.43,Deudas
5795,1359,reparacion electrica,1170.29,Vivienda
5796,2703,pago saldo refinanciado,180.48,Deudas
5797,820,pago alquiler mensual,424.27,Vivienda
5798,709,compra supermercado dia,171.06,Deudas
5799,2524,pago de intereses,441.27,Deudas
5800,907,compras fiambreria,141.69,Alimentacion
5801,2603,movimiento: dentista limpieza,450.84,Salud
5802,663,qbono telefonia movil,146.15,Servicios
5803,1320,dentista limpieza,161.07,Salud
5804,2623,pqgo tarjeta de credito,391.18,Deudas
5805,2690,taller de ingles,587.67,Educacion
5806,463,analisis de sangre,275.92,Salud
5807,2903,taller de ingles,404.13,Educacion
5808,585,curso de progrqmacion,238.18,Educacion
5809,943,pago de intereses,700.11,Deudas
5810,2664,compra dolares banco,1159.15,Ahorros
5811,158,suscripcion spotify,104.25,Ocio
5812,2320,medicamentos recetados,152.4,Salud
5813,1851,carga sube,10.73,Transporte
5814,1327,cuota prepaga osde,272.33,Educacion
5815,2718,inversion en acciones,787.78,Ahorros
5816,2669,pago de impuestos municipales,97.95,Servicios
5817,2569,movimiento: compra dolares banco,944.47,Ahorros
5818,2107,cerveceria artesanal,98.62,Ocio
5819,1382,pago saldo refinanciado,400.29,Deudas
5820,704,tqrjeta fondo comun de inversion,203.22,Salud
5821,648,compra optica lentes,71.34,Salud
5822,2939,abono telefonia movil,90.98,Servicios
5823,2484,transferencia ahorro mensual,814.45,Ahorros
5824,146,colectivo linea 60,32.71,Transporte
5825,2907,impuestos municipqles,138.66,Educacion
5826,1376,compra libros de texto,219.96,Educacion
5827,1824,pago de intereses,648.95,Deudas
5828,245,comprq reparacion electrica,1152.96,Vivienda
5829,1584,almacen san martin,69.49,Alimentacion
5830,2349,cuotq prestamo auto,397.6,Deudas
5831,2486,cena restaurante,72.77,Ocio
5832,868,cuota prestamo auto,943.95,Deudas
5833,2148,medicamentos recetados,259.92,Salud
5834,2773,cuota prestamo banco,724.13,Deudas
5835,2862,pago de intereses,552.56,Deudas
5836,480,compra panaderia,183.6,Alimentacion
5837,2463,expensas del edificio,447.7,Vivienda
5838,2213,factura gas metrogas,178.3,Servicios
5839,1936,verduleria y fruteria,262.59,Transporte
5840,1966,cuota prepaga osde,280.53,Salud
5841,1662,consultq medica de control,469.49,Salud
5842,88,cena restaurante,43.81,Ocio
5843,1241,pago de taller de ingles,499.79,Vivienda
5844,573,servicio de agua aysa,53.54,Servicios
5845,814,analisis de sangre,121.98,Salud
5846,179,supermercado carrefour,234.33,Alimentacion
5847,1726,medicamentos recetados,193.09,Vivienda
5848,163,pago saldo refinanciado,857.98,Servicios
5849,2641,utiles escolares,629.25,Educacion
5850,1006,cuota prepaga osde,484.87,Deudas
5851,2349,cuota prestamo banco,422.25,Deudas
5852,2422,cena restaurante,63.46,Ocio
5853,2756,consulta medica de control,417.98,Salud
5854,203,cuota universidad,732.37,Educacion
5855,47,verduleria de la esquina,218.63,Alimentacion
5856,463,suscripcion netflix,32.35,Ocio
5857,408,compra dolares banco,320.87,Ahorros
5858,1218,factura gas metrogas,111.27,Servicios
5859,2475,tarjeta cuota prestamo banco,285.39,Deudas
5860,930,juegos de consola,92.98,Ocio
5861,317,matricula del colegio,649.5,Educacion
5862,1503,cena restaurante,30.78,Ocio
5863,421,abono telefonia movil,140.9,Educacion
5864,1293,transferencia ahorro mensual,282.42,Ahorros
5865,1735,cuota prestamo auto,725.41,Deudas
5866,1760,compra libros de texto,648.85,Educacion
5867,263,impuestos municipales,49.33,Servicios
5868,1450,pago de intereses,993.62,Deudas
5869,2214,supermercado carrefour,52.68,Alimentacion
5870,1716,pago de intereses,342.18,Ahorros
5871,428,factura luz edesur,33.49,Servicios
5872,397,viaje cabify,33.28,Transporte
5873,1240,carga sube,13.34,Transporte
5874,796,cena restaurante,88.16,Ocio
5875,107,dentista limpieza,81.44,Deudas
5876,98,compra panaderia,219.56,Alimentacion
5877,1904,pago saldo refinanciado,311.95,Deudas
5878,1281,servicio de qgua aysa,41.33,Salud
5879,43,reparacion electrica,1130.58,Vivienda
5880,2290,compra panaderia,99.99,Alimentacion
5881,1578,viaje uber,75.52,Transporte
5882,95,comprq dolares banco,1463.27,Ahorros
5883,1970,expensas comunes,673.37,Vivienda
5884,1790,analisis de sangre,192.69,Salud
5885,188,cuota prestamo banco,645.71,Deudas
5886,385,reparacion electrica,288.08,Vivienda
5887,819,pqgo de abono telefonia movil,48.75,Servicios
5888,1149,pago de cuota jardin de infantes,465.29,Educacion
5889,1697,matricula del colegio,757.65,Ahorros
5890,2135,juegos de consolq,69.59,Ocio
5891,2537,tarjeta pago alquiler mensual,871.55,Vivienda
5892,226,colectivo linea 60,42.39,Transporte
5893,1681,suscripcion netflix,89.11,Ocio
5894,2393,curso de programacion,711.42,Educacion
5895,1898,estudios clinicos,308.66,Salud
5896,518,pago de pago alquiler mensual,353.07,Deudas
5897,1733,estudios clinicos,200.6,Salud
5898,296,compra farmacia,406.69,Salud
5899,414,reparacion electrica,863.26,Vivienda
5900,1861,tqrjeta combustible ypf,21.78,Transporte
5901,1996,reparacion electrica,416.99,Salud
5902,2183,taxis de la ciudad,32.63,Transporte
5903,2029,cuota prestamo auto,823.38,Deudas
5904,2573,cuotq universidad,185.07,Educacion
5905,4,abono telefonia movil,183.21,Servicios
5906,178,reparacion electrica,586.39,Vivienda
5907,746,suscripcion netflix,94.57,Ocio
5908,259,fac pago alquiler mensual,461.68,Vivienda
5909,652,cerveceriq artesanal,69.65,Ocio
5910,1819,verduleria y fruteria,263.24,Alimentacion
5911,1387,salida al cine,128.64,Ocio
5912,2592,suscripcion spotify,140.41,Transporte
5913,2483,combustible shell,54.07,Transporte
5914,1297,pqgo de compra dolares banco,1344.41,Transporte
5915,290,entradas recital,129.71,Ocio
5916,803,factura gas metrogas,62.24,Servicios
5917,2531,viaje uber,31.22,Transporte
5918,2022,combustible shell,17.22,Transporte
5919,234,pago de combustible ypf,70.73,Transporte
5920,408,plazo fijo,156.35,Ahorros
5921,694,estudios clinicos,129.41,Salud
5922,1170,reparacion de cerradura,960.71,Vivienda
5923,562,compras fiambreria,209.05,Alimentacion
5924,2478,compra panaderia,108.03,Deudas
5925,432,pago alquiler mensual,442.3,Vivienda
5926,1569,viaje uber,52.7,Transporte
5927,2545,cuota prestamo banco,628.69,Deudas
5928,983,expensas del edificio,539.18,Vivienda
5929,1435,compra optica lentes,132.43,Salud
5930,897,compra farmacia,59.22,Salud
5931,2875,suscripcion netflix,31.44,Ocio
5932,778,salida al cine,137.47,Ocio
5933,223,compra cafeteria,48.73,Ocio
5934,1772,fac compra cafeteria,50.76,Ocio
5935,1689,cuota prestamo auto,835.57,Deudas
5936,468,pago tarjeta de credito,970.45,Deudas
5937,2617,fondo comun dw inversion,411.4,Ahorros
5938,1346,compras fiambreria,391.29,Alimentacion
5939,2423,pago de intereses,571.89,Deudas
5940,2575,cuota jardin de infantes,674.72,Educacion
5941,412,optica lentes,222.73,Salud
5942,2317,analisis de sangre,260.88,Salud
5943,626,suscripcion spotify,102.13,Ocio
5944,1276,cuota prestamo banco,764.23,Deudas
5945,1012,viaje cabify,20.25,Transporte
5946,1678,fondo comun de inversion,281.44,Deudas
5947,2498,compra libros de texto,515.97,Educacion
5948,802,tqller de ingles,459.5,Educacion
5949,1893,compra supermercado dia,251.66,Deudas
5950,1561,tarjeta compra cafeteria,48.38,Ocio
5951,1392,compra utiles escolares,628.78,Educacion
5952,2870,movimiento: factura luz edesur,173.14,Servicios
5953,255,impuestos municipales,156.68,Vivienda
5954,1487,fac expensas comunes,309.55,Vivienda
5955,2174,utiles escolares,393.24,Educacion
5956,1417,cuota prestamo auto,959.67,Deudas
5957,762,combustible ypf,74.68,Transporte
5958,2847,pago de verduleria de la esquina,329.03,Alimentacion
5959,1358,juegos de consola,79.78,Ocio
5960,565,servicio de plomeria,647.27,Vivienda
5961,1392,fac analisis de sangre,231.03,Educacion
5962,1579,compra factura gas metrogas,82.01,Servicios
5963,2504,pago saldo refinanciado,518.88,Salud
5964,1091,expensas del edificio,827.16,Vivienda
5965,2960,juegos de consola,34.05,Ocio
5966,1619,viqje uber,79.04,Transporte
5967,2910,pago tarjeta de credito,814.55,Deudas
5968,2665,salida al cine,114.6,Ocio
5969,400,pago de inversion en acciones,1125.01,Ahorros
5970,287,suscripcion spotify,38.76,Ocio
5971,2234,suscripcion spotify,34.45,Ocio
5972,2332,viaje cabify,39.01,Transporte
5973,1540,curso de programacion,568.01,Deudas
5974,2698,fondo comun de inversion,334.16,Salud
5975,2739,verduleria de la esquina,150.98,Alimentacion
5976,237,pintura habitacion,570.09,Vivienda
5977,815,consulta medica de control,305.52,Salud
5978,928,verduleria y fruteria,251.43,Alimentacion
5979,414,verduleria de la esquina,341.54,Alimentacion
5980,1956,carniceria central,282.42,Alimentacion
5981,2057,compras fiambreria,340.63,Alimentacion
5982,420,movimiento: taxis de la ciudad,40.35,Servicios
5983,29,matricula del colegio,681.05,Educacion
5984,2396,carga sube,31.74,Transporte
5985,661,pqgo alquiler mensual,441.31,Vivienda
5986,2624,fondo comun de inversion,824.74,Ahorros
5987,450,estudios clinicos,331.08,Salud
5988,380,combustible shell,50.36,Transporte
5989,2747,pintura habitacion,897.72,Vivienda
5990,2414,transferencia ahorro mensual,221.38,Ahorros
5991,1251,compra reparacion de cerradura,792.64,Vivienda
5992,2460,curso de programacion,387.9,Educacion
5993,2999,movimiento: expensas comunes,565.93,Vivienda
5994,356,pago de intereses,222.36,Deudas
5995,2302,compra reparacion electrica,442.24,Vivienda
5996,1697,fac viaje uber,28.78,Transporte
5997,727,pintura habitacion,527.85,Vivienda
5998,1468,viaje cabify,49.92,Transporte
5999,2729,compra dolares banco,541.41,Ahorros
6000,810,pago saldo refinanciado,832.92,Deudas
6001,1904,transferencia ahorro mensual,356.7,Ahorros
6002,2521,movimiento: pago alquiler mensual,884.55,Vivienda
6003,416,pago de verduleria de la esquina,134.22,Alimentacion
6004,600,compra farmacia,153.0,Salud
6005,1340,servicio de agua aysa,46.37,Servicios
6006,2508,almacen san martin,397.76,Alimentacion
6007,79,cuota prestamo banco,480.67,Deudas
6008,1568,plazo fijo,796.15,Ahorros
6009,2823,pago tarjeta de credito,461.38,Deudas
6010,1095,comprq libros de texto,604.82,Educacion
6011,2944,inversion en acciones,302.06,Ahorros
6012,1221,reparacion de cerradura,591.06,Vivienda
6013,58,transferencia ahorro mensual,230.22,Ahorros
6014,1448,compra supermercado dia,378.14,Alimentacion
6015,1493,tarjeta medicamentos recetados,459.37,Ocio
6016,2672,expensas comunes,1024.06,Vivienda
6017,2096,compras fiambreria,350.32,Alimentacion
6018,1459,entradas recital,59.55,Ocio
6019,1209,servicio de plomeria,1175.97,Ocio
6020,839,expensas comunes,1063.93,Vivienda
6021,2213,comprq supermercado dia,196.83,Alimentacion
6022,1751,cuotq universidad,799.35,Educacion
6023,1355,inversion en acciones,1102.8,Ahorros
6024,2378,compra cafeteria,101.06,Ocio
6025,1145,cuotq prestamo auto,215.05,Deudas
6026,213,expensas del edificio,285.03,Vivienda
6027,507,trqnsferencia ahorro mensual,362.35,Ahorros
6028,2964,fqctura luz edesur,116.96,Servicios
6029,2849,impuestos municipales,190.82,Servicios
6030,2216,pago de intereses,689.46,Deudas
6031,1570,combustible shell,79.08,Transporte
6032,2878,cerveceria artesanal,112.66,Ocio
6033,2835,servicio de agua aysa,44.29,Servicios
6034,2475,dentista limpieza,272.92,Salud
6035,1733,pago tarjeta de credito,215.68,Deudas
6036,1245,supermercado carrefour,140.75,Alimentacion
6037,1016,compra supermercado dia,197.89,Alimentacion
6038,1144,dentista limpieza,398.03,Salud
6039,1271,suscripcion netflix,142.08,Ocio
6040,1933,abono internet fibertel,180.38,Servicios
6041,773,peqje autopista,71.78,Transporte
6042,1530,suscripcion netflix,22.7,Alimentacion
6043,1082,cuota jardin de infantes,532.89,Educacion
6044,1152,juegos de consola,148.08,Ocio
6045,1723,verduleria y fruteria,201.38,Alimentacion
6046,717,factura luz edesur,167.7,Servicios
6047,2134,pago saldo refinanciado,791.77,Deudas
6048,104,abono telefonia movil,103.48,Servicios
6049,2191,fondo comun de inversion,274.19,Ahorros
6050,205,comprqs fiambreria,387.9,Alimentacion
6051,2689,compra inversion en acciones,1025.16,Ahorros
6052,1387,consulta medica de control,352.81,Salud
6053,1645,colectivo linea 60,52.6,Deudas
6054,1333,suscripcion spotify,32.96,Ocio
6055,2049,movimiento: curso de programacion,392.72,Educacion
6056,2059,reparacion electrica,244.24,Ahorros
6057,1850,pintura habitacion,485.0,Vivienda
6058,747,pago de cuota prestamo auto,685.36,Deudas
6059,1664,optica lentes,136.52,Salud
6060,1238,pago de compra supermercado dia,256.54,Alimentacion
6061,2019,compra libros de texto,643.9,Educacion
6062,956,pago de intereses,369.28,Vivienda
6063,2803,analisis de sangre,168.98,Salud
6064,518,viaje cabify,41.92,Transporte
6065,1439,compra panaderia,96.43,Alimentacion
6066,1032,compra ferreteria,869.27,Vivienda
6067,2053,colectivo linea 60,68.91,Transporte
6068,2742,cuota prestamo auto,701.79,Deudas
6069,2160,transferencia ahorro mensual,313.85,Ahorros
6070,273,compras fiambreria,369.55,Alimentacion
6071,422,peaje autopista,66.74,Transporte
6072,2313,juegos de consolq,40.13,Ocio
6073,1482,servicio de agua aysa,33.37,Servicios
6074,2260,pago de taxis de la ciudad,68.44,Transporte
6075,782,cuota prestamo auto,522.15,Deudas
6076,2714,plazo fijo,700.41,Ahorros
6077,1245,cuota prestamo banco,984.56,Deudas
6078,2417,fondo comun de inversion,805.64,Ahorros
6079,2395,suscripcion spotify,129.93,Ocio
6080,2073,movimiento: servicio de agua aysa,38.3,Servicios
6081,976,tarjeta cerveceria artesanal,80.36,Ocio
6082,1744,compra servicio de agua aysa,43.1,Servicios
6083,417,pago de dentista limpieza,337.36,Salud
6084,2563,reparacion electrica,755.14,Vivienda
6085,215,compra dolares banco,1214.52,Ahorros
6086,1136,fac consulta medica de control,493.37,Vivienda
6087,914,colectivo linea 60,74.29,Transporte
6088,1583,abono internet fibertel,51.83,Servicios
6089,2025,cerveceriq artesanal,35.23,Ocio
6090,428,comprq farmacia,238.64,Salud
6091,733,cerveceria artesanal,63.55,Ocio
6092,2747,impuestos municipales,54.4,Servicios
6093,2264,entradas recital,118.66,Ocio
6094,413,pago de carniceria central,164.83,Alimentacion
6095,2428,comprqs fiambreria,256.74,Alimentacion
6096,1626,inversion en acciones,1286.39,Ahorros
6097,232,suscripcion netflix,91.41,Ocio
6098,835,carga sube,20.04,Transporte
6099,258,carniceria central,272.44,Alimentacion
6100,1280,taxis de la ciudad,51.64,Transporte
6101,403,tarjeta pago tarjeta de credito,356.58,Deudas
6102,2472,utiles escolares,424.68,Educacion
6103,770,abono internet fibertel,180.88,Servicios
6104,65,servicio de agua aysa,182.8,Deudas
6105,2238,combustible ypf,64.24,Transporte
6106,950,compra expensas del edificio,1112.46,Vivienda
6107,173,tqxis de la ciudad,34.63,Transporte
6108,2807,fqctura luz edesur,163.01,Servicios
6109,2676,curso de programacion,527.34,Educacion
6110,2609,comprq panaderia,392.97,Alimentacion
6111,1251,taxis de la ciudad,41.12,Transporte
6112,1412,compra cafeteria,22.4,Ocio
6113,2449,reparacion electrica,406.78,Vivienda
6114,638,impuestos municipales,82.94,Servicios
6115,949,viaje uber,23.04,Transporte
6116,2261,viaje cabify,62.1,Transporte
6117,2101,suscripcion spotify,44.45,Ocio
6118,2672,pago tarjeta de credito,428.05,Deudas
6119,1695,almacen san martin,77.43,Alimentacion
6120,752,utiles escolares,735.33,Educacion
6121,662,supermercado coto,208.77,Alimentacion
6122,2187,juegos de consola,77.24,Ocio
6123,2466,abono internet fibertel,160.45,Servicios
6124,143,cerveceria artesanal,85.38,Ocio
6125,1906,plazo fijo,1192.72,Ahorros
6126,2557,qnalisis de sangre,386.11,Salud
6127,2698,fac pago saldo refinanciado,433.59,Deudas
6128,486,compra farmacia,398.41,Salud
6129,992,factura gas metrogas,109.46,Servicios
6130,1461,fac compra libros de texto,296.53,Educacion
6131,2591,verduleria y fruteria,365.46,Alimentacion
6132,293,pago alquiler mensual,458.87,Vivienda
6133,1644,inversion en acciones,1133.41,Ahorros
6134,2719,pago saldo refinanciado,938.73,Deudas
6135,838,dentista limpieza,302.69,Salud
6136,1038,fac viaje cabify,13.43,Transporte
6137,2682,fondo comun de inversion,512.54,Ahorros
6138,1751,supermercqdo carrefour,340.32,Alimentacion
6139,272,pago de compra dolares banco,514.78,Ahorros
6140,1049,abono telefonia movil,118.1,Servicios
6141,1959,viaje uber,73.26,Transporte
6142,2370,curso de programacion,449.47,Educacion
6143,806,viqje uber,68.19,Transporte
6144,1705,cuota jardin de infantes,778.22,Educacion
6145,1890,impuestos municipales,145.25,Servicios
6146,883,compra libros de texto,322.27,Educacion
6147,2283,taxis de la ciudad,24.59,Transporte
6148,832,taller de ingles,686.27,Deudas
6149,1113,cena restaurante,144.78,Ocio
6150,2192,utiles escolares,622.57,Educacion
6151,2041,peaje autopista,43.09,Servicios
6152,1106,entradas recital,36.27,Ocio
6153,2637,pago de cena restaurante,33.03,Ocio
6154,1595,peaje autopista,32.57,Transporte
6155,2277,pintura habitacion,342.56,Vivienda
6156,1627,abono telefonia movil,46.63,Deudas
6157,1890,carniceria central,62.02,Alimentacion
6158,1805,comprq panaderia,245.28,Alimentacion
6159,1221,cena restaurante,140.99,Ocio
6160,274,servicio de agua aysa,128.62,Vivienda
6161,590,cuota universidad,418.05,Educacion
6162,2701,pago tarjeta de credito,898.31,Transporte
6163,583,expensas comunes,298.04,Vivienda
6164,968,cuota prepaga osde,409.65,Salud
6165,1991,factura luz edesur,31.12,Servicios
6166,2420,pintura habitacion,860.25,Vivienda
6167,1259,carniceria central,235.93,Alimentacion
6168,1311,cuota prestamo auto,380.44,Deudas
6169,2867,taller de ingles,799.57,Educacion
6170,572,pago de intereses,340.97,Deudas
6171,545,cuota prestamo auto,970.1,Deudas
6172,1461,utiles escolares,726.03,Educacion
6173,127,fac cuota prestamo banco,714.84,Deudas
6174,733,factura gas metrogas,130.14,Servicios
6175,417,dentista limpieza,485.86,Salud
6176,638,expensas comunes,703.78,Vivienda
6177,41,impuestos municipales,121.33,Servicios
6178,787,pintura habitacion,665.97,Vivienda
6179,297,entradas recital,61.5,Alimentacion
6180,1621,peaje autopista,53.29,Transporte
6181,42,viaje uber,64.82,Transporte
6182,2680,consulta medica de control,388.67,Educacion
6183,33,movimiento: factura luz edesur,190.82,Servicios
6184,1300,consulta medica de control,342.75,Salud
6185,2713,compra farmacia,298.19,Salud
6186,616,fac reparacion electrica,1037.43,Vivienda
6187,948,compra salida al cine,123.86,Ocio
6188,1548,almacen san martin,89.16,Alimentacion
6189,160,juegos de consola,108.88,Ocio
6190,1953,cuota prestamo banco,536.45,Deudas
6191,2506,pago de intereses,223.14,Deudas
6192,1732,entradas recital,107.62,Ocio
6193,2447,salida al cine,144.31,Ocio
6194,1843,compra compra farmacia,427.89,Salud
6195,1798,viaje uber,56.38,Transporte
6196,1733,impuestos municipales,75.59,Servicios
6197,581,fac pago de intereses,891.5,Deudas
6198,220,pago de cena restaurante,95.27,Ocio
6199,379,utiles escolares,257.05,Educacion
6200,1750,expensas comunes,758.25,Vivienda
6201,2978,movimiento: compra panaderia,315.62,Alimentacion
6202,1471,compra dolares banco,1420.58,Ahorros
6203,964,servicio de plomeria,661.71,Vivienda
6204,1170,combustible shell,66.98,Transporte
6205,233,expensas del edificio,1029.75,Vivienda
6206,1395,utiles escolares,405.27,Educacion
6207,922,combustible ypf,17.93,Transporte
6208,2282,factura luz edesur,145.33,Servicios
6209,2774,pago de dentista limpieza,65.34,Salud
6210,367,pago de intereses,799.25,Ahorros
6211,481,fac compra ferreteria,1184.63,Vivienda
6212,1597,cuotq universidad,564.73,Educacion
6213,2638,dentista limpieza,68.42,Salud
6214,1119,compra curso de programacion,652.13,Educacion
6215,1866,transferencia ahorro mensual,176.42,Ahorros
6216,2035,viaje cabify,76.12,Transporte
6217,216,abono telefonia movil,125.4,Deudas
6218,725,fac cuota prestamo auto,852.51,Deudas
6219,1840,analisis de sangre,59.89,Salud
6220,712,movimiento: pago alquiler mensual,1166.34,Vivienda
6221,1888,colectivo linea 60,10.09,Transporte
6222,1826,plazo fijo,726.78,Ahorros
6223,985,cuota prepaga osde,450.82,Salud
6224,1159,inversion en acciones,577.79,Ahorros
6225,1107,abono internet fibertel,138.39,Servicios
6226,391,movimiento: suscripcion netflix,41.22,Ocio
6227,1071,cuota prepaga osde,462.92,Salud
6228,392,factura gas metrogas,101.97,Servicios
6229,2766,pago de optica lentes,342.75,Salud
6230,385,movimiento: suscripcion netflix,111.64,Ocio
6231,2429,pago tarjeta de credito,489.93,Deudas
6232,1283,curso de programacion,633.67,Educacion
6233,2652,cuotq prepaga osde,476.32,Alimentacion
6234,934,juegos de consola,113.76,Ocio
6235,1971,cuota prestamo banco,683.93,Deudas
6236,399,compra farmacia,299.96,Salud
6237,2148,compra libros de texto,661.81,Educacion
6238,383,compra dolares banco,245.86,Ahorros
6239,2755,compra farmacia,355.58,Salud
6240,2058,viaje uber,26.3,Transporte
6241,2312,cuota prestamo auto,788.11,Deudas
6242,2880,factura luz edesur,59.4,Servicios
6243,2678,plazo fijo,1184.03,Ahorros
6244,2810,comprq ferreteria,313.96,Vivienda
6245,2243,analisis de sangre,312.89,Salud
6246,2610,utiles escolares,293.26,Educacion
6247,1431,almacen san martin,187.17,Alimentacion
6248,1914,curso de programacion,157.51,Educacion
6249,2145,medicamentos recetados,398.79,Salud
6250,2510,movimiento: supermercado coto,116.1,Alimentacion
6251,758,compra farmacia,158.77,Salud
6252,2135,tqller de ingles,339.09,Educacion
6253,991,compra libros de texto,386.28,Educacion
6254,2125,pago de intereses,439.13,Deudas
6255,1913,supermercado coto,166.28,Alimentacion
6256,1740,fac factura gas metrogas,89.01,Servicios
6257,1507,matricula del colegio,641.87,Vivienda
6258,661,analisis de sangre,257.09,Salud
6259,2029,reparacion electrica,847.35,Vivienda
6260,1135,optica lentes,476.16,Salud
6261,2026,pago tarjeta de credito,496.9,Deudas
6262,765,pintura habitacion,898.15,Vivienda
6263,2726,optica lentes,73.67,Salud
6264,1673,viaje cabify,45.21,Transporte
6265,2839,consulta medica de control,238.95,Salud
6266,1547,factura gas metrogas,158.76,Servicios
6267,583,cerveceria artesanal,83.55,Ocio
6268,671,matricula del colegio,326.91,Educacion
6269,1752,cuotq prestamo auto,431.78,Deudas
6270,538,supermercado carrefour,346.67,Alimentacion
6271,1822,dentista limpieza,496.68,Salud
6272,1186,taxis de la ciudad,71.31,Transporte
6273,430,taxis de la ciudad,55.45,Transporte
6274,1638,supermercado carrefour,93.75,Alimentacion
6275,2181,compra libros de texto,695.95,Educacion
6276,189,compra taller de ingles,326.56,Ahorros
6277,1747,consulta medica de control,187.81,Salud
6278,1702,fondo comun dw inversion,494.15,Ahorros
6279,2621,suscripcion spotify,36.22,Ocio
6280,2327,salida al cine,118.73,Ocio
6281,1649,juegos de consola,51.79,Ocio
6282,2590,compra viaje cabify,56.54,Transporte
6283,2012,fac cuota prestamo auto,363.1,Deudas
6284,1185,cena restaurante,66.46,Ocio
6285,2794,compra farmacia,66.99,Salud
6286,2947,fondo comun de inversion,1233.09,Salud
6287,2501,colectivo linea 60,28.29,Transporte
6288,2937,abono internet fibertel,140.51,Servicios
6289,851,estudios clinicos,245.52,Salud
6290,170,cena restaurante,23.54,Ocio
6291,830,cuota jardin de infantes,687.48,Educacion
6292,2746,suscripcion spotify,45.07,Ocio
6293,1081,pago de intereses,705.08,Ahorros
6294,1264,consulta medica de control,256.46,Salud
6295,769,tqxis de la ciudad,50.36,Transporte
6296,358,cuota prestamo auto,161.51,Deudas
6297,2249,pago de carniceria central,346.87,Alimentacion
6298,2492,viqje cabify,47.16,Transporte
6299,2875,compras fiambreria,316.55,Alimentacion
6300,1326,utiles escolares,566.87,Educacion
6301,2149,pago saldo refinanciado,522.39,Deudas
6302,1121,peaje autopista,26.27,Transporte
6303,1689,expensqs del edificio,1064.51,Vivienda
6304,2986,expensas del edificio,416.38,Vivienda
6305,2077,qbono internet fibertel,113.76,Servicios
6306,1530,supermercqdo carrefour,170.55,Alimentacion
6307,2713,tarjeta compra dolares banco,1441.36,Ahorros
6308,1462,cuota prepaga osde,273.16,Salud
6309,1403,compra cafeteria,111.86,Ocio
6310,73,compra libros de texto,681.73,Educacion
6311,254,reparacion electrica,535.38,Vivienda
6312,1935,compra dolares banco,120.66,Ahorros
6313,516,inversion en acciones,392.15,Ahorros
6314,2797,supermercado coto,366.56,Alimentacion
6315,1044,impuestos municipales,129.47,Servicios
6316,1649,pago de fondo comun de inversion,552.76,Ahorros
6317,2583,cuota universidad,281.69,Educacion
6318,421,carniceria central,253.11,Alimentacion
6319,2494,pago tarjeta de credito,891.42,Deudas
6320,879,taller de ingles,415.15,Educacion
6321,136,juegos de consola,81.36,Ocio
6322,1325,factura gas metrogas,35.45,Servicios
6323,1633,factura gas metrogas,146.24,Servicios
6324,33,factura gas metrogas,169.69,Servicios
6325,2695,verduleria y fruteria,227.76,Alimentacion
6326,1791,servicio de agua aysa,71.8,Servicios
6327,278,dentistq limpieza,478.72,Salud
6328,2181,cuota jardin de infantes,513.49,Educacion
6329,750,matricula del colegio,427.47,Educacion
6330,2174,pago de intereses,347.33,Deudas
6331,2393,abono telefonia movil,131.04,Transporte
6332,17,abono internet fibertel,48.27,Servicios
6333,2872,salida al cine,97.1,Ocio
6334,2610,factura luz edesur,58.55,Servicios
6335,2695,impuestos municipales,162.74,Servicios
6336,2678,cuota jardin de infantes,153.32,Educacion
6337,1402,utiles escolares,333.27,Educacion
6338,818,expensas del edificio,457.23,Vivienda
6339,2108,tarjeta compra ferreteria,665.55,Vivienda
6340,1661,cuota jardin de infantes,383.32,Educacion
6341,467,fondo comun de inversion,1052.12,Ahorros
6342,628,suscripcion spotify,89.89,Ocio
6343,2439,pago tarjeta de credito,942.56,Deudas
6344,2984,fondo comun de inversion,1061.63,Ahorros
6345,2733,expensqs comunes,586.9,Vivienda
6346,1211,impuestos municipales,62.8,Servicios
6347,2546,compra libros de texto,591.12,Educacion
6348,600,pago alquiler mensual,959.48,Vivienda
6349,1739,servicio de agua aysa,181.35,Servicios
6350,1385,consulta medica de control,488.76,Salud
6351,1847,supermercado coto,58.93,Alimentacion
6352,1856,impuestos municipales,124.62,Servicios
6353,2497,transferencia ahorro mensual,514.92,Ahorros
6354,1888,viaje cabify,40.8,Ocio
6355,680,impuestos municipales,51.34,Servicios
6356,1836,combustible ypf,41.12,Deudas
6357,2178,tarjeta consulta medica de control,458.46,Salud
6358,149,movimiento: consulta medica de control,206.85,Salud
6359,1496,fac expensas comunes,743.36,Vivienda
6360,818,pqgo de compra cafeteria,119.69,Ocio
6361,1745,qnalisis de sangre,282.13,Salud
6362,1647,plazo fijo,1234.1,Ahorros
6363,2996,colectivo linea 60,22.25,Transporte
6364,2548,abono internet fibertel,113.54,Servicios
6365,1673,juegos de consola,57.29,Ocio
6366,1379,compra peaje autopista,75.38,Transporte
6367,1940,opticq lentes,254.58,Salud
6368,658,cena restaurante,137.0,Ocio
6369,1054,compra ferreteria,459.64,Vivienda
6370,577,verduleria y fruteria,342.71,Alimentacion
6371,723,compra panaderia,199.92,Alimentacion
6372,2270,pago de cuota prepaga osde,429.58,Salud
6373,2650,tarjeta pago saldo refinanciado,411.89,Deudas
6374,1642,pintura habitacion,830.8,Vivienda
6375,684,verduleria de la esquina,78.46,Alimentacion
6376,742,pago tarjeta de credito,513.7,Deudas
6377,2973,juegos de consola,86.17,Ocio
6378,2628,supermercado carrefour,176.63,Alimentacion
6379,2449,compra cafeteria,53.07,Ocio
6380,2046,verduleria y fruteria,394.94,Alimentacion
6381,2949,cuota prepaga osde,166.9,Salud
6382,1628,carga sube,52.41,Transporte
6383,2560,compra ferreteria,366.2,Vivienda
6384,2136,taxis de la ciudad,58.65,Transporte
6385,1489,compra libros de texto,767.16,Educacion
6386,50,reparacion electrica,791.94,Vivienda
6387,103,suscripcion netflix,67.96,Ocio
6388,368,abono internet fibertel,167.6,Servicios
6389,936,carga sube,33.02,Transporte
6390,1715,combustible ypf,79.43,Transporte
6391,1803,pago tarjeta de credito,569.4,Deudas
6392,1421,compra dolares banco,636.53,Ahorros
6393,1801,taller de ingles,136.23,Educacion
6394,2946,abono telefonia movil,180.52,Servicios
6395,2957,plazo fijo,983.73,Ahorros
6396,2306,carniceria central,160.05,Alimentacion
6397,1996,pago saldo refinanciado,395.46,Deudas
6398,1968,inversion en acciones,1212.41,Ahorros
6399,390,compra dolares banco,243.45,Ahorros
6400,1367,abono internet fibertel,199.47,Servicios
6401,773,consultq medica de control,141.82,Salud
6402,2802,curso de programacion,101.06,Educacion
6403,394,peaje autopista,49.37,Transporte
6404,683,optica lentes,271.34,Ahorros
6405,270,abono internet fibertel,190.39,Servicios
6406,149,supermercado coto,224.64,Alimentacion
6407,811,medicamentos recetados,117.05,Salud
6408,28,utiles escolqres,298.31,Educacion
6409,2328,movimiento: expensas del edificio,517.14,Vivienda
6410,1206,estudios clinicos,400.11,Salud
6411,166,suscripcion netflix,121.02,Ocio
6412,2065,juegos de consola,115.53,Ocio
6413,1174,reparacion electrica,1156.34,Vivienda
6414,339,inversion en acciones,660.68,Ahorros
6415,1069,cena restaurante,95.98,Ocio
6416,842,plazo fijo,832.15,Ahorros
6417,189,peaje autopista,71.05,Transporte
6418,651,suscripcion spotify,27.78,Ocio
6419,294,compra compra ferreteria,822.06,Vivienda
6420,1858,combustible ypf,35.36,Transporte
6421,1323,taller de ingles,283.29,Educacion
6422,2463,analisis de sangre,230.22,Salud
6423,1648,suscripcion netflix,138.87,Ocio
6424,803,pqgo de pago tarjeta de credito,300.51,Deudas
6425,431,expensas comunes,1081.78,Vivienda
6426,1519,pintura habitacion,1080.82,Vivienda
6427,487,compra libros de texto,210.65,Educacion
6428,89,cerveceria artesanal,98.9,Ocio
6429,271,factura gas metrogas,194.5,Servicios
6430,1957,juegos de consola,136.0,Ocio
6431,1773,pago de factura gas metrogas,122.87,Servicios
6432,900,inversion en acciones,1147.85,Ahorros
6433,1745,expensas comunes,940.2,Vivienda
6434,278,comprq supermercado dia,244.36,Alimentacion
6435,2001,transferencia ahorro mensual,683.15,Ahorros
6436,2254,factura gas metrogas,199.42,Servicios
6437,2961,reparacion electrica,1096.59,Vivienda
6438,2376,fqc pago de intereses,836.27,Deudas
6439,1634,impuestos municipales,49.7,Servicios
6440,2906,carga sube,17.84,Transporte
6441,2925,verduleria y fruteria,283.96,Alimentacion
6442,862,plazo fijo,315.57,Ahorros
6443,2384,movimiento: factura luz edesur,33.65,Servicios
6444,606,supermercado coto,318.26,Alimentacion
6445,2640,fac pintura habitacion,617.44,Vivienda
6446,1062,fac cuota universidad,258.85,Educacion
6447,1014,curso de programacion,670.52,Educacion
6448,1507,compra libros de texto,410.56,Educacion
6449,708,cuota prepaga osde,210.09,Salud
6450,978,curso de programacion,112.31,Vivienda
6451,1818,pago de expensas comunes,1122.84,Vivienda
6452,2473,utiles escolares,589.47,Educacion
6453,2635,abono telefonia movil,148.94,Servicios
6454,806,cuota jardin de infantes,445.69,Educacion
6455,1534,cuota prestamo auto,511.63,Deudas
6456,720,pago saldo refinanciado,346.74,Deudas
6457,949,estudios clinicos,193.97,Salud
6458,2703,curso de programacion,537.02,Educacion
6459,474,expensas del edificio,612.31,Servicios
6460,568,fac curso de programacion,487.21,Educacion
6461,2259,cuota prestamo banco,808.63,Deudas
6462,1082,servicio de plomeria,565.65,Vivienda
6463,215,taller de ingles,685.6,Educacion
6464,900,abono telefonia movil,100.04,Servicios
6465,1802,estudios clinicos,433.36,Salud
6466,1983,tqrjeta salida al cine,89.76,Salud
6467,1097,plqzo fijo,1257.86,Ahorros
6468,2515,servicio de plomeria,919.14,Vivienda
6469,1295,reparacion de cerradura,601.71,Transporte
6470,2402,suscripcion spotify,143.14,Ocio
6471,1258,juegos de consola,55.26,Ocio
6472,2673,movimiento: dentista limpieza,166.02,Salud
6473,2420,verduleria y fruteria,164.5,Alimentacion
6474,184,compra farmacia,166.96,Salud
6475,674,cuota prestamo banco,515.63,Deudas
6476,2803,pago tarjeta de credito,541.7,Deudas
6477,1682,cena restaurante,50.07,Ocio
6478,2370,abono telefonia movil,76.28,Servicios
6479,435,viaje cabify,38.68,Transporte
6480,1067,transferencia ahorro mensual,686.7,Ahorros
6481,1337,dentista limpieza,338.54,Salud
6482,2341,tarjeta taxis de la ciudad,12.91,Transporte
6483,688,cuota jardin de infantes,215.59,Educacion
6484,888,movimiento: compra panaderia,387.79,Alimentacion
6485,69,cuota jardin de infantes,483.23,Educacion
6486,2104,reparacion electrica,248.17,Vivienda
6487,2679,compra cafeteria,42.92,Ocio
6488,420,cuota jardin de infantes,720.04,Educacion
6489,2615,compra dolares banco,208.4,Ahorros
6490,2598,matricula del colegio,601.55,Educacion
6491,243,pago saldo refinanciado,457.3,Ahorros
6492,2796,peaje autopista,74.2,Transporte
6493,1498,compra farmacia,436.04,Salud
6494,2575,consulta medica de control,483.84,Salud
6495,1680,dentista limpieza,79.87,Salud
6496,2125,suscripcion spotify,113.33,Ocio
6497,2009,abono internet fibertel,72.73,Servicios
6498,1502,factura gas metrogas,86.5,Servicios
6499,440,abono telefonia movil,149.31,Servicios
6500,1287,compra farmacia,492.43,Salud
6501,1209,compra panaderia,370.24,Alimentacion
6502,1079,entradas recital,23.89,Ocio
6503,1332,estudios clinicos,187.21,Salud
6504,2564,fac estudios clinicos,229.79,Salud
6505,1254,estudios clinicos,290.14,Salud
6506,615,inversion en acciones,1452.1,Ahorros
6507,2724,compra ferreteria,1133.61,Vivienda
6508,420,utiles escolares,472.44,Educacion
6509,1901,cuota prepaga osde,407.29,Salud
6510,276,carniceria central,258.61,Ahorros
6511,1585,pago alquiler mensual,832.78,Vivienda
6512,2656,compras fiambreria,294.16,Alimentacion
6513,2619,impuestos municipales,37.66,Servicios
6514,1767,servicio de qgua aysa,187.33,Servicios
6515,1713,movimiento: pqgo alquiler mensual,946.56,Vivienda
6516,2138,curso de programacion,223.66,Educacion
6517,2330,factura gas metrogas,57.92,Servicios
6518,1195,sqlida al cine,50.54,Ocio
6519,2686,fac reparacion de cerradura,879.53,Vivienda
6520,811,reparacion electrica,372.18,Vivienda
6521,1379,peaje autopista,72.14,Transporte
6522,1313,compra colectivo linea 60,26.1,Transporte
6523,2916,pago alquiler mensual,490.84,Vivienda
6524,2510,fac utiles escolares,134.19,Educacion
6525,750,expensas del edificio,694.2,Vivienda
6526,1197,opticq lentes,377.05,Salud
6527,301,peaje autopista,40.06,Transporte
6528,600,pintura habitacion,968.34,Vivienda
6529,529,cuota universidad,528.29,Educacion
6530,2188,supermercqdo coto,267.26,Ocio
6531,278,verduleria y fruteria,320.65,Alimentacion
6532,663,juegos de consola,25.96,Ocio
6533,2559,comprq libros de texto,226.59,Educacion
6534,1370,expensqs del edificio,237.73,Vivienda
6535,2162,verduleria y fruteria,113.66,Alimentacion
6536,580,servicio de agua aysa,149.25,Servicios
6537,1531,servicio de plomeria,674.79,Vivienda
6538,1390,cuota prepaga osde,403.6,Salud
6539,691,factura gas metrogas,128.68,Transporte
6540,637,combustible ypf,45.33,Transporte
6541,1849,movimiento: compras fiambreria,206.31,Alimentacion
6542,2046,pago alquiler mensual,541.85,Vivienda
6543,823,cuota prestamo banco,208.08,Deudas
6544,1874,cerveceria artesanal,139.89,Ocio
6545,875,compra plazo fijo,505.12,Ahorros
6546,940,verduleria de la esquina,246.67,Alimentacion
6547,1683,compra panaderia,97.53,Alimentacion
6548,942,curso de programacion,760.35,Educacion
6549,1899,compra cafeteria,105.66,Ocio
6550,2406,cuota prestamo auto,434.31,Deudas
6551,2051,dentista limpieza,499.0,Salud
6552,1747,entrqdas recital,103.66,Ocio
6553,2452,medicamentos recetados,300.02,Salud
6554,25,cuotq prestamo banco,751.44,Deudas
6555,1867,fac reparacion electrica,903.56,Vivienda
6556,2557,combustible ypf,73.15,Transporte
6557,2744,compra dolares banco,890.96,Ahorros
6558,61,pago saldo refinanciado,618.85,Deudas
6559,123,cerveceria artesanal,145.67,Ocio
6560,1521,tarjeta cuota prepaga osde,400.15,Servicios
6561,2103,movimiento: carga sube,69.13,Transporte
6562,1187,tarjeta reparacion electrica,413.59,Vivienda
6563,1723,reparacion de cerradura,841.73,Vivienda
6564,1063,carniceria central,232.47,Alimentacion
6565,1107,movimiento: plazo fijo,977.47,Ahorros
6566,1731,pago tarjeta de credito,539.08,Deudas
6567,546,factura gas metrogas,52.67,Servicios
6568,2161,tarjeta cena restaurante,96.43,Ocio
6569,2473,estudios clinicos,168.22,Salud
6570,2966,compra ferreteria,283.89,Vivienda
6571,2278,viaje uber,56.96,Transporte
6572,2965,impuestos municipales,57.34,Servicios
6573,1311,taxis de la ciudad,50.0,Transporte
6574,155,tarjeta verduleria de la esquina,377.35,Alimentacion
6575,2213,salida al cine,143.73,Ocio
6576,1263,expensas del edificio,995.91,Vivienda
6577,2697,cuota prestamo auto,201.31,Deudas
6578,1363,carniceria central,378.62,Alimentacion
6579,938,fondo comun de inversion,1375.63,Ahorros
6580,512,cena restaurante,101.12,Ocio
6581,932,peaje autopista,17.29,Transporte
6582,2314,pago de intereses,589.3,Deudas
6583,187,pago de taller de ingles,381.73,Vivienda
6584,1846,compra libros de texto,575.01,Educacion
6585,1703,pago de curso de programacion,642.54,Salud
6586,391,abono telefonia movil,106.54,Servicios
6587,1284,qbono internet fibertel,191.71,Servicios
6588,655,abono internet fibertel,59.18,Servicios
6589,1740,viaje uber,75.06,Transporte
6590,176,movimiento: pago tarjeta de credito,709.82,Deudas
6591,2822,compra panaderia,224.91,Alimentacion
6592,764,tqrjeta taxis de la ciudad,56.11,Transporte
6593,931,fac servicio de agua aysa,155.75,Servicios
6594,1224,servicio de plomeria,1073.66,Vivienda
6595,711,transferencia ahorro mensual,490.46,Ahorros
6596,2874,inversion en acciones,860.28,Ahorros
6597,2637,analisis de sangre,84.67,Salud
6598,2579,medicamentos recetados,426.13,Salud
6599,1086,fondo comun dw inversion,454.54,Ahorros
6600,1351,tarjeta pago saldo refinanciado,814.33,Deudas
6601,1930,supermercado carrefour,93.17,Alimentacion
6602,281,compra cafeteria,72.41,Ocio
6603,1964,factura gas metrogas,142.08,Servicios
6604,1786,pago de cuota prestamo banco,471.22,Transporte
6605,2275,colectivo linea 60,23.34,Servicios
6606,2687,compra supermercado coto,362.76,Deudas
6607,1082,pqgo de pago alquiler mensual,774.17,Vivienda
6608,2969,compra panaderia,213.95,Alimentacion
6609,477,peaje autopista,46.78,Transporte
6610,716,estudios clinicos,170.3,Salud
6611,243,reparacion de cerradura,1182.83,Vivienda
6612,2415,suscripcion netflix,65.25,Ocio
6613,936,pago saldo refinanciado,678.98,Deudas
6614,1524,movimiento: inversion en acciones,1042.58,Ahorros
6615,838,compra compra ferreteria,427.22,Vivienda
6616,2954,supermercado coto,358.25,Alimentacion
6617,1346,utiles escolares,537.85,Educacion
6618,2424,utiles escolqres,334.37,Educacion
6619,2029,plazo fijo,484.48,Ahorros
6620,1433,suscripcion spotify,67.53,Ocio
6621,2759,matricula del colegio,536.92,Educacion
6622,2391,utiles escolares,279.06,Educacion
6623,240,pago de cuota prestamo banco,890.15,Deudas
6624,139,compras fiambreria,113.98,Alimentacion
6625,420,compra libros de texto,624.54,Educacion
6626,1585,carniceria central,200.76,Alimentacion
6627,304,tarjeta servicio de agua aysa,192.72,Servicios
6628,2163,movimiento: abono internet fibertel,147.68,Servicios
6629,2391,pqgo saldo refinanciado,714.8,Deudas
6630,1275,factura luz edesur,40.41,Servicios
6631,2027,compra dolares banco,643.62,Ahorros
6632,7,pago de intereses,820.0,Deudas
6633,2779,pago tarjeta de credito,347.96,Deudas
6634,2227,consulta medica de control,161.33,Salud
6635,1169,pago de pago alquiler mensual,707.39,Vivienda
6636,416,expensas del edificio,757.64,Vivienda
6637,2714,compra supermercado carrefour,345.41,Vivienda
6638,1145,cena restaurante,118.73,Ocio
6639,1148,peaje autopista,71.43,Transporte
6640,150,movimiento: comprq dolares banco,1372.41,Ahorros
6641,2445,compra supermercado dia,213.97,Alimentacion
6642,2429,compra supermercado dia,257.49,Alimentacion
6643,1804,cerveceria artesanal,70.88,Ocio
6644,839,cqrniceria central,111.43,Alimentacion
6645,2049,medicamentos recetados,138.57,Salud
6646,1697,viaje uber,71.32,Transporte
6647,244,plazo fijo,778.38,Ahorros
6648,1911,compra libros de texto,493.73,Educacion
6649,1422,cena restaurante,66.1,Ocio
6650,1275,compra combustible ypf,35.53,Transporte
6651,879,cuota prestamo banco,882.05,Deudas
6652,2808,cerveceria artesanal,128.32,Ocio
6653,1321,pago de intereses,227.25,Deudas
6654,977,cuota prestamo banco,952.32,Deudas
6655,1524,compras fiambreria,268.16,Alimentacion
6656,1139,servicio de agua aysa,86.43,Deudas
6657,2049,carga sube,18.61,Transporte
6658,553,pago de intereses,600.89,Deudas
6659,482,comprq viaje cabify,42.91,Transporte
6660,600,expensqs del edificio,633.85,Vivienda
6661,2811,viaje uber,39.35,Transporte
6662,2383,servicio de agua aysa,131.2,Servicios
6663,2513,utiles escolares,592.9,Educacion
6664,1165,fondo comun de inversion,191.33,Ahorros
6665,583,tarjeta matricula del colegio,473.86,Educacion
6666,137,pago tarjeta de credito,523.77,Deudas
6667,1004,peaje autopista,64.85,Transporte
6668,1983,optica lentes,198.16,Salud
6669,1635,salida al cine,75.14,Ocio
6670,2998,servicio de agua aysa,172.1,Servicios
6671,687,pago saldo refinanciado,621.92,Deudas
6672,2215,medicqmentos recetados,441.63,Salud
6673,1434,servicio de agua aysa,55.09,Servicios
6674,1793,cuota prestamo banco,740.25,Deudas
6675,910,cerveceria artesanal,73.96,Salud
6676,1760,pago de pintura habitacion,538.72,Vivienda
6677,2035,pago de cena restaurante,129.6,Ocio
6678,2928,fondo comun de inversion,1463.29,Ahorros
6679,842,opticq lentes,183.44,Salud
6680,2113,compra colectivo linea 60,53.34,Transporte
6681,1605,matricula del colegio,294.09,Educacion
6682,2481,factura luz edesur,95.12,Servicios
6683,1338,analisis de sangre,420.71,Salud
6684,115,taller de ingles,109.84,Educacion
6685,569,compra ferreteria,680.96,Vivienda
6686,1554,tqrjeta factura gas metrogas,87.16,Servicios
6687,2690,viaje uber,38.51,Transporte
6688,495,abono internet fibertel,81.42,Servicios
6689,2989,viaje cabify,38.57,Transporte
6690,822,consulta medica de control,118.26,Salud
6691,2250,utiles escolares,140.67,Educacion
6692,2697,qbono internet fibertel,147.2,Servicios
6693,1609,cerveceria artesanal,79.16,Ocio
6694,560,abono internet fibertel,190.4,Servicios
6695,1042,entradas recital,123.46,Ocio
6696,2526,compra supermercado dia,56.49,Alimentacion
6697,2536,compra libros de texto,201.14,Educacion
6698,2827,tarjeta compras fiambreria,174.18,Alimentacion
6699,1470,servicio de agua aysa,58.63,Servicios
6700,340,pintura habitacion,317.7,Vivienda
6701,1555,cuota universidad,724.46,Educacion
6702,612,carniceria central,393.83,Alimentacion
6703,2164,pqgo de intereses,312.53,Deudas
6704,1882,expensas del edificio,1161.9,Vivienda
6705,74,movimiento: dentista limpieza,358.55,Salud
6706,2164,almacen san martin,262.51,Alimentacion
6707,1710,expensqs del edificio,714.45,Vivienda
6708,1762,cuota prepaga osde,100.41,Salud
6709,1693,cuota prestamo banco,714.12,Servicios
6710,2035,compra dolares banco,1238.24,Ahorros
6711,1246,curso de programacion,158.03,Educacion
6712,126,plazo fijo,1006.21,Ahorros
6713,657,pago de compra supermercado dia,321.17,Alimentacion
6714,1200,factura gas metrogas,111.91,Servicios
6715,1997,factura gas metrogas,163.01,Servicios
6716,2712,suscripcion spotify,21.67,Deudas
6717,991,pintura habitacion,1165.47,Vivienda
6718,859,inversion en acciones,1249.13,Ahorros
6719,1522,dentista limpieza,247.82,Educacion
6720,2133,verduleria y fruteria,236.85,Alimentacion
6721,1900,movimiento: carga sube,71.55,Ocio
6722,1407,consulta medica de control,51.35,Salud
6723,633,combustible shell,31.48,Transporte
6724,1665,cerveceria artesanal,63.23,Ocio
6725,1487,compra abono telefonia movil,189.6,Servicios
6726,2499,matricula del colegio,519.8,Educacion
6727,2566,taller de ingles,628.75,Educacion
6728,2894,factura gas metrogas,184.7,Servicios
6729,695,salida al cine,70.91,Ocio
6730,2598,compra pago de intereses,377.2,Deudas
6731,929,plazo fijo,194.4,Ahorros
6732,116,peaje autopista,36.28,Transporte
6733,1032,combustible shell,28.3,Transporte
6734,1242,compra supermercado dia,252.46,Alimentacion
6735,1743,abono telefonia movil,145.03,Servicios
6736,1614,reparacion electrica,673.65,Vivienda
6737,1904,plazo fijo,195.42,Ahorros
6738,2452,comprq cafeteria,88.82,Ocio
6739,304,factura gas metrogas,181.21,Servicios
6740,1491,servicio de agua aysa,119.18,Servicios
6741,1976,pago tarjeta de credito,493.33,Deudas
6742,2788,reparacion electrica,830.02,Vivienda
6743,88,compra cuota prepaga osde,412.19,Salud
6744,1034,dentista limpieza,73.03,Salud
6745,308,cuota prestamo banco,454.39,Salud
6746,2482,analisis de sangre,470.31,Salud
6747,802,cuota prestamo banco,493.39,Deudas
6748,164,carga sube,20.21,Transporte
6749,996,cuota jardin de infantes,351.9,Educacion
6750,2704,cuota jardin de infantes,347.05,Educacion
6751,1359,factura gas metrogas,195.77,Servicios
6752,2066,taller de ingles,383.1,Educacion
6753,1095,fac fondo comun de inversion,536.42,Ahorros
6754,1199,estudios clinicos,319.65,Salud
6755,1878,transferencia ahorro mensual,1235.0,Ahorros
6756,1824,pago de verduleria de la esquina,248.47,Vivienda
6757,811,estudios clinicos,222.95,Salud
6758,2387,pqgo alquiler mensual,687.65,Vivienda
6759,2296,juegos de consola,106.29,Ocio
6760,1349,cuotq prestamo auto,593.54,Deudas
6761,2354,abono telefonia movil,155.98,Servicios
6762,1804,pago saldo refinanciado,474.05,Deudas
6763,2252,suscripcion spotify,112.49,Ocio
6764,2901,entradas recital,145.74,Ocio
6765,1594,salida al cine,138.44,Ocio
6766,2495,estudios clinicos,160.36,Salud
6767,2761,expensqs del edificio,1131.04,Vivienda
6768,433,entradas recital,93.66,Ocio
6769,1648,impuestos municipales,37.09,Servicios
6770,1152,cuota prepaga osde,354.56,Salud
6771,822,reparacion de cerradura,1035.82,Vivienda
6772,1071,compra cafeteria,20.33,Ocio
6773,505,verduleria y fruteria,388.46,Alimentacion
6774,115,pago de factura luz edesur,168.89,Servicios
6775,1440,compra supermercado carrefour,301.48,Salud
6776,1791,transferencia ahorro mensual,1124.09,Ahorros
6777,995,inversion en acciones,1155.88,Ahorros
6778,223,fondo comun dw inversion,237.88,Ahorros
6779,636,expensqs del edificio,834.89,Vivienda
6780,1973,compra carga sube,44.48,Transporte
6781,672,abono telefonia movil,190.71,Servicios
6782,958,reparacion de cerradura,448.86,Vivienda
6783,933,curso de progrqmacion,677.62,Educacion
6784,96,almacen san martin,326.21,Alimentacion
6785,2155,entradas recital,53.9,Ocio
6786,632,abono internet fibertel,178.91,Servicios
6787,1702,dentista limpieza,497.89,Salud
6788,1950,combustiblw ypf,12.12,Transporte
6789,698,abono internet fibertel,188.73,Servicios
6790,32,verduleriq y fruteria,269.3,Alimentacion
6791,2114,taxis de la ciudad,52.6,Transporte
6792,1203,compra farmacia,148.66,Salud
6793,779,movimiento: expensas del edificio,523.0,Vivienda
6794,1467,movimiento: matricula del colegio,603.06,Educacion
6795,916,movimiento: servicio de plomeria,805.31,Vivienda
6796,549,estudios clinicos,382.2,Salud
6797,2249,supermercado carrefour,125.64,Alimentacion
6798,1894,impuestos municipqles,96.62,Servicios
6799,2097,salida al cine,114.12,Alimentacion
6800,2835,combustible ypf,72.1,Transporte
6801,2999,combustible ypf,31.39,Transporte
6802,1704,dentista limpieza,413.85,Salud
6803,2311,pago de intereses,182.51,Deudas
6804,1157,pago saldo refinanciado,676.23,Deudas
6805,2031,pago tarjeta de credito,700.68,Deudas
6806,1834,impuestos municipales,192.91,Servicios
6807,344,peaje autopista,43.6,Transporte
6808,1200,compra supermercado dia,147.45,Transporte
6809,2059,entradas recital,46.49,Servicios
6810,2249,cuota prestamo auto,796.47,Deudas
6811,945,compra panaderia,215.19,Alimentacion
6812,926,consulta medica de control,322.07,Salud
6813,2051,fac almacen san martin,266.81,Alimentacion
6814,2856,inversion en acciones,270.11,Educacion
6815,1331,abono telefonia movil,141.19,Servicios
6816,2004,cuota prestamo banco,226.63,Alimentacion
6817,2608,fondo comun de inversion,1286.53,Ahorros
6818,1788,analisis de sangre,206.93,Salud
6819,2247,viaje uber,59.84,Transporte
6820,1940,compra suscripcion netflix,98.92,Ocio
6821,2157,curso de programacion,283.7,Educacion
6822,2156,pintura habitacion,724.35,Vivienda
6823,2600,juegos de consola,68.97,Ocio
6824,52,salida al cine,88.28,Alimentacion
6825,2160,cuota prepaga osde,185.04,Salud
6826,295,colectivo linea 60,48.37,Transporte
6827,2113,inversion en acciones,202.58,Ahorros
6828,2622,cuota prestamo auto,721.09,Deudas
6829,465,pago de reparacion electrica,612.37,Vivienda
6830,2306,fac entradas recital,103.84,Ocio
6831,1670,estudios clinicos,269.68,Salud
6832,634,pqgo saldo refinanciado,243.97,Ocio
6833,1355,medicamentos recetados,358.37,Salud
6834,1525,taxis de la ciudad,74.3,Transporte
6835,210,servicio de agua aysa,81.47,Servicios
6836,2137,compra farmacia,61.64,Salud
6837,2076,compra inversion en acciones,1282.81,Ahorros
6838,238,opticq lentes,491.74,Ahorros
6839,336,fac pago de intereses,952.93,Deudas
6840,2111,viaje uber,78.53,Transporte
6841,1577,transferencia ahorro mensual,539.85,Ahorros
6842,500,supermercado carrefour,291.59,Alimentacion
6843,1565,cuota prepaga osde,175.75,Salud
6844,791,viaje cabify,67.55,Transporte
6845,2640,servicio de agua aysa,135.87,Servicios
6846,1136,cuota jardin de infantes,335.67,Educacion
6847,2349,cuota prestamo auto,764.58,Deudas
6848,229,combustiblw shell,40.19,Transporte
6849,150,pago tarjeta de credito,954.97,Deudas
6850,1779,factura luz edesur,90.26,Servicios
6851,1625,curso de programacion,144.22,Educacion
6852,2575,tarjeta colectivo linea 60,67.47,Transporte
6853,333,impuestos municipales,167.98,Servicios
6854,174,compra ferreteria,224.38,Vivienda
6855,1367,servicio de plomeria,1094.73,Vivienda
6856,2109,pago de pago de intereses,336.67,Deudas
6857,1085,cerveceria artesanal,121.87,Ocio
6858,819,fondo comun de inversion,532.89,Ahorros
6859,1702,tarjeta colectivo linea 60,39.01,Transporte
6860,2572,pago de cuota universidad,250.05,Alimentacion
6861,2264,suscripcion netflix,123.0,Ocio
6862,1613,pago de intereses,475.37,Deudas
6863,624,pintura habitacion,1052.13,Vivienda
6864,578,abono telefonia movil,66.83,Servicios
6865,2742,impuestos municipales,132.91,Servicios
6866,423,expensas comunes,558.37,Vivienda
6867,2764,pago de compras fiambreria,213.76,Alimentacion
6868,1395,analisis de sangre,247.6,Salud
6869,1230,viaje uber,37.34,Transporte
6870,754,optica lentes,361.66,Salud
6871,747,taller de ingles,231.65,Educacion
6872,688,almacen san martin,109.68,Alimentacion
6873,723,matricula del colegio,255.09,Educacion
6874,1567,colectivo linea 60,18.6,Transporte
6875,747,reparacion de cerradura,1012.98,Vivienda
6876,242,cerveceria artesanal,130.62,Ocio
6877,2713,transferencia ahorro mensual,425.69,Ahorros
6878,708,tqrjeta suscripcion spotify,111.33,Ocio
6879,435,peaje autopista,30.81,Transporte
6880,781,pago saldo refinanciado,151.86,Deudas
6881,484,cuota universidad,303.05,Educacion
6882,2432,pago de inversion en acciones,642.34,Ahorros
6883,1534,compra dolares banco,1142.52,Ahorros
6884,170,pago de compra ferreteria,932.33,Vivienda
6885,1021,almacen san martin,58.32,Alimentacion
6886,2998,plazo fijo,1405.27,Ahorros
6887,869,inversion en acciones,1405.6,Ahorros
6888,2371,pago de intereses,434.04,Deudas
6889,848,comprq libros de texto,430.61,Educacion
6890,1498,cuotq universidad,743.81,Educacion
6891,696,juegos de consola,65.37,Ocio
6892,2407,supermercado carrefour,244.74,Alimentacion
6893,32,fondo comun de inversion,584.82,Ahorros
6894,177,compra libros de texto,159.66,Educacion
6895,2965,abono telefonia movil,129.32,Servicios
6896,2113,pago tarjeta de credito,227.98,Deudas
6897,2075,fac utiles escolares,631.45,Educacion
6898,1503,medicamentos recetados,475.22,Salud
6899,2316,cerveceria artesanal,124.87,Ocio
6900,2645,movimiento: fqctura gas metrogas,135.38,Transporte
6901,66,expensas comunes,449.27,Vivienda
6902,133,trqnsferencia ahorro mensual,498.62,Ahorros
6903,1929,servicio de plomeria,627.44,Vivienda
6904,916,combustible shell,35.61,Transporte
6905,2130,compra dolares banco,435.46,Ahorros
6906,1917,reparacion electrica,402.23,Vivienda
6907,1855,tarjeta expensas comunes,997.44,Vivienda
6908,1352,verduleria y fruteria,100.57,Alimentacion
6909,585,taxis de la ciudad,58.31,Transporte
6910,2375,medicamentos recetados,185.51,Salud
6911,2590,pago de impuestos municipales,80.25,Deudas
6912,1149,inversion en acciones,991.28,Ahorros
6913,2258,cuota jardin de infantes,280.13,Educacion
6914,1749,fac pintura habitacion,694.41,Vivienda
6915,2181,peaje autopista,12.66,Transporte
6916,2205,impuestos municipales,45.25,Servicios
6917,1893,sqlida al cine,95.68,Ocio
6918,2923,tarjeta abono telefonia movil,115.48,Servicios
6919,2430,pago saldo refinanciado,361.56,Deudas
6920,974,fondo comun dw inversion,691.15,Ahorros
6921,2643,mqtricula del colegio,704.38,Educacion
6922,1443,utiles escolares,117.24,Educacion
6923,2520,reparacion de cerradura,1183.32,Vivienda
6924,234,analisis de sangre,299.51,Salud
6925,2620,factura gas metrogas,35.92,Servicios
6926,1478,utiles escolares,405.27,Educacion
6927,1594,abono telefonia movil,175.69,Servicios
6928,771,carga sube,29.31,Transporte
6929,2349,movimiento: fondo comun de inversion,647.05,Servicios
6930,306,movimiento: transferencia ahorro mensual,432.18,Ahorros
6931,2,plazo fijo,1118.38,Ahorros
6932,271,matricula del colegio,145.08,Educacion
6933,421,fondo comun de inversion,511.02,Ahorros
6934,2748,compra supermercado dia,193.47,Alimentacion
6935,864,peqje autopista,44.6,Transporte
6936,1877,compra curso de programacion,704.34,Educacion
6937,1010,taller de ingles,455.16,Educacion
6938,2927,compra cafeteria,109.51,Ocio
6939,2740,pago de intereses,911.54,Deudas
6940,2915,compra supermercado carrefour,138.59,Alimentacion
6941,1061,plazo fijo,329.57,Ahorros
6942,107,reparacion de cerradura,925.06,Vivienda
6943,1849,pago saldo refinanciado,396.65,Deudas
6944,2329,taller de ingles,765.97,Educacion
6945,1134,almacen san martin,255.51,Alimentacion
6946,549,compra dolares banco,718.38,Ahorros
6947,2600,cuotq prestamo banco,730.85,Deudas
6948,1621,curso de progrqmacion,614.22,Educacion
6949,1838,pqgo alquiler mensual,692.39,Vivienda
6950,2236,cuota prestamo auto,599.77,Deudas
6951,2800,inversion en acciones,1144.86,Ahorros
6952,2918,abono internet fibertel,84.39,Servicios
6953,1512,expensas comunes,526.45,Vivienda
6954,1378,factura luz edesur,43.98,Transporte
6955,19,salida al cine,148.62,Ocio
6956,859,estudios clinicos,474.89,Salud
6957,1417,consulta medica de control,111.96,Salud
6958,1285,compras fiambreria,320.65,Alimentacion
6959,410,cuota jardin de infantes,169.55,Educacion
6960,1427,pqgo tarjeta de credito,976.2,Ahorros
6961,1694,cena restaurante,21.81,Ocio
6962,2532,cuotq prestamo auto,510.76,Deudas
6963,624,abono telefonia movil,122.63,Servicios
6964,656,carga sube,39.98,Transporte
6965,768,movimiento: pago tarjeta de credito,390.0,Deudas
6966,18,pintura habitacion,479.78,Vivienda
6967,2232,compra taller de ingles,668.91,Servicios
6968,2453,cuota prestamo banco,892.55,Deudas
6969,2847,utiles escolares,578.56,Educacion
6970,2527,pago de taller de ingles,679.61,Educacion
6971,1817,pago de cerveceria artesanal,25.11,Transporte
6972,1781,servicio de agua aysa,158.8,Servicios
6973,8,fondo comun de inversion,1273.16,Ahorros
6974,705,abono telefonia movil,148.09,Servicios
6975,1342,cerveceria artesanal,36.79,Ocio
6976,1160,compra ferreteria,957.35,Vivienda
6977,531,compra taxis de la ciudad,20.27,Transporte
6978,2961,pago de plazo fijo,369.45,Ahorros
6979,2737,taller de ingles,455.45,Educacion
6980,2022,comprq libros de texto,348.02,Educacion
6981,2601,cuota prepaga osde,434.19,Salud
6982,2494,pago de analisis de sangre,361.24,Salud
6983,1716,verduleriq y fruteria,163.63,Alimentacion
6984,2754,utiles escolares,489.04,Educacion
6985,2244,estudios clinicos,351.8,Salud
6986,2908,viaje uber,12.33,Transporte
6987,1761,compra plazo fijo,667.03,Ahorros
6988,1347,compra cafeteria,122.38,Ocio
6989,1797,fac optica lentes,328.58,Salud
6990,2676,qbono internet fibertel,146.04,Servicios
6991,1686,fondo comun de inversion,918.3,Ahorros
6992,2678,compra dolares banco,480.22,Transporte
6993,1803,carniceria central,222.65,Educacion
6994,44,viaje uber,78.63,Transporte
6995,489,pago de intereses,575.65,Deudas
6996,181,verduleria de la esquina,201.19,Alimentacion
6997,2422,compra farmacia,403.2,Salud
6998,628,abono internet fibertel,134.49,Servicios
6999,957,pago tarjeta de credito,986.09,Deudas
7000,2115,cuota universidad,299.66,Educacion
7001,1549,peaje autopista,79.56,Transporte
7002,1116,tarjeta consulta medica de control,259.4,Salud
7003,1782,comprq dolares banco,414.62,Ahorros
7004,2827,factura gas metrogas,117.97,Servicios
7005,651,compras fiambreria,121.78,Educacion
7006,1877,estudios clinicos,95.98,Ahorros
7007,1268,transferencia ahorro mensual,158.31,Ahorros
7008,341,impuestos municipales,36.87,Servicios
7009,2951,peaje autopista,20.58,Transporte
7010,1809,suscripcion netflix,78.02,Ocio
7011,2446,compra dolares banco,774.04,Ahorros
7012,2751,tarjeta reparacion electrica,843.32,Alimentacion
7013,2145,colectivo linea 60,72.15,Transporte
7014,1355,consulta medica de control,361.71,Salud
7015,449,factura gas metrogas,43.84,Servicios
7016,1442,servicio de plomeria,800.93,Vivienda
7017,77,servicio de agua aysa,70.55,Servicios
7018,896,cuota jardin de infantes,748.47,Educacion
7019,549,pqgo tarjeta de credito,401.19,Deudas
7020,798,cuota prestamo banco,445.72,Deudas
7021,1453,matricula del colegio,653.74,Educacion
7022,1509,impuestos municipales,137.68,Servicios
7023,815,cerveceria artesanal,103.04,Ocio
7024,2183,pago de intereses,405.82,Deudas
7025,2702,transferencia ahorro mensual,622.54,Ahorros
7026,1584,taller de ingles,222.44,Educacion
7027,646,servicio de agua aysa,79.16,Servicios
7028,1826,supermercado carrefour,220.27,Salud
7029,720,movimiento: pago de intereses,269.54,Deudas
7030,1523,estudios clinicos,357.88,Salud
7031,2661,comprq panaderia,214.99,Salud
7032,2532,salida al cine,36.06,Ocio
7033,1070,pago de intereses,166.81,Deudas
7034,1467,compra farmacia,226.82,Salud
7035,648,compra supermercado dia,271.78,Alimentacion
7036,792,optica lentes,489.77,Salud
7037,579,utiles escolares,253.04,Educacion
7038,2049,cuota prestamo banco,282.66,Deudas
7039,2157,fondo comun de inversion,525.56,Ahorros
7040,460,transferencia ahorro mensual,135.93,Educacion
7041,2314,servicio de plomeria,439.77,Transporte
7042,1162,cuota prestamo auto,327.49,Deudas
7043,44,utiles escolares,356.43,Educacion
7044,2934,medicamentos recetados,316.17,Salud
7045,1534,curso de programacion,441.7,Educacion
7046,2992,combustible ypf,17.1,Transporte
7047,983,tarjeta cerveceria artesanal,50.78,Ocio
7048,2310,compras fiambreria,224.41,Alimentacion
7049,2776,entradas recital,27.83,Ocio
7050,633,compra libros de texto,419.41,Educacion
7051,2200,inversion en acciones,686.61,Ahorros
7052,2261,qbono telefonia movil,145.72,Servicios
7053,1258,cerveceria artesanal,66.8,Ocio
7054,2911,factura gas metrogas,168.23,Servicios
7055,623,curso de programacion,599.53,Educacion
7056,1978,compra supermercado dia,287.18,Alimentacion
7057,361,compra dolares banco,1192.35,Ahorros
7058,2368,cuota jardin de infantes,211.7,Educacion
7059,2270,expensqs del edificio,732.63,Vivienda
7060,210,cena restaurante,52.15,Ocio
7061,931,compra compra libros de texto,485.89,Educacion
7062,1607,supermercado carrefour,297.83,Alimentacion
7063,489,combustible shell,43.8,Transporte
7064,601,reparacion electrica,233.07,Vivienda
7065,774,pago de intereses,182.15,Deudas
7066,878,taller de ingles,174.7,Educacion
7067,1488,servicio de agua aysa,115.89,Vivienda
7068,700,combustible shell,58.33,Transporte
7069,2500,pago tarjeta de credito,507.01,Deudas
7070,2461,cuotq jardin de infantes,528.98,Educacion
7071,1958,pintura habitacion,774.97,Vivienda
7072,2524,compra fondo comun de inversion,1104.62,Ahorros
7073,256,juegos de consola,136.37,Ocio
7074,1174,pago alquiler mensual,593.46,Vivienda
7075,2175,tarjeta pago tarjeta de credito,182.0,Deudas
7076,392,cuota prepaga osde,317.06,Salud
7077,2528,compra colectivo linea 60,71.15,Vivienda
7078,993,factura gas metrogas,102.9,Servicios
7079,2971,compra ferreteria,256.34,Vivienda
7080,2450,expensas comunes,1141.67,Vivienda
7081,2322,fondo comun dw inversion,1423.44,Ahorros
7082,845,viaje cabify,44.55,Transporte
7083,139,qlmacen san martin,335.41,Transporte
7084,103,impuestos municipqles,119.05,Servicios
7085,1266,cuota prestamo auto,286.86,Deudas
7086,1141,dentista limpieza,488.53,Salud
7087,1238,viaje cabify,66.52,Transporte
7088,484,compra ferreteria,942.14,Salud
7089,2577,taxis de la ciudad,75.24,Transporte
7090,224,viaje uber,19.34,Transporte
7091,1294,matricula del colegio,755.18,Educacion
7092,1849,compra libros de texto,524.76,Educacion
7093,1885,pqgo saldo refinanciado,354.92,Deudas
7094,2162,fondo comun de inversion,401.07,Ahorros
7095,1465,pago de peaje autopista,30.54,Transporte
7096,644,compra panaderia,91.94,Alimentacion
7097,2699,dentista limpieza,440.46,Salud
7098,1256,entrqdas recital,125.36,Deudas
7099,458,compra libros de texto,283.01,Educacion
7100,2423,pago tarjeta de credito,932.79,Deudas
7101,1628,pago tarjeta de credito,422.57,Deudas
7102,611,combustible shell,15.56,Transporte
7103,207,compra dolares banco,706.0,Ahorros
7104,1544,servicio de plomeria,862.4,Vivienda
7105,1467,tarjeta verduleria y fruteria,317.46,Alimentacion
7106,917,viaje uber,33.67,Transporte
7107,2369,cerveceria artesanal,90.47,Ocio
7108,2141,taller de ingles,349.61,Educacion
7109,1432,movimiento: abono telefonia movil,32.38,Servicios
7110,1182,inversion en acciones,1300.79,Ahorros
7111,2920,entradas recital,46.22,Ocio
7112,2147,suscripcion nwtflix,80.55,Ocio
7113,2273,peaje autopista,56.22,Transporte
7114,852,abono telefonia movil,100.25,Servicios
7115,441,combustible ypf,65.57,Transporte
7116,720,impuestos municipales,95.41,Servicios
7117,585,cuota prestamo auto,533.18,Deudas
7118,2015,almacen san martin,148.08,Alimentacion
7119,64,fondo comun de inversion,358.28,Ahorros
7120,768,pago saldo refinanciado,351.66,Deudas
7121,560,compra plazo fijo,309.67,Ahorros
7122,1734,tqller de ingles,144.09,Educacion
7123,670,reparacion de cerradura,378.06,Vivienda
7124,1543,compra panaderia,86.3,Alimentacion
7125,1272,fac inversion en acciones,129.1,Ahorros
7126,2416,servicio de plomeria,836.71,Alimentacion
7127,2792,fac compra ferreteria,842.18,Vivienda
7128,618,movimiento: pago alquiler mensual,506.62,Vivienda
7129,1995,viqje uber,42.57,Transporte
7130,1122,servicio de plomeria,1160.6,Vivienda
7131,1292,carga sube,71.82,Transporte
7132,1084,pago de intereses,721.42,Deudas
7133,2548,abono internet fibertel,117.65,Vivienda
7134,2459,taxis de la ciudad,42.23,Transporte
7135,1164,peaje autopista,46.59,Transporte
7136,1933,colectivo linea 60,16.7,Transporte
7137,1352,compras fiambreria,98.15,Alimentacion
7138,464,cerveceria artesanal,60.06,Ocio
7139,2750,juegos de consola,22.88,Servicios
7140,1661,comprq panaderia,235.96,Alimentacion
7141,1949,almacen san martin,276.65,Alimentacion
7142,2211,fac cena restaurante,63.76,Alimentacion
7143,60,pago de juegos de consola,75.68,Ocio
7144,333,reparacion electrica,444.67,Transporte
7145,76,pago de consulta medica de control,300.96,Salud
7146,1779,transferencia ahorro mensual,326.18,Ahorros
7147,2365,suscripcion netflix,103.41,Ocio
7148,190,carniceria central,297.37,Alimentacion
7149,1913,estudios clinicos,49.93,Salud
7150,296,verduleriq de la esquina,288.49,Alimentacion
7151,2549,compra farmacia,291.13,Salud
7152,177,pago de combustible shell,79.11,Educacion
7153,800,utiles escolares,724.48,Educacion
7154,806,tarjeta consulta medica de control,52.25,Servicios
7155,2908,factura gas metrogas,151.35,Servicios
7156,1743,cuota prestamo auto,519.86,Deudas
7157,215,pago de abono internet fibertel,138.33,Servicios
7158,1880,combustible ypf,25.28,Transporte
7159,2701,impuestos municipales,129.61,Servicios
7160,597,cuota prepaga osde,122.87,Salud
7161,1718,abono internet fibertel,131.94,Servicios
7162,1356,fqc verduleria de la esquina,133.8,Alimentacion
7163,128,compra taxis de la ciudad,70.2,Transporte
7164,1293,tarjeta compra panaderia,356.39,Alimentacion
7165,2599,plazo fijo,1341.03,Ahorros
7166,1559,colectivo linea 60,49.44,Transporte
7167,1778,combustible ypf,79.74,Transporte
7168,619,entradas recital,96.33,Ocio
7169,2396,abono internet fibertel,104.58,Servicios
7170,142,combustible shell,61.0,Transporte
7171,2840,servicio de plomeria,230.97,Vivienda
7172,245,dentista limpieza,442.34,Salud
7173,2751,cuota universidad,391.76,Educacion
7174,1314,transferencia ahorro mensual,417.55,Ahorros
7175,1715,viaje cabify,64.84,Servicios
7176,1136,mqtricula del colegio,324.12,Educacion
7177,2262,compra cuota prestamo auto,414.34,Deudas
7178,1910,cerveceria artesanal,132.02,Ahorros
7179,2248,pago alquiler mensual,587.35,Vivienda
7180,2453,pago saldo refinanciado,920.23,Deudas
7181,421,analisis de sangre,290.87,Salud
7182,7,reparacion electrica,263.1,Vivienda
7183,1549,compra compra dolares banco,1179.7,Ahorros
7184,2640,compra libros de texto,238.03,Educacion
7185,2334,cena restaurante,30.29,Salud
7186,671,combustible ypf,40.87,Transporte
7187,2437,plazo fijo,1063.05,Ahorros
7188,416,fac pago saldo refinanciado,434.73,Deudas
7189,2832,servicio de agua aysa,90.6,Servicios
7190,1007,compra transferencia ahorro mensual,563.61,Ahorros
7191,1737,cuota universidad,788.09,Transporte
7192,428,cuota jardin de infantes,720.77,Educacion
7193,334,inversion en acciones,574.16,Ahorros
7194,2320,taller de ingles,540.42,Alimentacion
7195,2367,transferencia ahorro mensual,1376.58,Ahorros
7196,527,supermercqdo carrefour,234.75,Alimentacion
7197,2808,pago de intereses,423.65,Deudas
7198,1196,estudios clinicos,489.08,Salud
7199,1754,cuota prestamo banco,796.63,Deudas
7200,1673,utiles escolares,339.21,Educacion
7201,2369,carga sube,73.39,Servicios
7202,2787,inversion en acciones,1075.53,Ahorros
7203,1556,reparacion electrica,788.46,Vivienda
7204,2029,fac servicio de agua aysa,62.05,Servicios
7205,1655,cuotq prestamo banco,492.68,Ahorros
7206,454,impuestos municipales,143.27,Servicios
7207,746,suscripcion spotify,85.11,Ocio
7208,1904,impuestos municipales,53.05,Servicios
7209,929,pago alquiler mensual,813.83,Vivienda
7210,848,verduleria de la esquina,373.45,Alimentacion
7211,868,cuota universidad,482.48,Educacion
7212,774,cuota prestamo auto,415.72,Deudas
7213,2131,suscripcion netflix,67.57,Ocio
7214,543,matricula del colegio,603.25,Educacion
7215,322,peaje autopista,22.59,Transporte
7216,786,cuota jardin de infantes,355.52,Educacion
7217,540,fac optica lentes,264.97,Salud
7218,2300,compra taxis de la ciudad,44.36,Transporte
7219,2884,analisis de sangre,133.85,Salud
7220,1789,servicio de plomeria,489.19,Vivienda
7221,449,fac peaje autopista,72.72,Transporte
7222,490,pintura habitacion,363.95,Vivienda
7223,1906,expensas comunes,523.13,Vivienda
7224,464,salida al cine,67.43,Ocio
7225,314,cuota universidad,609.57,Educacion
7226,1956,factura gas metrogas,132.78,Servicios
7227,385,factura gas metrogas,185.07,Servicios
7228,295,compra farmacia,213.73,Salud
7229,1239,plazo fijo,109.21,Ahorros
7230,762,abono telefonia movil,107.72,Servicios
7231,2817,abono internet fibertel,118.72,Servicios
7232,1099,viaje cabify,59.45,Transporte
7233,2392,cuota prepaga osde,324.22,Salud
7234,1738,pago de optica lentes,336.96,Transporte
7235,2190,cena restaurante,115.77,Ahorros
7236,2766,reparacion de cerradura,487.89,Vivienda
7237,1223,compra pago alquiler mensual,929.3,Vivienda
7238,1943,compra panaderia,112.51,Alimentacion
7239,2454,fac juegos de consola,142.19,Ocio
7240,228,cuota prestamo auto,651.13,Deudas
7241,411,cuota prestamo auto,930.74,Deudas
7242,3000,pago tarjeta de credito,635.7,Deudas
7243,2946,curso de programacion,724.52,Educacion
7244,691,compra cafeteria,149.02,Ocio
7245,878,taller de ingles,424.69,Educacion
7246,787,reparacion electrica,1198.42,Deudas
7247,2110,pintura habitacion,749.26,Vivienda
7248,1351,reparacion electrica,1118.62,Vivienda
7249,1740,pintura habitacion,823.19,Vivienda
7250,1987,cena restaurante,29.34,Ocio
7251,879,suscripcion netflix,133.57,Ocio
7252,1608,pqgo de cuota universidad,622.24,Educacion
7253,1614,pago de plazo fijo,873.57,Ahorros
7254,2404,cuota prestamo banco,990.42,Deudas
7255,71,suscripcion netflix,79.72,Ocio
7256,2311,fondo comun de inversion,489.37,Ahorros
7257,306,taller de ingles,421.21,Educacion
7258,2606,fac compra ferreteria,617.79,Vivienda
7259,762,cena restaurante,35.37,Ocio
7260,588,reparacion electrica,417.57,Vivienda
7261,2122,pqgo tarjeta de credito,518.1,Deudas
7262,2190,impuestos municipales,197.24,Servicios
7263,1609,cuota universidad,315.5,Educacion
7264,102,compra cafeteria,108.38,Ocio
7265,1630,factura gas metrogas,106.79,Servicios
7266,1605,combustible ypf,59.37,Transporte
7267,193,fondo comun de inversion,117.59,Ahorros
7268,1086,servicio de agua aysa,78.62,Servicios
7269,2458,pago saldo refinanciado,276.65,Deudas
7270,300,cuotq universidad,272.16,Educacion
7271,454,medicqmentos recetados,218.42,Salud
7272,2622,taxis de la ciudad,76.9,Transporte
7273,619,taxis de la ciudad,30.41,Transporte
7274,637,dentista limpieza,105.08,Salud
7275,2349,compra panaderia,224.97,Alimentacion
7276,779,supermercado carrefour,162.73,Alimentacion
7277,1480,servicio de agua aysa,67.03,Servicios
7278,2250,pago saldo refinanciado,349.39,Deudas
7279,2722,suscripcion spotify,41.02,Ocio
7280,2350,factura luz edesur,178.31,Servicios
7281,2045,verduleria de la esquina,146.55,Alimentacion
7282,1648,almacen san martin,223.13,Alimentacion
7283,337,transferencia ahorro mensual,249.52,Ahorros
7284,2080,curso de programacion,309.15,Educacion
7285,1995,factura gas metrogas,46.58,Servicios
7286,2008,suscripcion spotify,136.29,Ocio
7287,1783,expensas del edificio,697.32,Vivienda
7288,2821,verduleria de la esquina,345.69,Alimentacion
7289,1072,expensas comunes,949.97,Vivienda
7290,2032,pago tarjeta de credito,215.93,Deudas
7291,1274,compra panaderia,287.35,Alimentacion
7292,1250,taxis de la ciudad,49.58,Vivienda
7293,1296,compra cuota prestamo auto,385.07,Deudas
7294,2713,viaje cabify,57.21,Transporte
7295,328,compra dolares banco,1158.49,Educacion
7296,797,dentista limpieza,483.38,Alimentacion
7297,1204,consulta medica de control,190.87,Salud
7298,2862,pqgo de cena restaurante,53.44,Ocio
7299,665,cuota prepaga osde,452.23,Salud
7300,2794,compra inversion en acciones,903.84,Ahorros
7301,2978,cuota prestamo auto,492.75,Deudas
7302,963,expensas del edificio,1039.2,Vivienda
7303,1630,salida al cine,130.06,Ocio
7304,1394,pago tarjeta de credito,896.24,Deudas
7305,1269,pago alquiler mensual,840.5,Vivienda
7306,1184,matricula del colegio,193.34,Educacion
7307,373,tarjeta factura luz edesur,173.2,Servicios
7308,285,cuota prestamo auto,200.72,Deudas
7309,2569,abono internet fibertel,149.36,Servicios
7310,2745,compra cuota prestamo banco,922.41,Deudas
7311,807,compra ferreteria,1186.3,Vivienda
7312,647,supermercado carrefour,176.94,Alimentacion
7313,1605,compra cafeteria,25.67,Ocio
7314,2184,curso de programacion,306.14,Educacion
7315,96,servicio de plomeria,785.54,Vivienda
7316,274,viaje uber,64.49,Transporte
7317,2926,verduleriq y fruteria,83.15,Alimentacion
7318,2898,plazo fijo,530.3,Educacion
7319,1201,colectivo linea 60,51.76,Transporte
7320,1773,fondo comun de inversion,278.21,Ahorros
7321,784,entradas recital,137.39,Ocio
7322,1301,cena restaurante,57.54,Ocio
7323,132,carga sube,30.92,Transporte
7324,1391,suscripcion spotify,73.98,Ocio
7325,2421,medicamentos recetados,42.16,Salud
7326,1150,servicio de agua aysa,166.62,Servicios
7327,1811,reparacion electrica,933.8,Vivienda
7328,2031,compra dolares banco,317.46,Ahorros
7329,808,utiles escolares,682.36,Educacion
7330,744,consulta medica de control,440.05,Salud
7331,51,compra supermercado dia,286.98,Alimentacion
7332,1182,almacen san martin,61.6,Alimentacion
7333,56,pago alquiler mensual,870.86,Vivienda
7334,744,movimiento: servicio de plomeriq,821.0,Vivienda
7335,2476,compra dolares banco,1037.09,Ahorros
7336,443,cuota prestamo auto,511.33,Deudas
7337,1935,expensas comunes,1117.48,Vivienda
7338,2374,cerveceriq artesanal,130.71,Ocio
7339,2688,impuestos municipales,52.05,Servicios
7340,1662,cuota prestamo banco,926.78,Deudas
7341,2877,pago de expensas del edificio,308.76,Vivienda
7342,80,almacen san martin,95.27,Alimentacion
7343,2522,cuota universidad,187.4,Educacion
7344,377,compras fiambreria,103.55,Alimentacion
7345,2967,fac compra ferreteria,1169.77,Vivienda
7346,2381,factura luz edesur,76.78,Servicios
7347,441,factura gas metrogas,102.09,Servicios
7348,126,movimiento: supermercado carrefour,367.95,Alimentacion
7349,1718,fondo comun de inversion,712.75,Ahorros
7350,219,combustible ypf,74.29,Transporte
7351,948,utiles escolares,507.62,Educacion
7352,278,juegos de consola,128.76,Ahorros
7353,595,pqgo de verduleria de la esquina,75.43,Alimentacion
7354,935,combustible shell,33.59,Transporte
7355,2019,abono telefonia movil,121.89,Ahorros
7356,141,movimiento: cerveceria artesanal,131.85,Ocio
7357,2894,juegos de consola,33.94,Ocio
7358,1631,juegos de consola,148.0,Ocio
7359,877,impuestos municipales,178.87,Servicios
7360,1730,plazo fijo,393.44,Ahorros
7361,110,plazo fijo,1468.75,Ahorros
7362,1076,tarjeta carga sube,46.13,Transporte
7363,2661,movimiento: taxis de la ciudad,26.58,Transporte
7364,2761,curso de programacion,396.43,Educacion
7365,1994,servicio de agua aysa,153.4,Servicios
7366,1223,estudios clinicos,51.66,Salud
7367,796,estudios clinicos,166.85,Salud
7368,2030,pintura habitacion,902.11,Vivienda
7369,729,estudios clinicos,413.19,Salud
7370,2553,compra farmacia,122.04,Salud
7371,1538,pago tarjeta de credito,453.01,Deudas
7372,1041,impuestos municipales,97.99,Servicios
7373,315,abono telefonia movil,182.93,Servicios
7374,77,fac peaje autopista,36.44,Transporte
7375,2947,inversion en acciones,154.07,Ahorros
7376,1641,entradas recital,118.57,Ocio
7377,712,cuota prepaga osde,55.47,Salud
7378,1538,plazo fijo,1458.76,Ahorros
7379,1868,compra dolares banco,1175.19,Ahorros
7380,854,compra cafeteria,113.21,Ocio
7381,1162,salida al cine,41.49,Ocio
7382,1598,pago de intereses,892.29,Deudas
7383,2757,cuotq prestamo banco,956.14,Deudas
7384,1913,tarjeta cena restaurante,39.98,Ocio
7385,265,impuestos municipales,31.99,Servicios
7386,333,reparacion de cerradura,886.45,Vivienda
7387,2236,compra supermercado dia,149.91,Alimentacion
7388,1087,pintura habitacion,756.46,Salud
7389,820,pago tarjeta de credito,614.37,Alimentacion
7390,1303,pqgo de intereses,554.39,Deudas
7391,1566,combustible shell,39.88,Transporte
7392,1195,qbono internet fibertel,97.22,Servicios
7393,1527,carniceria central,356.86,Alimentacion
7394,299,taxis de la ciudad,18.14,Transporte
7395,2249,cuota prestamo auto,375.76,Deudas
7396,1159,repqracion electrica,1003.63,Vivienda
7397,272,dentistq limpieza,418.27,Salud
7398,535,viaje uber,50.06,Transporte
7399,2079,pqgo de cerveceria artesanal,51.85,Ocio
7400,1145,reparacion de cerradura,411.09,Vivienda
7401,69,consultq medica de control,171.66,Transporte
7402,2931,fqc compra farmacia,238.78,Salud
7403,827,consulta medica de control,472.17,Salud
7404,2972,pago tarjeta de credito,484.18,Deudas
7405,1170,inversion en acciones,1274.89,Servicios
7406,984,movimiento: plqzo fijo,1345.62,Ahorros
7407,481,utiles escolares,633.78,Educacion
7408,2341,tarjeta supermercado carrefour,84.02,Alimentacion
7409,2016,fac taller de ingles,602.8,Educacion
7410,1453,supermercado carrefour,266.29,Alimentacion
7411,2134,transferencia ahorro mensual,873.7,Ahorros
7412,1040,tarjeta pago de intereses,670.48,Deudas
7413,2776,servicio de agua aysa,181.22,Educacion
7414,628,viaje cabify,41.35,Transporte
7415,118,combustible ypf,35.02,Transporte
7416,2318,compra ferreteria,412.86,Vivienda
7417,2903,transferencia ahorro mensual,981.19,Ahorros
7418,162,plazo fijo,1317.94,Ahorros
7419,2748,pago saldo refinanciado,398.29,Deudas
7420,1677,matricula del colegio,164.42,Educacion
7421,167,abono internet fibertel,35.98,Servicios
7422,300,compra fondo comun de inversion,116.61,Ahorros
7423,2076,medicamentos recetados,57.23,Salud
7424,562,compra ferreteria,206.7,Vivienda
7425,2931,taxis de la ciudad,72.15,Transporte
7426,2204,plazo fijo,499.11,Ahorros
7427,1348,factura luz edesur,68.18,Servicios
7428,1145,juegos de consola,22.44,Ocio
7429,2700,compra libros de texto,788.96,Transporte
7430,1552,servicio de agua aysa,118.08,Servicios
7431,2869,tarjeta medicamentos recetados,173.63,Salud
7432,561,compra libros de texto,767.29,Educacion
7433,1188,peaje autopista,55.42,Transporte
7434,1690,compra libros de texto,491.52,Educacion
7435,312,fqctura gas metrogas,54.96,Servicios
7436,2424,abono telefonia movil,115.68,Servicios
7437,1370,fac compra dolares banco,734.28,Ahorros
7438,2198,movimiento: cuota prepaga osde,338.79,Salud
7439,1912,movimiento: pago saldo refinanciado,734.74,Deudas
7440,2633,utiles escolares,149.8,Educacion
7441,581,abono internet fibertel,144.75,Servicios
7442,977,compras fiambreria,173.37,Alimentacion
7443,177,verduleria y fruteria,253.34,Alimentacion
7444,2402,reparacion de cerradura,631.41,Vivienda
7445,514,movimiento: matricula del colegio,145.48,Educacion
7446,2357,compra farmacia,267.71,Salud
7447,119,suscripcion netflix,147.26,Ocio
7448,1543,medicamentos recetados,302.1,Salud
7449,767,compra libros de texto,192.81,Educacion
7450,973,verduleria y fruteria,201.19,Alimentacion
7451,916,fac dentista limpieza,156.09,Salud
7452,2526,qbono telefonia movil,176.78,Servicios
7453,1438,cuota prepaga osde,175.33,Salud
7454,587,movimiento: curso de programacion,184.3,Educacion
7455,351,abono telefonia movil,49.35,Servicios
7456,1530,viaje uber,64.52,Transporte
7457,2243,optica lentes,202.63,Salud
7458,1474,pago alquiler mensual,905.83,Vivienda
7459,496,utiles escolares,644.01,Educacion
7460,2563,compra dolares banco,1448.87,Ahorros
7461,2744,transferencia ahorro mensual,779.85,Ahorros
7462,1871,pintura habitacion,401.74,Deudas
7463,273,inversion en acciones,1347.53,Ahorros
7464,2928,pintura habitacion,1049.42,Vivienda
7465,2100,compra carga sube,63.52,Transporte
7466,263,compra panaderia,307.83,Alimentacion
7467,2181,fqc servicio de agua aysa,54.38,Servicios
7468,2358,reparacion de cerradura,562.26,Vivienda
7469,1597,pago tarjeta de credito,352.77,Deudas
7470,2064,cuota prestamo banco,993.35,Deudas
7471,1765,pqgo saldo refinanciado,793.59,Deudas
7472,195,suscripcion netflix,149.77,Ocio
7473,1787,plazo fijo,1225.14,Ahorros
7474,1467,servicio de plomeria,975.99,Transporte
7475,2351,compra libros de texto,535.48,Educacion
7476,1072,movimiento: expensas comunes,1059.82,Vivienda
7477,1771,taller de ingles,127.07,Educacion
7478,1145,peaje autopista,12.23,Deudas
7479,1523,taller de ingles,132.79,Educacion
7480,832,pqgo tarjeta de credito,793.83,Deudas
7481,562,inversion en acciones,408.25,Alimentacion
7482,41,impuestos municipales,163.16,Ahorros
7483,1480,impuestos municipales,151.26,Servicios
7484,2582,movimiento: entrqdas recital,61.07,Ocio
7485,371,combustible shell,57.99,Transporte
7486,1206,inversion en acciones,150.55,Ahorros
7487,2565,matricula del colegio,413.94,Educacion
7488,657,movimiento: cena restaurante,44.73,Vivienda
7489,590,compra supermercado dia,351.91,Ahorros
7490,231,comprq libros de texto,309.86,Educacion
7491,809,suscripcion spotify,50.96,Educacion
7492,1372,colectivo linea 60,59.64,Transporte
7493,479,abono telefonia movil,198.73,Servicios
7494,1233,pago alquiler mensual,1164.19,Vivienda
7495,2723,curso de programacion,530.21,Alimentacion
7496,2326,cuota prepaga osde,421.69,Salud
7497,1773,comprq libros de texto,647.59,Deudas
7498,2101,expensqs del edificio,385.64,Vivienda
7499,1885,entradas recital,126.49,Ocio
7500,1034,movimiento: peaje autopista,61.8,Transporte
7501,1763,cuotq prepaga osde,111.91,Salud
7502,748,compras fiambreria,336.77,Vivienda
7503,464,factura luz edesur,67.69,Ocio
7504,754,plazo fijo,1030.98,Ahorros
7505,1841,colectivo linea 60,74.19,Transporte
7506,583,factura gas metrogas,61.17,Servicios
7507,2206,cuota prepaga osde,78.04,Salud
7508,19,compra libros de texto,298.87,Educacion
7509,55,salida al cine,125.85,Ocio
7510,1751,cuotq prestamo banco,588.33,Deudas
7511,721,reparacion de cerradura,605.49,Vivienda
7512,2809,combustible ypf,39.93,Transporte
7513,1564,consulta medica de control,231.15,Salud
7514,2856,pago tarjeta de credito,400.49,Deudas
7515,2771,factura gas metrogas,66.44,Alimentacion
7516,2333,suscripcion spotify,68.2,Ocio
7517,1556,cuota jardin de infantes,329.55,Educacion
7518,2559,tarjeta taller de ingles,695.22,Educacion
7519,1420,carniceria central,51.31,Alimentacion
7520,2168,compra cafeteria,140.55,Alimentacion
7521,2145,fondo comun de inversion,1001.5,Ahorros
7522,2168,pago saldo refinanciado,985.72,Ahorros
7523,1561,verduleria de la esquina,141.95,Alimentacion
7524,1177,salida al cine,115.04,Ocio
7525,1269,tarjeta compra farmacia,179.25,Salud
7526,1796,cena restaurante,43.15,Ocio
7527,2441,plazo fijo,413.32,Ahorros
7528,1167,salida al cine,105.65,Ocio
7529,2842,cuota prestamo banco,954.49,Educacion
7530,1871,salida al cine,81.17,Ocio
7531,2268,juegos de consola,67.33,Ocio
7532,2887,impuestos municipales,78.37,Servicios
7533,160,pago alquiler mensual,957.86,Vivienda
7534,2659,cuota prestamo auto,181.85,Deudas
7535,639,expensas comunes,757.18,Vivienda
7536,1056,factura luz edesur,199.27,Servicios
7537,2825,pago de compra supermercado dia,277.48,Alimentacion
7538,334,inversion en qcciones,150.96,Ahorros
7539,892,compra dolares banco,1149.68,Ahorros
7540,2988,factura gas metrogas,156.71,Servicios
7541,2017,pago tarjeta de credito,873.71,Deudas
7542,352,carga sube,53.27,Transporte
7543,1363,factura luz edesur,122.67,Servicios
7544,926,supermercado coto,244.0,Alimentacion
7545,1424,compra farmacia,153.96,Salud
7546,2444,juegos de consola,135.81,Ocio
7547,2578,taller de ingles,122.87,Educacion
7548,2406,compra compra libros de texto,119.06,Educacion
7549,1420,fac plazo fijo,381.27,Ahorros
7550,2876,compra suscripcion netflix,26.85,Ocio
7551,60,analisis de sangre,88.43,Salud
7552,2525,taxis de la ciudad,78.93,Transporte
7553,2660,comprq dolares banco,957.11,Ahorros
7554,1,servicio de plomeriq,732.01,Vivienda
7555,1579,compra libros de texto,797.33,Educacion
7556,311,plazo fijo,749.71,Ahorros
7557,2216,utiles escolares,630.25,Educacion
7558,2240,factura gas metrogas,82.23,Servicios
7559,708,taxis de la ciudad,30.51,Transporte
7560,1182,colectivo lineq 60,20.4,Transporte
7561,1781,expensqs del edificio,223.77,Vivienda
7562,1524,pago tarjeta de credito,166.09,Ocio
7563,2414,carga sube,58.76,Transporte
7564,1364,fqctura luz edesur,103.15,Servicios
7565,858,almacen san martin,315.96,Salud
7566,2375,inversion en qcciones,1049.92,Ahorros
7567,2162,fac cerveceria artesanal,143.93,Ocio
7568,2845,supermercado coto,368.46,Alimentacion
7569,919,cenq restaurante,46.23,Ocio
7570,609,compra libros de texto,750.41,Educacion
7571,309,cuota jardin de infantes,385.28,Educacion
7572,2449,cuota universidad,213.34,Educacion
7573,1344,fac compra ferreteria,841.3,Vivienda
7574,212,movimiento: impuestos municipales,156.75,Servicios
7575,2365,fondo comun de inversion,792.88,Ahorros
7576,185,reparacion electrica,726.73,Vivienda
7577,1229,fac viaje cabify,14.3,Transporte
7578,1388,colectivo linea 60,50.0,Transporte
7579,1240,peaje autopista,12.62,Transporte
7580,246,factura gas metrogas,99.49,Servicios
7581,239,expensas del edificio,1028.41,Vivienda
7582,1829,pago alquiler mensual,902.54,Vivienda
7583,1415,almacen san martin,141.01,Alimentacion
7584,520,reparacion de cerradura,1082.68,Vivienda
7585,1614,pago de cena restaurante,66.62,Ocio
7586,277,carga sube,21.7,Transporte
7587,1006,pago alquiler mensual,1003.22,Vivienda
7588,2250,factura luz edesur,176.09,Servicios
7589,214,fondo comun de inversion,818.15,Ahorros
7590,606,combustible shell,47.78,Transporte
7591,478,fac cuota prestamo auto,225.74,Deudas
7592,508,suscripcion netflix,138.97,Ocio
7593,1099,pago de intereses,258.23,Deudas
7594,2717,taxis de la ciudad,47.47,Transporte
7595,2713,verduleria y fruteria,166.22,Alimentacion
7596,1978,tarjeta impuestos municipales,178.47,Educacion
7597,142,fondo comun de inversion,226.13,Ahorros
7598,2370,fondo comun de inversion,410.25,Ahorros
7599,1718,carga sube,71.88,Transporte
7600,461,compra ferreteria,296.76,Vivienda
7601,2755,compras fiambreria,267.84,Alimentacion
7602,670,factura gas metrogas,185.77,Servicios
7603,2102,combustible ypf,26.08,Transporte
7604,2325,pintura habitacion,869.83,Vivienda
7605,1845,comprq viaje cabify,37.99,Transporte
7606,1619,carniceria central,273.65,Alimentacion
7607,400,servicio de agua aysa,111.87,Servicios
7608,668,cenq restaurante,38.78,Ocio
7609,2564,colectivo linea 60,27.37,Salud
7610,1523,fac compra ferreteria,1084.07,Vivienda
7611,1335,dentista limpieza,485.08,Salud
7612,1295,analisis de sangre,172.04,Salud
7613,2624,optica lentes,250.59,Salud
7614,1473,compra ferreteria,997.39,Educacion
7615,2160,fac carniceria central,286.31,Alimentacion
7616,239,movimiento: compra supermercado dia,357.21,Alimentacion
7617,1044,servicio de agua aysa,129.16,Servicios
7618,1313,matricula del colegio,618.21,Salud
7619,1617,analisis de sangre,234.83,Salud
7620,2245,fac plazo fijo,1318.74,Ahorros
7621,2430,curso de programacion,331.04,Educacion
7622,1722,compra farmacia,195.0,Salud
7623,1741,fac fondo comun de inversion,605.55,Ahorros
7624,1516,supermercado carrefour,157.9,Salud
7625,2212,fondo comun de inversion,1056.41,Salud
7626,2654,tqller de ingles,463.55,Educacion
7627,1273,cerveceriq artesanal,61.85,Ocio
7628,2903,peqje autopista,25.54,Transporte
7629,1045,cuota prestamo auto,152.93,Deudas
7630,2879,dentista limpieza,330.12,Salud
7631,1536,cqrniceria central,324.7,Alimentacion
7632,2645,abono telefonia movil,69.7,Servicios
7633,536,comprq farmacia,257.66,Salud
7634,2159,compra pintura habitacion,1007.74,Vivienda
7635,949,tarjeta cuota universidad,730.61,Salud
7636,863,supermercado carrefour,258.64,Alimentacion
7637,2643,compra dolares banco,126.87,Ahorros
7638,1022,servicio de agua aysa,44.85,Servicios
7639,2508,viaje cabify,78.28,Educacion
7640,434,tarjeta supermercado coto,83.91,Alimentacion
7641,1404,colectivo linea 60,16.2,Transporte
7642,2936,consulta medica de control,288.2,Salud
7643,783,consulta medica de control,330.64,Salud
7644,988,pago de intereses,611.28,Deudas
7645,169,cuota jardin de infantes,274.87,Educacion
7646,709,pago de plazo fijo,991.73,Ahorros
7647,965,analisis de sangre,440.15,Salud
7648,2775,tarjeta juegos de consola,34.24,Ocio
7649,1603,expensas del edificio,1013.77,Vivienda
7650,229,pago de intereses,550.49,Deudas
7651,1185,carniceria central,241.36,Alimentacion
7652,427,pintura habitacion,946.68,Vivienda
7653,122,factura luz edesur,54.62,Servicios
7654,2197,compra dolares banco,242.66,Ahorros
7655,2900,verduleria y fruteria,143.69,Alimentacion
7656,2753,pago saldo refinanciado,152.02,Deudas
7657,111,taxis de la ciudad,72.26,Transporte
7658,1245,pago alquiler mensual,800.03,Vivienda
7659,1928,compra expensas del edificio,801.64,Vivienda
7660,64,pago de intereses,757.34,Deudas
7661,2686,combustible ypf,36.59,Transporte
7662,1378,abono telefonia movil,122.01,Servicios
7663,909,cuota prepaga osde,255.08,Salud
7664,1772,plazo fijo,1116.99,Ahorros
7665,1509,curso de programacion,514.57,Educacion
7666,13,cuota prestamo banco,760.58,Deudas
7667,2982,tqller de ingles,227.14,Educacion
7668,1177,verduleria de la esquina,302.53,Alimentacion
7669,239,plazo fijo,576.3,Ahorros
7670,663,impuestos municipales,33.12,Servicios
7671,1110,expensqs del edificio,728.12,Vivienda
7672,694,compra factura gas metrogas,111.01,Servicios
7673,1182,matricula del colegio,282.37,Educacion
7674,1505,compra compra dolares banco,928.24,Ahorros
7675,1903,combustible shell,37.31,Transporte
7676,76,pago alquiler mensual,519.81,Vivienda
7677,329,juegos de consola,26.61,Ocio
7678,1440,utiles escolqres,713.17,Educacion
7679,1253,supermercado coto,179.2,Alimentacion
7680,2200,inversion en acciones,1217.84,Ahorros
7681,72,plazo fijo,1117.33,Ahorros
7682,225,estudios clinicos,465.61,Servicios
7683,2521,compra ferreteria,752.76,Vivienda
7684,2408,reparacion de cerradura,920.2,Vivienda
7685,2588,cuota prestamo auto,282.36,Vivienda
7686,811,suscripcion spotify,82.27,Ocio
7687,2657,peaje autopista,13.07,Transporte
7688,2049,reparacion de cerradura,474.54,Vivienda
7689,678,carniceria central,367.44,Alimentacion
7690,291,analisis de sangre,238.76,Salud
7691,1482,reparacion de cerradura,1038.16,Vivienda
7692,2252,cuota prestamo banco,934.1,Deudas
7693,1226,tarjeta estudios clinicos,294.45,Transporte
7694,566,cuota universidad,746.32,Educacion
7695,2530,compra panaderia,80.18,Alimentacion
7696,1816,compra ferreteria,669.99,Vivienda
7697,511,carga sube,34.07,Deudas
7698,924,reparacion electrica,464.04,Vivienda
7699,2326,compra libros de texto,661.86,Educacion
7700,16,dentista limpieza,493.71,Salud
7701,2404,cena restaurante,52.24,Ocio
7702,356,combustible ypf,52.49,Transporte
7703,830,utiles escolqres,552.87,Educacion
7704,2647,tarjeta reparacion de cerradura,1132.92,Vivienda
7705,1102,utiles escolares,667.51,Educacion
7706,2976,comprq dolares banco,830.67,Ahorros
7707,1091,cena restaurante,113.88,Ocio
7708,2907,pago de servicio de agua aysa,88.47,Servicios
7709,1747,cuota prestamo banco,739.98,Deudas
7710,214,inversion en acciones,414.99,Ahorros
7711,1721,pago de compra libros de texto,695.11,Educacion
7712,449,pago tarjeta de credito,444.43,Deudas
7713,1569,peaje autopista,27.24,Transporte
7714,2835,transferencia ahorro mensual,1448.62,Ahorros
7715,2547,viaje uber,38.6,Transporte
7716,710,compra compra libros de texto,293.65,Educacion
7717,380,suscripcion spotify,122.2,Ocio
7718,2788,compra pago alquiler mensual,990.23,Vivienda
7719,2680,pago saldo refinanciado,235.3,Deudas
7720,1889,consulta medica de control,145.14,Salud
7721,1048,cuota universidad,158.62,Educacion
7722,539,peaje autopista,22.82,Transporte
7723,2993,medicamentos recetados,361.06,Salud
7724,753,pago saldo refinanciado,971.32,Deudas
7725,535,matricula del colegio,378.06,Educacion
7726,673,dentista limpieza,446.17,Salud
7727,1065,utiles escolares,240.51,Educacion
7728,568,inversion en acciones,590.26,Ahorros
7729,1437,compra farmacia,200.11,Salud
7730,415,servicio de agua aysa,104.04,Servicios
7731,449,pago de intereses,176.48,Deudas
7732,610,cuota universidad,297.51,Educacion
7733,2706,comprq optica lentes,396.61,Servicios
7734,2002,movimiento: suscripcion spotify,106.92,Ocio
7735,1798,tarjeta cuota prepaga osde,123.87,Salud
7736,2484,fondo comun de inversion,540.59,Ahorros
7737,705,combustible shell,24.33,Transporte
7738,2287,cuota prepaga osde,332.48,Salud
7739,1066,abono internet fibertel,92.45,Servicios
7740,734,pago de intereses,472.44,Deudas
7741,800,cuota jardin de infantes,660.94,Educacion
7742,2058,comprq libros de texto,329.18,Educacion
7743,2795,cuota universidad,163.52,Educacion
7744,1861,servicio de plomeria,573.68,Vivienda
7745,2187,plazo fijo,1379.0,Ahorros
7746,1891,suscripcion netflix,95.04,Ocio
7747,731,pago saldo refinanciado,768.51,Deudas
7748,196,pago saldo refinanciado,367.78,Servicios
7749,1098,taller de ingles,708.07,Educacion
7750,1639,transferencia ahorro mensual,534.5,Ahorros
7751,1659,peaje autopista,55.64,Transporte
7752,1126,pago tarjeta de credito,262.97,Deudas
7753,264,optica lentes,301.01,Salud
7754,2993,tarjeta abono internet fibertel,121.57,Servicios
7755,920,fondo comun de inversion,1466.69,Ahorros
7756,161,pago de cuota universidad,328.41,Educacion
7757,1257,pago tarjeta de credito,512.88,Deudas
7758,2539,pintura habitacion,752.14,Vivienda
7759,1811,tarjeta supermercado coto,74.04,Alimentacion
7760,770,comprq supermercado dia,309.35,Alimentacion
7761,311,juegos de consola,50.39,Ocio
7762,227,cuota prestamo banco,942.54,Educacion
7763,273,fac combustible shell,79.52,Transporte
7764,2986,expensas del edificio,1190.84,Vivienda
7765,317,estudios clinicos,192.04,Salud
7766,1923,fondo comun de inversion,829.15,Ahorros
7767,2339,opticq lentes,55.71,Salud
7768,1493,pqgo tarjeta de credito,778.03,Deudas
7769,2777,factura luz edesur,183.72,Ahorros
7770,1895,almacen san martin,358.98,Alimentacion
7771,1602,cuota prestamo banco,203.45,Deudas
7772,1793,compra dolares banco,1159.36,Ahorros
7773,1451,cuota prestamo auto,814.01,Deudas
7774,2423,verduleria y fruteria,189.39,Alimentacion
7775,1926,impuestos municipales,47.1,Servicios
7776,567,compra dolares banco,411.37,Ahorros
7777,2916,utiles escolares,196.91,Educacion
7778,2803,taxis de la ciudad,73.86,Transporte
7779,252,pago tarjeta de credito,201.56,Deudas
7780,1557,compra dolares banco,1375.94,Ahorros
7781,2355,servicio de agua aysa,124.32,Servicios
7782,675,tarjeta curso de programacion,657.53,Educacion
7783,2916,cuota prestamo auto,676.35,Deudas
7784,2312,suscripcion spotify,47.95,Ocio
7785,2116,compra ferreteria,350.66,Vivienda
7786,1603,fac carniceria central,209.57,Alimentacion
7787,514,tarjeta salida al cine,82.16,Ocio
7788,2817,pago saldo refinanciado,824.06,Deudas
7789,442,dentistq limpieza,331.12,Salud
7790,1,movimiento: impuestos municipales,199.35,Servicios
7791,2406,impuestos municipales,108.56,Servicios
7792,1139,plazo fijo,679.37,Ahorros
7793,903,almacen san martin,276.51,Alimentacion
7794,1624,taller de ingles,525.59,Educacion
7795,1221,pago saldo refinanciado,888.85,Deudas
7796,2322,medicamentos recetados,47.5,Salud
7797,856,cuota jardin de infantes,722.52,Educacion
7798,1018,fac compra supermercado dia,87.53,Alimentacion
7799,1184,compra dolares banco,891.9,Ahorros
7800,2221,movimiento: reparacion de cerradura,813.41,Vivienda
7801,585,compra libros de texto,614.76,Educacion
7802,2977,compra farmacia,161.58,Salud
7803,2529,fac carga sube,25.4,Deudas
7804,455,fqctura luz edesur,151.63,Servicios
7805,196,tarjeta taller de ingles,794.44,Vivienda
7806,2844,estudios clinicos,229.15,Salud
7807,599,carga sube,46.21,Educacion
7808,1333,pago de compra cafeteria,32.91,Ocio
7809,1760,entradas recital,41.7,Vivienda
7810,556,pago de consulta medica de control,148.8,Salud
7811,2896,transferencia ahorro mensual,1147.36,Ahorros
7812,1518,almacen san martin,236.18,Alimentacion
7813,439,pago de analisis de sangre,76.03,Salud
7814,2698,compra compra panaderia,158.87,Alimentacion
7815,359,impuestos municipales,140.26,Servicios
7816,1058,viaje cabify,12.28,Transporte
7817,1112,reparacion electrica,882.76,Servicios
7818,2706,expensqs del edificio,770.86,Vivienda
7819,2064,cuota prestamo banco,391.18,Deudas
7820,2793,pintura habitacion,803.43,Vivienda
7821,421,analisis de sangre,420.03,Salud
7822,553,opticq lentes,231.75,Salud
7823,2815,curso de programacion,441.66,Educacion
7824,2841,entradas recital,32.04,Ocio
7825,1150,abono internet fibertel,100.17,Servicios
7826,1032,cuota universidad,225.31,Educacion
7827,1492,factura gas metrogas,155.4,Servicios
7828,880,reparacion electrica,1041.98,Vivienda
7829,1886,cuota universidad,705.52,Educacion
7830,852,cerveceria artesanal,70.34,Ocio
7831,510,plazo fijo,1140.95,Ahorros
7832,1860,entrqdas recital,115.83,Ocio
7833,1764,almacen san martin,263.67,Alimentacion
7834,966,tarjeta factura gas metrogas,133.1,Servicios
7835,1859,movimiento: estudios clinicos,59.53,Salud
7836,914,suscripcion spotify,119.39,Ocio
7837,1391,carga sube,20.61,Transporte
7838,1512,abono telefonia movil,191.13,Servicios
7839,2066,verduleria y fruteria,308.74,Educacion
7840,2104,combustible shell,38.56,Transporte
7841,2967,plazo fijo,654.69,Ahorros
7842,1059,compra dolares banco,811.02,Ahorros
7843,2950,abono telefonia movil,196.83,Servicios
7844,2678,combustible shell,40.91,Alimentacion
7845,794,taller de ingles,707.77,Ocio
7846,1597,expensas del edificio,840.34,Vivienda
7847,1807,pago de peaje autopista,35.3,Transporte
7848,347,viaje cabify,66.58,Transporte
7849,1056,cuota prestamo banco,199.49,Deudas
7850,908,compra libros de texto,472.02,Educacion
7851,1024,pago tarjeta de credito,677.93,Deudas
7852,576,carga sube,25.8,Transporte
7853,199,combustible shell,76.12,Transporte
7854,1366,compra farmacia,424.98,Salud
7855,1999,cuotq prestamo banco,563.86,Deudas
7856,1255,pago tarjeta de credito,159.55,Deudas
7857,2349,compra optica lentes,296.63,Salud
7858,1017,movimiento: compras fiambreria,309.56,Alimentacion
7859,26,servicio de agua aysa,181.81,Servicios
7860,1559,reparacion de cerradura,543.98,Vivienda
7861,2498,cuota prepaga osde,386.13,Salud
7862,2368,utiles escolares,558.19,Educacion
7863,2204,fac juegos de consola,75.74,Ocio
7864,471,compra panaderia,329.81,Transporte
7865,2468,inversion en qcciones,343.5,Ahorros
7866,651,cena restaurante,80.9,Ocio
7867,886,optica lentes,414.82,Salud
7868,930,verduleria de la esquina,192.16,Alimentacion
7869,1745,plazo fijo,835.9,Ahorros
7870,2883,carga sube,41.16,Transporte
7871,876,entradas recital,145.92,Ocio
7872,942,compra cafeteria,49.92,Ocio
7873,1309,estudios clinicos,81.8,Salud
7874,572,movimiento: suscripcion netflix,36.02,Ocio
7875,54,viaje cabify,34.76,Transporte
7876,605,pago tarjeta de credito,429.31,Deudas
7877,325,supermercado coto,130.16,Alimentacion
7878,885,juegos de consola,45.51,Ocio
7879,265,compra supermercado dia,208.21,Alimentacion
7880,382,inversion en acciones,402.05,Ahorros
7881,1237,inversion en acciones,1063.3,Ahorros
7882,2381,entradas recital,25.21,Ocio
7883,1382,juegos de consola,30.72,Educacion
7884,2251,inversion en acciones,1131.95,Ahorros
7885,2106,cuotq universidad,429.72,Educacion
7886,1518,transferencia ahorro mensual,775.21,Ahorros
7887,1534,curso de programacion,417.96,Educacion
7888,1792,pintura habitacion,711.67,Vivienda
7889,547,viaje uber,29.97,Transporte
7890,871,combustiblw shell,74.78,Transporte
7891,2151,compras fiambreria,102.48,Alimentacion
7892,1224,dentista limpieza,409.77,Salud
7893,865,carniceria central,242.32,Alimentacion
7894,1966,cerveceria artesanal,62.12,Ocio
7895,398,abono internet fibertel,89.15,Servicios
7896,1762,comprq dolares banco,225.23,Ahorros
7897,392,pago de servicio de agua aysa,32.61,Servicios
7898,2154,reparacion de cerradura,856.08,Ahorros
7899,1613,pago alquiler mensual,1119.03,Vivienda
7900,1078,cuota prestamo auto,266.32,Deudas
7901,1301,comprq pago alquiler mensual,768.77,Vivienda
7902,2159,verduleria y fruteria,367.47,Alimentacion
7903,2272,pago de inversion en acciones,104.42,Ahorros
7904,2123,medicamentos recetados,392.47,Salud
7905,2554,supermercado coto,99.41,Alimentacion
7906,2818,inversion en acciones,673.92,Ahorros
7907,2530,fac cuota jardin de infantes,610.9,Educacion
7908,364,transferencia ahorro mensual,760.52,Ahorros
7909,2287,dentistq limpieza,247.05,Salud
7910,1425,tarjeta cerveceria artesanal,58.71,Ocio
7911,846,abono telefonia movil,69.36,Servicios
7912,1328,curso de programacion,209.94,Educacion
7913,392,compra cuota prestamo auto,328.48,Deudas
7914,1041,entradas recital,137.78,Ocio
7915,2060,salida al cine,98.59,Ocio
7916,2047,factura luz edesur,167.7,Ahorros
7917,146,pqgo de intereses,434.56,Deudas
7918,1306,colectivo linea 60,69.34,Transporte
7919,1573,qbono telefonia movil,58.14,Vivienda
7920,2217,compra dolares banco,327.75,Ahorros
7921,2895,supermercado carrefour,304.22,Alimentacion
7922,2218,compra supermercado dia,75.53,Servicios
7923,2033,impuestos municipales,77.28,Servicios
7924,765,movimiento: compra libros de texto,268.73,Educacion
7925,1370,supermercado carrefour,323.53,Alimentacion
7926,499,almacen san martin,224.72,Alimentacion
7927,1967,colectivo linea 60,69.6,Transporte
7928,1166,inversion en acciones,735.15,Ahorros
7929,2945,fac estudios clinicos,187.88,Salud
7930,1761,inversion en acciones,1355.45,Ahorros
7931,118,salida al cine,108.91,Ocio
7932,365,suscripcion netflix,102.44,Ocio
7933,1982,fqctura gas metrogas,67.18,Servicios
7934,136,pago de cuota prestamo banco,342.33,Deudas
7935,1101,cuotq prepaga osde,312.28,Salud
7936,1872,pago tarjeta de credito,755.88,Deudas
7937,2605,suscripcion spotify,69.6,Ocio
7938,18,cena restaurante,46.01,Ocio
7939,1891,dentista limpieza,255.34,Educacion
7940,2451,cerveceria artesanal,111.87,Ocio
7941,205,cuota prestamo auto,866.4,Deudas
7942,499,abono internet fibertel,51.73,Servicios
7943,2372,tarjeta abono telefonia movil,105.02,Servicios
7944,595,qnalisis de sangre,280.82,Salud
7945,562,compra farmacia,488.42,Salud
7946,1305,matricula del colegio,615.83,Educacion
7947,2527,cuota jardin de infantes,313.06,Educacion
7948,2212,compra dolares banco,1484.67,Ahorros
7949,2372,plazo fijo,538.3,Ahorros
7950,2599,compra libros de texto,726.75,Educacion
7951,2879,utiles escolares,510.07,Educacion
7952,640,salida al cine,51.78,Ocio
7953,1927,cuotq prestamo banco,866.27,Deudas
7954,2682,juegos de consola,91.93,Ocio
7955,2807,entradas recital,89.32,Ocio
7956,2256,fondo comun de inversion,433.79,Ahorros
7957,315,compra panaderia,149.99,Alimentacion
7958,2352,movimiento: expensas comunes,646.75,Vivienda
7959,901,peaje autopista,17.63,Transporte
7960,2287,fac inversion en acciones,200.34,Ahorros
7961,1751,estudios clinicos,72.83,Salud
7962,804,viaje uber,55.42,Transporte
7963,1561,fac cuota prestamo banco,977.05,Deudas
7964,1453,expensqs del edificio,1166.51,Transporte
7965,1244,comprq viaje uber,45.08,Transporte
7966,2323,servicio de plomeria,751.35,Vivienda
7967,1671,factura luz edesur,182.21,Servicios
7968,2028,qbono telefonia movil,159.74,Servicios
7969,1769,compra supermercado dia,207.63,Alimentacion
7970,2001,supermercado carrefour,149.62,Alimentacion
7971,1090,fac consulta medica de control,142.73,Salud
7972,1447,combustible ypf,73.11,Transporte
7973,2303,cuota prepaga osde,146.15,Salud
7974,2173,expensas del edificio,282.57,Ahorros
7975,1170,abono internet fibertel,75.24,Servicios
7976,615,carga sube,43.36,Transporte
7977,2433,factura gas metrogas,128.72,Servicios
7978,2495,curso de programacion,763.43,Educacion
7979,387,cuota prestamo banco,698.26,Deudas
7980,2431,pago de cuota prestamo banco,887.17,Deudas
7981,1406,taller de ingles,649.26,Educacion
7982,124,pqgo de intereses,651.3,Deudas
7983,1814,plazo fijo,247.05,Ahorros
7984,1625,servicio de agua aysa,147.05,Transporte
7985,1182,cerveceria artesanal,96.53,Ocio
7986,728,factura gas metrogas,60.87,Servicios
7987,2944,factura luz edesur,152.45,Servicios
7988,1142,analisis de sangre,146.5,Salud
7989,2376,suscripcion netflix,139.69,Ocio
7990,2742,suscripcion netflix,33.09,Ocio
7991,359,inversion en acciones,314.65,Ahorros
7992,2845,compra supermercado dia,332.41,Alimentacion
7993,443,abono telefonia movil,118.44,Servicios
7994,2212,verduleria y fruteria,181.78,Alimentacion
7995,973,servicio de plomeria,707.48,Vivienda
7996,361,movimiento: servicio de qgua aysa,166.66,Servicios
7997,2633,entradas recital,51.41,Ocio
7998,853,cena restaurante,146.61,Ocio
7999,1625,utiles escolqres,688.57,Educacion
8000,1612,factura gas metrogas,91.16,Servicios
8001,1757,fondo comun de inversion,1192.63,Ahorros
8002,1024,suscripcion spotify,109.88,Ocio
8003,1908,factura gas metrogas,179.1,Servicios
8004,1931,inversion en acciones,543.59,Ahorros
8005,241,factura gas metrogas,149.91,Servicios
8006,666,juegos de consola,66.81,Ocio
8007,2613,compra farmacia,81.38,Salud
8008,1166,verduleria de la esquina,213.73,Alimentacion
8009,2880,transferencia ahorro mensual,156.86,Ahorros
8010,976,tarjeta servicio de agua aysa,126.49,Servicios
8011,2040,dentista limpieza,466.62,Salud
8012,2079,transferencia ahorro mensual,1326.32,Ahorros
8013,223,consultq medica de control,60.51,Salud
8014,1828,medicamentos recetados,95.3,Salud
8015,2314,abono telefonia movil,88.51,Servicios
8016,1306,carga sube,60.62,Transporte
8017,788,factura gas metrogas,100.39,Servicios
8018,2429,tarjeta abono internet fibertel,67.85,Servicios
8019,556,verduleria y fruteria,241.89,Alimentacion
8020,2110,taxis de la ciudad,68.52,Transporte
8021,2761,fac matricula del colegio,565.89,Educacion
8022,847,servicio de plomeria,975.53,Vivienda
8023,2569,consulta medica de control,455.38,Salud
8024,1095,pago de intereses,335.08,Deudas
8025,2650,compra impuestos municipales,115.56,Servicios
8026,1560,pago de plazo fijo,944.99,Ahorros
8027,140,opticq lentes,387.47,Salud
8028,1364,verduleria y fruteria,320.94,Alimentacion
8029,590,plazo fijo,293.33,Servicios
8030,1750,transferencia ahorro mensual,721.52,Ahorros
8031,2576,compra supermercado dia,133.7,Alimentacion
8032,541,pago saldo refinanciado,812.25,Ahorros
8033,2423,verduleria de la esquina,183.06,Alimentacion
8034,291,compra cafeteria,140.91,Ocio
8035,2091,fondo comun de inversion,445.52,Ahorros
8036,1256,consulta medica de control,370.84,Salud
8037,1236,compra cafeteria,70.04,Ocio
8038,8,estudios clinicos,253.79,Salud
8039,1658,cuota jardin de infantes,516.73,Educacion
8040,483,fac factura gas metrogas,159.09,Servicios
8041,2090,servicio de plomeria,870.42,Vivienda
8042,333,reparacion de cerradura,701.72,Vivienda
8043,1257,factura gas metrogas,152.03,Servicios
8044,1040,matricula del colegio,191.48,Educacion
8045,2117,pqgo de compra panaderia,76.36,Alimentacion
8046,2101,comprq peaje autopista,77.05,Transporte
8047,685,tarjeta salida al cine,117.86,Ocio
8048,994,trqnsferencia ahorro mensual,1257.16,Ahorros
8049,1798,impuestos municipales,158.55,Servicios
8050,1825,reparacion de cerradura,888.6,Vivienda
8051,2575,taxis de la ciudad,13.76,Transporte
8052,1806,tarjeta reparacion electrica,340.31,Ahorros
8053,1703,compra libros de texto,444.62,Deudas
8054,63,peaje autopista,28.38,Transporte
8055,261,carniceria central,397.28,Alimentacion
8056,858,compra ferreteria,1141.23,Vivienda
8057,1264,tarjeta suscripcion spotify,82.86,Ocio
8058,1489,compra panaderia,117.53,Alimentacion
8059,1131,compra supermercado carrefour,214.4,Alimentacion
8060,2031,inversion en acciones,886.17,Ahorros
8061,180,curso de programacion,423.67,Servicios
8062,355,taxis de la ciudad,68.45,Transporte
8063,934,viaje cabify,49.33,Deudas
8064,2775,reparacion de cerradura,916.0,Vivienda
8065,589,peaje autopista,75.9,Transporte
8066,1761,expensas comunes,1066.78,Vivienda
8067,605,entradas recital,125.27,Vivienda
8068,2229,servicio de agua aysa,49.44,Servicios
8069,174,salida al cine,43.22,Ocio
8070,2402,fac compra ferreteria,980.08,Salud
8071,354,comprq farmacia,260.5,Salud
8072,1339,fac servicio de plomeria,340.05,Vivienda
8073,434,comprq libros de texto,450.42,Educacion
8074,2953,reparacion de cerradura,308.56,Vivienda
8075,2330,movimiento: estudios clinicos,128.74,Salud
8076,259,supermercado carrefour,86.33,Alimentacion
8077,868,wstudios clinicos,337.54,Salud
8078,2607,cuota jardin de infantes,278.73,Educacion
8079,2053,juegos de consola,77.29,Transporte
8080,2004,reparacion de cerradura,531.23,Vivienda
8081,596,compra panaderia,371.14,Alimentacion
8082,1669,tqrjeta factura luz edesur,144.95,Servicios
8083,394,compra inversion en acciones,854.49,Ahorros
8084,336,entradas recital,138.08,Ocio
8085,2111,tarjeta suscripcion netflix,67.22,Ocio
8086,44,inversion en acciones,495.21,Ahorros
8087,2201,reparacion electrica,338.06,Vivienda
8088,854,compra libros de texto,333.1,Educacion
8089,275,matricula del colegio,597.13,Educacion
8090,426,pago de utiles escolares,587.88,Educacion
8091,483,cuota prestamo auto,362.83,Deudas
8092,214,verduleria y fruteria,297.83,Alimentacion
8093,2127,consulta medica de control,432.5,Salud
8094,139,compra pago saldo refinanciado,741.85,Deudas
8095,950,transferencia ahorro mensual,873.39,Ahorros
8096,98,combustible shell,71.73,Transporte
8097,664,compra ferreteria,527.67,Vivienda
8098,2246,cuota prestamo banco,746.67,Deudas
8099,2833,movimiento: matricula del colegio,270.25,Educacion
8100,2204,supermercado carrefour,379.57,Deudas
8101,1074,juegos de consola,61.21,Ocio
8102,479,fondo comun de inversion,854.51,Ahorros
8103,2276,inversion en acciones,979.32,Ahorros
8104,2570,verduleria de la esquina,253.43,Alimentacion
8105,2197,compra ferreteria,1172.42,Vivienda
8106,1082,compras fiambreria,178.07,Alimentacion
8107,162,tqrjeta factura luz edesur,144.63,Transporte
8108,2911,medicamentos recetados,68.62,Salud
8109,1501,peaje autopista,25.35,Transporte
8110,1451,cuota prestamo auto,405.61,Deudas
8111,395,transferencia ahorro mensual,780.0,Ahorros
8112,801,fqctura luz edesur,87.88,Servicios
8113,186,cerveceria artesanal,122.02,Ocio
8114,558,pqgo de cerveceria artesanal,45.85,Ocio
8115,1981,fondo comun de inversion,1294.44,Ahorros
8116,446,fac cuota universidad,615.78,Educacion
8117,830,matricula del colegio,131.7,Educacion
8118,2135,combustible ypf,16.0,Transporte
8119,1273,cena restaurante,80.0,Ocio
8120,1814,juegos de consola,115.37,Ocio
8121,2486,salida al cine,58.47,Ocio
8122,516,expensas del edificio,487.0,Vivienda
8123,1601,qbono internet fibertel,41.68,Servicios
8124,947,plazo fijo,1411.59,Ahorros
8125,1226,compra supermercado carrefour,70.28,Alimentacion
8126,1599,optica lentes,236.84,Deudas
8127,1679,fondo comun de inversion,349.95,Ahorros
8128,756,cuota universidad,795.93,Educacion
8129,2845,compra cafeteria,51.53,Ocio
8130,2734,cuota prestamo auto,557.84,Deudas
8131,325,fondo comun de inversion,732.2,Ahorros
8132,2671,pago tarjeta de credito,288.24,Deudas
8133,687,estudios clinicos,175.3,Salud
8134,1499,supermercado carrefour,352.63,Alimentacion
8135,1689,compra libros de texto,647.45,Educacion
8136,2000,factura luz edesur,133.45,Servicios
8137,2448,viaje uber,38.15,Transporte
8138,868,tarjeta verduleria y fruteria,178.29,Alimentacion
8139,217,expensas comunes,1061.86,Vivienda
8140,2857,compra farmacia,412.0,Salud
8141,1001,servicio de plomeria,732.1,Vivienda
8142,1989,almacen san martin,326.68,Alimentacion
8143,932,viaje uber,18.31,Transporte
8144,2013,verduleria de la esquina,158.53,Alimentacion
8145,240,consulta medica de control,63.46,Salud
8146,1210,expensas del edificio,686.12,Vivienda
8147,48,compras fiambreria,311.7,Vivienda
8148,1249,compra juegos de consola,92.77,Ocio
8149,1168,compra taxis de la ciudad,63.14,Transporte
8150,875,curso de programacion,389.96,Educacion
8151,1898,cuotq prestamo auto,302.29,Deudas
8152,2180,compra ferreteria,295.64,Vivienda
8153,625,fqc matricula del colegio,127.83,Educacion
8154,1860,plazo fijo,532.97,Ahorros
8155,1971,colectivo linea 60,44.77,Vivienda
8156,601,combustible shell,67.94,Transporte
8157,2721,salida al cine,47.35,Ocio
8158,2382,juegos de consola,99.08,Ocio
8159,1944,medicamentos recetados,491.6,Salud
8160,1817,compra dolares banco,224.81,Ahorros
8161,2084,carniceria central,186.86,Alimentacion
8162,2826,consulta medica de control,231.44,Salud
8163,1649,cuota prestamo banco,795.25,Deudas
8164,1828,pago saldo refinanciado,764.73,Deudas
8165,223,reparacion electrica,574.17,Vivienda
8166,1747,tarjeta pago tarjeta de credito,852.72,Deudas
8167,530,cuota prestamo auto,372.04,Deudas
8168,2289,almacen san martin,101.2,Alimentacion
8169,134,estudios clinicos,210.26,Salud
8170,391,supermercado coto,380.83,Alimentacion
8171,102,combustible ypf,35.05,Transporte
8172,2041,fac pintura habitacion,257.69,Vivienda
8173,2729,compra farmacia,259.7,Salud
8174,2546,suscripcion spotify,125.25,Ocio
8175,2559,utiles escolares,262.75,Educacion
8176,2751,matricula del colegio,550.17,Educacion
8177,2001,factura gas metrogas,98.94,Servicios
8178,949,factura luz edesur,143.5,Servicios
8179,1569,transferencia ahorro mensual,488.94,Ahorros
8180,841,cuota prestamo auto,626.91,Deudas
8181,2054,optica lentes,161.5,Salud
8182,194,fac combustible shell,41.34,Transporte
8183,742,carniceria central,362.98,Alimentacion
8184,2960,suscripcion netflix,52.64,Ocio
8185,473,reparacion de cerradura,1048.2,Vivienda
8186,2264,consulta medica de control,171.24,Salud
8187,2924,carga sube,66.18,Transporte
8188,38,carga sube,30.91,Transporte
8189,1699,reparacion de cerradura,906.25,Vivienda
8190,471,compra panaderia,391.03,Alimentacion
8191,2500,tqrjeta suscripcion netflix,95.01,Ocio
8192,1514,cuota universidad,676.48,Ocio
8193,1013,transferencia ahorro mensual,959.61,Ahorros
8194,1784,viaje uber,15.99,Transporte
8195,1967,fondo comun de inversion,1147.23,Ahorros
8196,103,pago de plazo fijo,1435.48,Deudas
8197,1735,transferencia ahorro mensual,385.87,Ahorros
8198,1736,expensas comunes,879.6,Ahorros
8199,42,cuotq jardin de infantes,577.92,Ocio
8200,2995,cuota prestamo banco,316.73,Deudas
8201,2114,cuotq prestamo auto,539.46,Deudas
8202,2991,verduleria de la esquina,343.69,Alimentacion
8203,193,compras fiambreria,55.48,Alimentacion
8204,1062,juegos de consola,94.27,Ocio
8205,2550,factura gas metrogas,86.55,Salud
8206,1677,taxis de la ciudad,47.55,Transporte
8207,2712,combustible shell,75.9,Transporte
8208,2400,utiles escolares,244.14,Educacion
8209,326,plazo fijo,327.76,Ahorros
8210,1121,compra libros de texto,655.33,Educacion
8211,108,cuota prestamo auto,958.23,Deudas
8212,2679,cuota prestamo banco,224.18,Deudas
8213,2199,matricula del colegio,184.58,Educacion
8214,1098,pago de intereses,314.76,Deudas
8215,2926,pqgo de intereses,874.12,Deudas
8216,335,taller de ingles,206.1,Educacion
8217,1943,cuota jardin de infantes,103.05,Educacion
8218,2040,tarjeta expensas del edificio,1031.85,Vivienda
8219,804,supermercado carrefour,340.75,Alimentacion
8220,1849,pago de plazo fijo,277.55,Ahorros
8221,767,combustible ypf,43.01,Transporte
8222,1278,verduleria de la esquina,206.45,Alimentacion
8223,1409,compra entradas recital,50.4,Ocio
8224,2307,taller de ingles,311.72,Vivienda
8225,2830,verduleriq y fruteria,220.43,Alimentacion
8226,1489,abono telefonia movil,185.52,Servicios
8227,34,impuestos municipales,97.51,Servicios
8228,2374,analisis de sangre,169.36,Salud
8229,837,cuota prestamo auto,674.4,Deudas
8230,2739,cena restaurante,84.43,Ocio
8231,2025,pago alquiler mensual,428.61,Vivienda
8232,1640,consulta medica de control,125.44,Salud
8233,739,verduleria de la esquina,79.96,Alimentacion
8234,1490,peaje autopista,28.89,Transporte
8235,2792,combustiblw ypf,62.76,Transporte
8236,1328,compra libros de texto,678.72,Educacion
8237,1886,reparacion electrica,240.31,Vivienda
8238,2895,fac combustible ypf,48.71,Transporte
8239,117,inversion en acciones,1404.57,Ahorros
8240,1505,impuestos municipales,52.18,Servicios
8241,2698,pago de intereses,939.5,Deudas
8242,2451,pago de intereses,291.44,Deudas
8243,2034,viaje uber,77.77,Transporte
8244,1700,taller de ingles,683.54,Educacion
8245,1924,optica lentes,131.96,Salud
8246,1611,inversion en acciones,1402.14,Ahorros
8247,2281,fondo comun de inversion,751.01,Ahorros
8248,2977,cerveceria artesanal,139.02,Ocio
8249,1308,pintura habitacion,397.69,Vivienda
8250,2528,movimiento: cuota prestamo banco,981.57,Deudas
8251,976,utiles escolares,333.83,Educacion
8252,2057,estudios clinicos,219.4,Salud
8253,715,pago tarjeta de credito,705.7,Deudas
8254,1926,cena restaurante,59.62,Ocio
8255,2427,compra libros de texto,137.23,Educacion
8256,2429,supermercado carrefour,229.61,Alimentacion
8257,844,consulta medica de control,355.82,Salud
8258,360,fqctura luz edesur,159.81,Servicios
8259,2224,pago de optica lentes,323.91,Educacion
8260,485,compra panaderia,151.78,Alimentacion
8261,1429,cuota prestamo auto,913.93,Deudas
8262,2081,factura gas metrogas,169.14,Servicios
8263,1489,compra libros de texto,421.74,Educacion
8264,696,taller de ingles,159.34,Educacion
8265,2205,entradas recital,68.87,Salud
8266,565,tarjeta factura luz edesur,192.69,Servicios
8267,1832,estudios clinicos,61.02,Salud
8268,202,tqrjeta expensas comunes,1171.0,Vivienda
8269,1199,compras fiambreria,352.73,Alimentacion
8270,1268,servicio de qgua aysa,123.97,Servicios
8271,2971,combustiblw ypf,50.05,Transporte
8272,1470,servicio de agua aysa,36.51,Servicios
8273,74,cenq restaurante,76.06,Ocio
8274,96,reparacion de cerradura,958.68,Vivienda
8275,1897,viaje cabify,79.35,Transporte
8276,173,pago de factura luz edesur,146.1,Servicios
8277,1923,qbono internet fibertel,195.42,Servicios
8278,2203,comprq libros de texto,596.05,Educacion
8279,2337,compra dolares banco,614.01,Ahorros
8280,258,fac medicamentos recetados,382.92,Educacion
8281,2222,inversion en acciones,661.68,Ahorros
8282,330,curso de programacion,275.64,Educacion
8283,1255,carga sube,16.4,Deudas
8284,2807,tqrjeta plazo fijo,324.57,Vivienda
8285,161,compra supermercado dia,82.95,Alimentacion
8286,186,compra supermercado dia,106.31,Alimentacion
8287,143,impuestos municipales,187.39,Servicios
8288,2955,tarjeta cuota prepaga osde,247.93,Salud
8289,640,pqgo de intereses,558.17,Deudas
8290,2075,abono internet fibertel,87.15,Servicios
8291,202,abono telefonia movil,91.64,Servicios
8292,1615,compras fiambreria,386.93,Alimentacion
8293,2718,movimiento: verduleria de la esquina,191.52,Alimentacion
8294,472,viqje uber,68.32,Transporte
8295,2307,colectivo linea 60,70.74,Transporte
8296,2103,compra curso de programacion,626.91,Educacion
8297,911,transferencia ahorro mensual,1416.8,Ahorros
8298,1572,abono telefonia movil,105.99,Servicios
8299,1030,taxis de la ciudad,68.32,Transporte
8300,2602,curso de programacion,483.11,Educacion
8301,1074,cuota jardin de infantes,691.32,Educacion
8302,2160,pago tarjeta de credito,245.21,Deudas
8303,2194,inversion en acciones,815.87,Ahorros
8304,230,pago tarjeta de credito,716.42,Deudas
8305,1747,taxis de la ciudad,34.73,Transporte
8306,2545,reparacion de cerradura,441.5,Vivienda
8307,1330,combustible ypf,76.38,Transporte
8308,461,movimiento: compra cafeteria,70.61,Ocio
8309,807,movimiento: expensas del edificio,711.08,Vivienda
8310,1932,abono internet fibertel,31.0,Servicios
8311,2274,viaje cabify,67.41,Transporte
8312,59,compra dolares banco,881.07,Ahorros
8313,1100,compra libros de texto,785.4,Educacion
8314,2476,compra panaderia,312.12,Alimentacion
8315,728,compra optica lentes,458.18,Salud
8316,1156,reparacion de cerradura,554.38,Vivienda
8317,2980,qnalisis de sangre,49.74,Salud
8318,498,cerveceria artesanal,78.47,Ocio
8319,2864,suscripcion netflix,81.35,Ocio
8320,910,abono internet fibertel,88.72,Servicios
8321,1329,compra dolares banco,1031.7,Ahorros
8322,2115,plazo fijo,722.99,Ahorros
8323,230,impuestos municipales,91.62,Servicios
8324,333,carniceria central,307.64,Alimentacion
8325,2325,fac estudios clinicos,422.46,Salud
8326,1897,compra libros de texto,321.8,Educacion
8327,1608,compra salida al cine,133.2,Ocio
8328,721,salida al cine,46.73,Ocio
8329,2192,taller de ingles,279.59,Educacion
8330,1275,salida al cine,68.0,Ocio
8331,691,fondo comun de inversion,1264.66,Ahorros
8332,57,carniceria central,336.26,Alimentacion
8333,2356,carniceria central,256.49,Alimentacion
8334,2222,inversion en acciones,926.07,Ahorros
8335,1486,pago tarjeta de credito,246.0,Deudas
8336,750,compra dolares banco,174.39,Ahorros
8337,678,abono internet fibertel,79.82,Alimentacion
8338,560,compra cafeteria,49.39,Ocio
8339,1663,transferencia ahorro mensual,528.85,Ahorros
8340,1705,combustiblw ypf,14.64,Transporte
8341,1979,expensas del edificio,898.72,Vivienda
8342,349,combustible ypf,11.81,Servicios
8343,1091,compra cafeteria,87.11,Ocio
8344,2378,compra supermercado dia,261.05,Alimentacion
8345,2242,factura luz edesur,132.03,Servicios
8346,1179,movimiento: factura luz edesur,141.24,Alimentacion
8347,1720,impuestos municipales,36.8,Servicios
8348,2314,pqgo alquiler mensual,538.95,Vivienda
8349,2216,pago tarjeta de credito,968.43,Deudas
8350,2193,curso de programacion,360.7,Educacion
8351,2234,fac viaje uber,43.76,Transporte
8352,886,compra libros de texto,790.46,Educacion
8353,865,plazo fijo,780.81,Ahorros
8354,2822,compra panaderia,274.15,Alimentacion
8355,786,cqrga sube,53.38,Transporte
8356,457,cuota prestamo auto,396.87,Deudas
8357,345,curso de programacion,698.1,Educacion
8358,2783,transferencia ahorro mensual,528.37,Ahorros
8359,554,movimiento: suscripcion netflix,121.08,Ocio
8360,1021,compra pago saldo refinanciado,664.14,Deudas
8361,788,almacen san martin,342.37,Alimentacion
8362,1820,fondo comun de inversion,466.89,Ahorros
8363,2984,compra dolares banco,744.72,Ahorros
8364,705,medicamentos recetados,132.13,Salud
8365,1128,supermercado carrefour,263.39,Alimentacion
8366,2295,pago de cuota prestamo auto,609.9,Deudas
8367,812,tarjeta cuota prestamo auto,840.75,Transporte
8368,953,inversion en acciones,591.05,Ahorros
8369,815,juegos de consola,106.67,Ocio
8370,1549,fondo comun de inversion,766.56,Ahorros
8371,144,plazo fijo,411.26,Ahorros
8372,2778,pintura habitacion,466.26,Vivienda
8373,863,utiles escolares,323.84,Educacion
8374,1217,cenq restaurante,42.77,Ocio
8375,2513,cena restaurante,41.06,Ocio
8376,1808,carga sube,55.53,Alimentacion
8377,375,expensas comunes,792.52,Vivienda
8378,677,fondo comun de inversion,651.6,Ahorros
8379,2740,tarjeta servicio de agua aysa,177.64,Servicios
8380,2677,compra dolares banco,864.59,Ahorros
8381,1290,cena restaurante,44.48,Ocio
8382,556,factura gas metrogas,41.3,Servicios
8383,863,tarjeta fondo comun de inversion,161.69,Ahorros
8384,2122,reparacion electrica,679.21,Vivienda
8385,2486,fondo comun dw inversion,1134.22,Ahorros
8386,881,compra farmacia,103.82,Salud
8387,2274,cuota prestamo banco,796.72,Deudas
8388,1843,consulta medica de control,151.45,Salud
8389,2356,estudios clinicos,225.66,Salud
8390,966,optica lentes,208.39,Salud
8391,2396,plazo fijo,1125.27,Ahorros
8392,476,tarjeta consulta medica de control,266.42,Salud
8393,1339,entradas recital,100.12,Ocio
8394,525,reparacion electrica,239.52,Deudas
8395,1449,viqje cabify,75.24,Transporte
8396,2572,optica lentes,382.7,Salud
8397,562,movimiento: cuota universidad,109.67,Deudas
8398,569,servicio de plomeriq,670.87,Vivienda
8399,1206,utiles escolqres,440.73,Educacion
8400,106,compra supermercado dia,341.97,Alimentacion
8401,2239,fac pago alquiler mensual,924.6,Vivienda
8402,1161,optica lentes,251.69,Salud
8403,700,taxis de la ciudad,16.16,Transporte
8404,1144,factura luz edesur,152.05,Servicios
8405,2879,plazo fijo,753.76,Ahorros
8406,72,almacen san martin,164.86,Alimentacion
8407,755,abono internet fibertel,97.26,Servicios
8408,2505,compra supermercado dia,368.93,Alimentacion
8409,905,matricula del colegio,689.4,Educacion
8410,2527,movimiento: compras fiambreria,218.33,Alimentacion
8411,52,medicamentos recetados,66.13,Salud
8412,1004,cuota prestamo banco,979.7,Deudas
8413,2622,fqc expensas comunes,1188.1,Vivienda
8414,1288,verduleria de la esquina,222.43,Alimentacion
8415,1263,supermercado coto,70.33,Alimentacion
8416,2941,pqgo de intereses,880.92,Deudas
8417,2303,pago de intereses,861.13,Deudas
8418,685,repqracion electrica,388.79,Vivienda
8419,1773,movimiento: expensas comunes,365.26,Vivienda
8420,1631,movimiento: peaje autopista,64.37,Transporte
8421,2105,combustible shell,61.38,Transporte
8422,950,suscripcion spotify,95.79,Servicios
8423,2654,pago tarjeta de credito,972.02,Deudas
8424,1674,tarjeta factura luz edesur,63.02,Servicios
8425,2417,servicio de agua aysa,155.66,Servicios
8426,2280,analisis de sangre,366.18,Salud
8427,1426,taxis de la ciudad,51.43,Transporte
8428,2956,factura gas metrogas,198.07,Servicios
8429,1585,fac expensas comunes,1128.49,Vivienda
8430,1047,compra panaderia,313.54,Alimentacion
8431,2622,compra supermercado carrefour,211.89,Alimentacion
8432,1291,servicio de plomeria,503.9,Vivienda
8433,2889,curso de programacion,395.2,Servicios
8434,2166,utiles escolares,549.3,Educacion
8435,1624,verduleria de la esquina,115.35,Alimentacion
8436,1177,consulta medica de control,413.49,Salud
8437,2316,cerveceria artesanal,53.92,Ocio
8438,2161,tarjeta servicio de agua aysa,121.87,Servicios
8439,2214,qlmacen san martin,187.96,Alimentacion
8440,2716,cuota prestamo auto,385.93,Deudas
8441,1032,fac expensas del edificio,564.5,Vivienda
8442,2762,fondo comun de inversion,540.1,Ahorros
8443,431,compra cafeteria,86.81,Educacion
8444,1316,compra compras fiambreria,173.2,Alimentacion
8445,893,combustible ypf,13.51,Transporte
8446,1074,fac optica lentes,53.9,Salud
8447,107,carga sube,57.87,Ahorros
8448,745,factura gas metrogas,131.3,Alimentacion
8449,2748,verduleria de la esquina,132.95,Alimentacion
8450,1480,compra dolares banco,1329.13,Ahorros
8451,2371,fac taxis de la ciudad,20.88,Transporte
8452,2357,pago alquiler mensual,756.2,Vivienda
8453,2898,pago tarjeta de credito,340.35,Deudas
8454,622,analisis de sangre,220.27,Salud
8455,995,fondo comun de inversion,1157.39,Ocio
8456,145,impuestos municipqles,40.32,Servicios
8457,2788,medicamentos recetados,459.23,Vivienda
8458,821,tarjeta dentista limpieza,335.16,Salud
8459,412,cuota universidad,799.12,Educacion
8460,114,curso de programacion,263.33,Educacion
8461,2623,taller de ingles,164.09,Educacion
8462,2447,inversion en acciones,807.82,Ahorros
8463,124,plazo fijo,601.53,Ahorros
8464,86,cerveceria artesanal,143.06,Ocio
8465,47,servicio de agua aysa,31.99,Servicios
8466,1900,movimiento: pago saldo refinanciado,333.59,Transporte
8467,2992,plazo fijo,249.37,Ahorros
8468,1573,sqlida al cine,49.1,Ocio
8469,1739,pago saldo refinanciado,842.66,Deudas
8470,2006,viaje uber,75.69,Transporte
8471,804,cuota prestamo banco,157.36,Deudas
8472,2437,viaje uber,58.96,Transporte
8473,2624,fac pago tarjeta de credito,272.71,Deudas
8474,1990,fac combustible ypf,59.48,Transporte
8475,2680,medicamentos recetados,189.86,Salud
8476,2762,servicio de agua aysa,107.51,Servicios
8477,1070,plazo fijo,641.24,Ahorros
8478,1192,medicamentos recetados,117.92,Salud
8479,2670,cuotq jardin de infantes,755.2,Educacion
8480,46,compra dolares banco,108.69,Ahorros
8481,2772,servicio de agua aysa,195.51,Servicios
8482,540,viaje cabify,18.92,Transporte
8483,87,taller de ingles,638.47,Educacion
8484,2851,cuota universidad,437.8,Educacion
8485,1409,comprq dolares banco,1365.47,Ahorros
8486,265,colectivo linea 60,37.36,Transporte
8487,703,compras fiambreria,192.47,Alimentacion
8488,1474,tarjeta reparacion de cerradura,962.13,Vivienda
8489,2280,reparacion electrica,411.36,Vivienda
8490,186,compras fiambreria,315.97,Alimentacion
8491,326,fqctura luz edesur,110.27,Servicios
8492,1207,colectivo linea 60,19.52,Transporte
8493,397,compra dolares banco,129.33,Ahorros
8494,1505,compra factura gas metrogas,107.24,Servicios
8495,1427,impuestos municipales,33.36,Servicios
8496,1441,pago de verduleria de la esquina,204.73,Alimentacion
8497,1089,fondo comun de inversion,156.98,Ahorros
8498,956,fondo comun de inversion,966.41,Ahorros
8499,555,taxis de la ciudad,23.01,Transporte
8500,2781,fondo comun de inversion,506.44,Ahorros
8501,1041,peaje autopista,27.07,Transporte
8502,2845,viaje uber,27.76,Transporte
8503,2439,pqgo tarjeta de credito,978.71,Deudas
8504,44,pago de consulta medica de control,339.79,Salud
8505,901,consulta medica de control,414.91,Salud
8506,1724,impuestos municipales,122.97,Servicios
8507,482,compra cafeteria,149.33,Transporte
8508,2037,impuestos municipales,49.11,Servicios
8509,1287,pago de juegos de consola,43.68,Ocio
8510,1198,inversion en acciones,649.83,Ahorros
8511,1465,tarjeta combustible ypf,28.98,Transporte
8512,566,pago saldo refinanciado,958.04,Deudas
8513,2268,cerveceria artesanal,63.79,Ocio
8514,772,servicio de plomeria,812.46,Vivienda
8515,1219,salida al cine,42.33,Ocio
8516,2457,salida al cine,81.95,Ocio
8517,471,medicamentos recetados,273.68,Salud
8518,1371,pqgo de intereses,857.06,Deudas
8519,2214,compra libros de texto,407.18,Educacion
8520,672,reparacion electrica,619.27,Vivienda
8521,1175,tqxis de la ciudad,76.73,Transporte
8522,111,compra panaderia,309.31,Alimentacion
8523,2597,factura gas metrogas,106.71,Servicios
8524,1027,compra farmacia,318.91,Salud
8525,344,consulta medica de control,46.52,Salud
8526,1473,analisis de sangre,436.05,Salud
8527,2380,compra farmacia,183.4,Salud
8528,2312,viaje uber,33.32,Transporte
8529,2131,suscripcion spotify,122.47,Ocio
8530,777,comprq farmacia,358.16,Salud
8531,2972,comprq supermercado carrefour,365.08,Alimentacion
8532,2382,tarjeta transferencia ahorro mensual,958.16,Ahorros
8533,1404,cerveceria artesanal,80.16,Ocio
8534,658,compra suscripcion netflix,134.91,Ocio
8535,1834,tarjeta compra dolares banco,460.03,Ahorros
8536,1833,viaje uber,72.6,Transporte
8537,454,compra dolares banco,1094.58,Ahorros
8538,2721,dentista limpieza,233.83,Salud
8539,741,comprq estudios clinicos,404.43,Salud
8540,1770,tarjeta cuota prepaga osde,43.88,Salud
8541,2381,almacen san martin,287.21,Alimentacion
8542,2358,abono internet fibertel,55.09,Servicios
8543,2775,abono internet fibertel,121.71,Servicios
8544,1444,peaje autopista,14.88,Transporte
8545,1749,pago de compra cafeteria,123.04,Ocio
8546,2402,fac reparacion de cerradura,299.02,Servicios
8547,824,abono telefonia movil,141.86,Servicios
8548,145,factura luz edesur,91.88,Servicios
8549,2007,servicio de plomeria,658.73,Vivienda
8550,1068,fac consulta medica de control,288.29,Salud
8551,1787,factura luz edesur,172.71,Servicios
8552,1410,transferencia ahorro mensual,1247.6,Ahorros
8553,1763,pago alquiler mensual,997.44,Vivienda
8554,910,entradas recital,133.07,Educacion
8555,761,factura luz edesur,87.09,Servicios
8556,2543,qnalisis de sangre,248.75,Salud
8557,1517,curso de programacion,672.56,Educacion
8558,2690,compra panaderia,163.67,Alimentacion
8559,531,suscripcion spotify,127.78,Ocio
8560,1360,utiles escolares,472.9,Educacion
8561,2028,servicio de agua aysa,47.05,Servicios
8562,2561,fac transferencia ahorro mensual,238.02,Ahorros
8563,2178,compra pago alquiler mensual,555.06,Vivienda
8564,1008,comprq dolares banco,1002.0,Ahorros
8565,1538,compra cafeteria,21.08,Ocio
8566,1274,taller de ingles,247.21,Educacion
8567,2782,combustible ypf,40.47,Transporte
8568,947,tarjeta verduleria de la esquina,388.63,Alimentacion
8569,1162,pago saldo refinanciado,283.44,Deudas
8570,1299,salida al cine,108.37,Ocio
8571,1002,servicio de agua aysa,151.78,Servicios
8572,2512,suscripcion spotify,112.56,Transporte
8573,2189,fac abono telefonia movil,120.02,Servicios
8574,1968,fac plazo fijo,659.53,Ahorros
8575,882,compra libros de texto,751.58,Educacion
8576,1848,almacen san martin,73.39,Alimentacion
8577,2504,almacen san martin,398.27,Ahorros
8578,1976,compra dolares banco,274.21,Ahorros
8579,2482,movimiento: curso de programacion,706.8,Educacion
8580,1631,viaje uber,56.1,Transporte
8581,173,compra medicamentos recetados,424.89,Salud
8582,473,supermercado coto,344.38,Alimentacion
8583,1447,compra cafeteria,48.97,Transporte
8584,2965,suscripcion netflix,105.65,Ocio
8585,2487,medicqmentos recetados,364.36,Salud
8586,498,tarjeta compra farmacia,195.16,Salud
8587,2217,impuestos municipales,115.08,Servicios
8588,989,verduleria y fruteria,121.81,Alimentacion
8589,1606,compra libros de texto,380.36,Educacion
8590,2609,consulta medica de control,132.04,Salud
8591,2476,compra libros de texto,724.5,Educacion
8592,419,servicio de plomeria,727.97,Vivienda
8593,1371,juegos de consola,121.2,Ocio
8594,2503,plazo fijo,1014.06,Ahorros
8595,714,combustible shell,72.33,Transporte
8596,2250,pago saldo refinanciado,737.29,Deudas
8597,179,peaje autopista,63.57,Transporte
8598,2105,compra expensas del edificio,779.71,Vivienda
8599,1930,inversion en acciones,1197.82,Ahorros
8600,946,expensas comunes,517.62,Vivienda
8601,2019,comprq factura luz edesur,81.59,Servicios
8602,2549,curso de programacion,703.92,Educacion
8603,739,combustiblw ypf,49.42,Transporte
8604,1957,cuota prestamo auto,261.21,Deudas
8605,112,combustible shell,27.16,Transporte
8606,715,cuota prepaga osde,74.79,Servicios
8607,1402,impuestos municipales,121.28,Servicios
8608,2925,taller de ingles,771.1,Educacion
8609,1939,dentista limpieza,66.51,Salud
8610,1382,taxis de la ciudad,42.24,Transporte
8611,813,compra suscripcion netflix,127.82,Ocio
8612,1209,compra supermercado dia,279.39,Alimentacion
8613,37,cuota prestamo banco,839.12,Deudas
8614,1829,compra libros de texto,195.07,Educacion
8615,2911,fac taller de ingles,138.05,Educacion
8616,2780,taxis de la ciudad,73.83,Alimentacion
8617,1252,abono telefonia movil,162.68,Servicios
8618,810,cuota universidad,784.31,Educacion
8619,23,pago tarjeta de credito,495.82,Deudas
8620,1527,movimiento: matricula del colegio,538.16,Educacion
8621,796,plazo fijo,163.83,Ahorros
8622,496,curso de progrqmacion,278.35,Educacion
8623,900,analisis de sangre,240.57,Salud
8624,425,viqje uber,35.43,Transporte
8625,2748,utiles escolares,690.0,Educacion
8626,2066,taller de ingles,485.17,Ocio
8627,1983,salida al cine,76.18,Ocio
8628,1469,combustible shell,20.6,Transporte
8629,2675,cuota jardin de infantes,555.29,Educacion
8630,1234,cqrniceria central,179.79,Alimentacion
8631,1798,consulta medica de control,193.28,Salud
8632,2259,cuota prepaga osde,114.32,Salud
8633,565,analisis de sangre,425.12,Salud
8634,1305,medicamentos recetados,409.93,Salud
8635,1857,pago tarjeta de credito,808.26,Deudas
8636,133,compras fiambreria,124.64,Alimentacion
8637,449,suscripcion spotify,125.65,Ocio
8638,2312,suscripcion spotify,47.27,Ocio
8639,1831,comprq panaderia,188.23,Alimentacion
8640,2159,compra panaderia,189.08,Alimentacion
8641,850,cuota prepaga osde,87.92,Salud
8642,1262,pago de intereses,656.05,Deudas
8643,1481,suscripcion spotify,120.28,Ocio
8644,901,reparacion electrica,867.82,Vivienda
8645,759,tarjeta utiles escolares,206.57,Educacion
8646,1540,consulta medica de control,190.77,Salud
8647,1900,suscripcion spotify,44.38,Ocio
8648,2909,salida al cine,31.23,Ocio
8649,2945,compra cafeteria,126.11,Ocio
8650,862,compra transferencia ahorro mensual,667.43,Ahorros
8651,1848,tarjeta cuota prestamo banco,365.16,Deudas
8652,2241,pago de salida al cine,40.66,Ocio
8653,515,combustible shell,73.44,Transporte
8654,2838,reparacion de cerradura,247.47,Vivienda
8655,968,movimiento: suscripcion spotify,102.43,Ocio
8656,1592,fondo comun de inversion,221.22,Ahorros
8657,84,taxis de la ciudad,38.78,Transporte
8658,798,juegos de consola,143.14,Ocio
8659,2128,abono telefonia movil,187.64,Servicios
8660,1602,cuota prestamo banco,714.72,Deudas
8661,522,fondo comun dw inversion,545.27,Ahorros
8662,1223,fac cuota jardin de infantes,283.87,Educacion
8663,1595,fondo comun de inversion,1329.15,Ahorros
8664,234,compra dolares banco,1277.84,Ahorros
8665,1843,servicio de agua aysa,184.2,Servicios
8666,2292,combustible shell,70.91,Transporte
8667,1417,cuota prestamo banco,843.37,Deudas
8668,1590,cuota jardin de infantes,153.2,Educacion
8669,1470,pago tarjeta de credito,875.36,Deudas
8670,2897,colectivo linea 60,73.37,Transporte
8671,393,factura luz edesur,92.71,Servicios
8672,9,compra libros de texto,205.59,Educacion
8673,613,servicio de plomeria,375.32,Vivienda
8674,1944,suscripcion netflix,42.92,Ocio
8675,2855,curso de programacion,532.48,Educacion
8676,715,comprq cerveceria artesanal,93.72,Educacion
8677,1928,compra dolares banco,1410.79,Servicios
8678,110,supermercado carrefour,358.12,Alimentacion
8679,834,verduleria de la esquina,236.42,Deudas
8680,266,cerveceria artesanal,34.65,Ocio
8681,1397,cqrga sube,74.8,Transporte
8682,2032,cuota prestamo auto,289.98,Deudas
8683,976,abono telefonia movil,135.51,Servicios
8684,1619,cena restaurante,37.23,Ocio
8685,955,movimiento: servicio de plomeria,301.38,Vivienda
8686,2955,tarjeta transferencia ahorro mensual,773.63,Ahorros
8687,1670,abono internet fibertel,175.33,Servicios
8688,1350,fqctura gas metrogas,123.55,Servicios
8689,2720,compra libros de texto,751.66,Educacion
8690,1575,movimiento: verduleria y fruteria,59.3,Alimentacion
8691,2224,movimiento: carga sube,15.89,Transporte
8692,2573,cuota prestamo auto,726.68,Transporte
8693,3000,cuota universidad,336.27,Educacion
8694,1059,viaje uber,51.61,Transporte
8695,1958,compra libros de texto,631.37,Educacion
8696,2553,pago saldo refinanciado,242.12,Deudas
8697,849,expensas comunes,862.15,Vivienda
8698,963,medicamentos recetados,301.61,Salud
8699,1826,cuota universidad,198.5,Educacion
8700,2520,qbono internet fibertel,133.06,Servicios
8701,2571,pago de carga sube,26.76,Transporte
8702,2928,almacen san martin,208.25,Alimentacion
8703,2322,cuota jardin de infantes,599.51,Salud
8704,2102,factura gas metrogas,66.35,Servicios
8705,888,pago tarjeta de credito,961.88,Deudas
8706,745,cuota prestamo auto,814.0,Deudas
8707,2325,transferencia ahorro mensual,1187.67,Ahorros
8708,2931,supermercado coto,53.68,Alimentacion
8709,1442,impuestos municipales,180.63,Servicios
8710,2680,pago tarjeta de credito,647.15,Deudas
8711,1249,suscripcion spotify,127.55,Ocio
8712,2618,pintura habitacion,319.06,Vivienda
8713,176,abono telefonia movil,34.92,Servicios
8714,566,cuota prepaga osde,152.07,Salud
8715,2819,peaje autopista,66.08,Transporte
8716,1688,suscripcion netflix,76.07,Deudas
8717,1409,carga sube,76.58,Transporte
8718,262,comprq cafeteria,97.87,Ocio
8719,531,analisis de sangre,84.51,Salud
8720,1878,tqrjeta peaje autopista,17.13,Transporte
8721,1395,movimiento: pago de intereses,886.96,Deudas
8722,1707,servicio de plomeria,945.6,Vivienda
8723,2939,movimiento: expensas comunes,743.11,Vivienda
8724,1221,factura luz edesur,35.6,Servicios
8725,948,pago tarjeta de credito,330.73,Deudas
8726,585,comprq plazo fijo,1140.73,Ahorros
8727,2863,pago de intereses,907.75,Educacion
8728,1621,expensas del edificio,691.67,Vivienda
8729,2350,viaje uber,47.93,Transporte
8730,1156,tarjeta compra libros de texto,577.97,Educacion
8731,1752,factura luz edesur,34.38,Servicios
8732,2676,carga sube,12.69,Transporte
8733,2621,expensas comunes,623.5,Vivienda
8734,2577,suscripcion netflix,57.2,Ocio
8735,2082,pqgo tarjeta de credito,487.46,Deudas
8736,532,cerveceria artesanal,31.07,Ocio
8737,1232,suscripcion netflix,119.34,Ocio
8738,1994,suscripcion netflix,88.66,Ocio
8739,1698,reparacion de cerradura,742.53,Vivienda
8740,1546,cuota prepaga osde,238.66,Salud
8741,1438,pago de supermercado coto,363.3,Alimentacion
8742,371,carga sube,64.21,Transporte
8743,409,colectivo linea 60,14.12,Transporte
8744,1407,abono internet fibertel,140.77,Servicios
8745,1902,cerveceria artesanal,129.56,Ocio
8746,1471,pago saldo refinanciado,816.25,Deudas
8747,617,plazo fijo,358.59,Ahorros
8748,71,cuota universidad,306.28,Educacion
8749,84,cuota prepaga osde,156.16,Salud
8750,2257,expensas del edificio,799.79,Vivienda
8751,259,cuotq prestamo auto,931.35,Deudas
8752,1326,optica lentes,397.99,Ocio
8753,932,viaje uber,20.93,Transporte
8754,2330,factura luz edesur,178.38,Servicios
8755,394,pago de pintura habitacion,774.51,Vivienda
8756,2466,pago de intereses,807.3,Deudas
8757,1335,verduleria de la esquina,154.65,Vivienda
8758,2907,pqgo de intereses,754.36,Alimentacion
8759,1930,utiles escolares,740.66,Educacion
8760,1721,taxis de la ciudad,53.14,Deudas
8761,626,movimiento: verduleria de la esquina,166.82,Alimentacion
8762,1893,cerveceriq artesanal,92.35,Ocio
8763,1837,plazo fijo,272.94,Ahorros
8764,562,fondo comun dw inversion,498.87,Ahorros
8765,2880,plazo fijo,1204.72,Ahorros
8766,1794,reparacion de cerradura,722.47,Vivienda
8767,941,entradas recital,69.13,Ocio
8768,2110,cena restaurante,120.37,Ocio
8769,1166,cuota universidad,471.71,Educacion
8770,1866,movimiento: viaje cabify,40.8,Transporte
8771,2782,impuestos municipales,199.8,Servicios
8772,1892,almacen san martin,247.03,Alimentacion
8773,1640,suscripcion spotify,53.21,Ocio
8774,1551,matricula del colegio,527.81,Educacion
8775,782,taller de ingles,722.5,Educacion
8776,1695,pqgo saldo refinanciado,306.64,Deudas
8777,2587,fac compra dolares banco,1094.24,Ahorros
8778,597,abono telefonia movil,111.45,Servicios
8779,2057,pago tarjeta de credito,282.92,Deudas
8780,2324,carga sube,63.69,Vivienda
8781,2275,combustiblw ypf,24.07,Transporte
8782,2234,pago saldo refinanciado,746.1,Deudas
8783,2639,suscripcion netflix,62.97,Ocio
8784,2481,pqgo tarjeta de credito,800.95,Deudas
8785,2617,inversion en acciones,1487.58,Ahorros
8786,2704,fondo comun de inversion,930.4,Ahorros
8787,356,juegos de consola,26.75,Ahorros
8788,2891,pago tarjeta de credito,441.16,Deudas
8789,2041,combustible ypf,31.56,Transporte
8790,392,pago de intereses,211.37,Deudas
8791,579,consulta medica de control,78.86,Salud
8792,1641,supermercado coto,75.53,Deudas
8793,2468,factura gas metrogas,169.23,Servicios
8794,2009,supermercado coto,128.29,Alimentacion
8795,1724,fac almacen san martin,184.55,Ahorros
8796,164,compra supermercado dia,93.34,Alimentacion
8797,2827,reparacion electrica,802.46,Vivienda
8798,638,fac compra ferreteria,765.15,Vivienda
8799,2065,compra cafeteria,26.98,Ocio
8800,2494,optica lentes,206.17,Salud
8801,170,entrqdas recital,133.69,Ocio
8802,340,impuestos municipales,191.11,Servicios
8803,726,almacen san martin,184.7,Alimentacion
8804,1934,comprq cafeteria,95.38,Ocio
8805,1035,compra panaderia,326.56,Alimentacion
8806,1646,qbono internet fibertel,84.85,Servicios
8807,133,cuota jardin de infantes,184.72,Educacion
8808,2949,expensas comunes,965.35,Ocio
8809,2688,supermercado carrefour,215.35,Alimentacion
8810,823,compra dolares banco,251.66,Ahorros
8811,954,factura gas metrogas,163.29,Servicios
8812,2127,colectivo linea 60,48.66,Deudas
8813,346,pago de expensas comunes,895.05,Vivienda
8814,609,reparacion electrica,924.29,Vivienda
8815,639,cuota prestamo auto,351.43,Alimentacion
8816,1048,tqrjeta peaje autopista,73.94,Transporte
8817,1495,compra libros de texto,726.48,Educacion
8818,1225,pago tarjeta de credito,709.39,Deudas
8819,2179,juegos de consola,145.75,Ocio
8820,2404,pago alquiler mensual,939.57,Vivienda
8821,2992,cuota universidad,785.48,Educacion
8822,150,combustible ypf,64.08,Transporte
8823,1550,taller de ingles,299.73,Educacion
8824,1328,compra farmacia,212.58,Salud
8825,1565,dentistq limpieza,226.93,Salud
8826,50,pago de abono internet fibertel,163.83,Servicios
8827,2512,cuota prepaga osde,92.8,Salud
8828,1506,compra ferreteria,1122.84,Vivienda
8829,2503,servicio de agua aysa,159.78,Servicios
8830,335,cuota prepaga osde,195.26,Salud
8831,1376,peaje autopista,75.57,Transporte
8832,668,compra factura luz edesur,53.79,Servicios
8833,1673,curso de programacion,111.91,Educacion
8834,2375,supermercado coto,347.92,Alimentacion
8835,1016,pago de cuota prestamo banco,310.06,Deudas
8836,336,cuota prepaga osde,87.25,Salud
8837,666,factura luz edesur,184.28,Servicios
8838,81,salida al cine,66.16,Ocio
8839,2135,cenq restaurante,95.79,Ocio
8840,1800,pago de intereses,537.35,Deudas
8841,258,pinturq habitacion,737.4,Vivienda
8842,991,reparacion electrica,715.25,Vivienda
8843,185,estudios clinicos,214.85,Salud
8844,1716,carniceria central,398.4,Alimentacion
8845,2746,compra farmacia,333.5,Salud
8846,123,carniceria central,274.99,Alimentacion
8847,605,compra suscripcion spotify,65.08,Ocio
8848,2563,fac pago saldo refinanciado,499.95,Deudas
8849,904,cuota prepaga osde,361.29,Salud
8850,1538,expensas comunes,331.26,Vivienda
8851,1982,curso de programacion,155.67,Educacion
8852,1395,impuestos municipales,105.8,Servicios
8853,2353,pago de compra cafeteria,46.77,Ocio
8854,1309,viaje uber,53.69,Transporte
8855,2705,servicio de agua aysa,41.38,Servicios
8856,1866,pago saldo refinanciado,377.47,Alimentacion
8857,1942,tarjeta carniceria central,134.61,Alimentacion
8858,2310,cena restaurante,57.24,Ocio
8859,1598,plazo fijo,1173.18,Ahorros
8860,491,factura luz edesur,153.43,Servicios
8861,2786,curso de programacion,482.99,Ahorros
8862,1055,transferencia ahorro mensual,868.54,Ahorros
8863,702,taxis de la ciudad,71.13,Transporte
8864,2935,abono telefonia movil,166.97,Servicios
8865,1292,transferencia ahorro mensual,1279.52,Ahorros
8866,2060,combustible ypf,12.3,Transporte
8867,1215,pago de entradas recital,35.51,Ocio
8868,1424,inversion en qcciones,1136.0,Ahorros
8869,1561,medicamentos recetados,243.86,Salud
8870,1942,cuota prestamo banco,719.62,Deudas
8871,2139,cuota universidad,561.44,Educacion
8872,600,abono internet fibertel,116.26,Servicios
8873,1810,compra farmacia,239.64,Educacion
8874,2349,compra cuota prestamo auto,190.45,Deudas
8875,1135,combustible shell,12.83,Transporte
8876,80,cuota prestamo auto,852.17,Deudas
8877,836,colectivo linea 60,67.16,Transporte
8878,652,factura luz edesur,189.58,Servicios
8879,2481,carga sube,65.72,Transporte
8880,417,factura luz edesur,114.26,Servicios
8881,1471,compras fiambreria,134.41,Alimentacion
8882,2066,juegos de consola,66.85,Ocio
8883,1078,impuestos municipales,72.11,Servicios
8884,1904,reparacion electrica,354.64,Vivienda
8885,746,supermercado carrefour,266.46,Alimentacion
8886,2003,suscripcion netflix,117.83,Ocio
8887,240,servicio de plomeria,257.64,Vivienda
8888,2894,consulta medica de control,400.73,Salud
8889,1945,pintura habitacion,1139.62,Vivienda
8890,2466,entrqdas recital,114.16,Ocio
8891,856,taller de ingles,762.77,Educacion
8892,2647,viaje cabify,30.48,Transporte
8893,1797,taxis de la ciudad,55.52,Transporte
8894,1772,estudios clinicos,88.2,Salud
8895,420,juegos de consola,53.45,Ocio
8896,2264,supermercado carrefour,198.1,Alimentacion
8897,709,servicio de agua aysa,134.73,Servicios
8898,2599,pago de intereses,188.88,Deudas
8899,1668,impuestos municipales,133.86,Servicios
8900,1354,optica lentes,353.0,Ocio
8901,2036,fac suscripcion netflix,66.32,Deudas
8902,2881,expensas del edificio,513.1,Vivienda
8903,680,cuota universidad,702.84,Ahorros
8904,487,movimiento: estudios clinicos,106.87,Salud
8905,623,taller de ingles,330.93,Educacion
8906,1439,juegos de consola,53.72,Ocio
8907,219,fac pago tarjeta de credito,330.65,Deudas
8908,2769,entradas recital,100.98,Ocio
8909,2429,transferencia ahorro mensual,536.38,Salud
8910,2135,pago alquiler mensual,224.45,Vivienda
8911,1485,colectivo linea 60,19.13,Transporte
8912,2863,compra compra dolares banco,522.79,Ahorros
8913,2459,consulta medica de control,355.76,Salud
8914,691,factura gas metrogas,144.27,Servicios
8915,2030,expensas del edificio,497.21,Vivienda
8916,1013,verduleria y fruteria,286.49,Alimentacion
8917,2573,cuota prestamo auto,941.38,Deudas
8918,447,pago alquiler mensual,728.93,Vivienda
8919,2348,pago de suscripcion spotify,24.86,Transporte
8920,2456,abono telefonia movil,78.05,Servicios
8921,375,cuota prestamo banco,612.72,Salud
8922,2281,peaje autopista,48.32,Transporte
8923,1923,fondo comun dw inversion,256.75,Ahorros
8924,638,dentista limpieza,320.63,Salud
8925,1771,carniceria central,351.74,Alimentacion
8926,2698,carga sube,10.19,Transporte
8927,2234,pago de intereses,671.66,Deudas
8928,2126,cerveceria artesanal,118.28,Ocio
8929,1505,compras fiambreria,58.2,Alimentacion
8930,194,fondo comun de inversion,1292.08,Ahorros
8931,1400,impuestos municipales,115.37,Servicios
8932,2335,analisis de sangre,143.16,Salud
8933,1506,abono telefonia movil,30.02,Servicios
8934,1747,pago de entradas recital,20.32,Ocio
8935,250,qnalisis de sangre,429.21,Salud
8936,1225,tarjeta pago de intereses,338.41,Deudas
8937,536,tarjeta carniceria central,216.09,Alimentacion
8938,2348,cuota jardin de infantes,567.95,Educacion
8939,1107,cuota prestamo banco,336.18,Deudas
8940,2857,compra estudios clinicos,351.09,Salud
8941,458,cerveceria artesanal,132.1,Ocio
8942,2739,combustible shell,45.9,Transporte
8943,1388,compra plazo fijo,336.76,Ahorros
8944,2766,viqje cabify,33.76,Transporte
8945,40,curso de progrqmacion,191.62,Educacion
8946,1540,estudios clinicos,427.57,Salud
8947,2156,inversion en acciones,1004.53,Ahorros
8948,261,inversion en acciones,607.17,Ahorros
8949,1642,abono internet fibertel,170.28,Servicios
8950,1248,cuota jardin de infantes,236.35,Educacion
8951,2574,fac compra dolares banco,125.22,Ocio
8952,2758,factura luz edesur,85.17,Servicios
8953,126,movimiento: viaje cabify,71.45,Transporte
8954,1230,carniceria central,98.71,Alimentacion
8955,1307,expensas comunes,953.07,Vivienda
8956,2102,pago saldo refinanciado,883.71,Deudas
8957,2394,cena restaurante,39.08,Ocio
8958,136,combustible shell,18.44,Transporte
8959,2378,fac cuota universidad,483.81,Educacion
8960,1460,inversion en acciones,528.78,Ahorros
8961,136,suscripcion netflix,103.32,Ocio
8962,813,salida al cine,143.36,Ocio
8963,852,factura gas metrogas,171.21,Servicios
8964,1745,pago de curso de programacion,209.19,Educacion
8965,1939,compra farmacia,214.5,Salud
8966,871,consulta medica de control,298.41,Salud
8967,2940,matricula del colegio,427.92,Educacion
8968,1473,tarjeta expensas comunes,667.69,Vivienda
8969,635,cuota universidad,287.94,Educacion
8970,1652,compra dolares banco,1297.16,Ahorros
8971,669,matricula del colegio,165.32,Educacion
8972,1294,reparacion de cerradura,267.22,Vivienda
8973,269,pago alquiler mensual,1021.16,Vivienda
8974,861,verduleria y fruteria,79.99,Alimentacion
8975,482,pago alquiler mensual,1046.6,Vivienda
8976,1262,repqracion electrica,507.48,Vivienda
8977,2333,plqzo fijo,1162.34,Ahorros
8978,103,reparacion de cerradura,965.81,Alimentacion
8979,1454,impuestos municipales,65.27,Servicios
8980,792,supermercado coto,148.33,Alimentacion
8981,1678,factura luz edesur,184.54,Transporte
8982,239,carga sube,14.86,Transporte
8983,2789,cuota prestamo banco,872.92,Deudas
8984,2693,compra panaderia,228.18,Alimentacion
8985,1589,compra farmacia,340.98,Salud
8986,882,cuota prestamo banco,553.99,Deudas
8987,2655,pago tarjeta de credito,224.97,Deudas
8988,2236,compra libros de texto,676.9,Educacion
8989,888,mqtricula del colegio,464.79,Educacion
8990,1280,pago tarjeta de credito,691.97,Deudas
8991,924,pago de taller de ingles,762.88,Educacion
8992,794,compra transferencia ahorro mensual,832.84,Ahorros
8993,2578,compra supermercado dia,104.63,Alimentacion
8994,676,compra libros de texto,530.21,Educacion
8995,2440,optica lentes,152.61,Deudas
8996,1682,medicamentos recetados,488.02,Salud
8997,1492,viaje uber,42.47,Transporte
8998,1850,medicamentos recetados,478.49,Salud
8999,1277,movimiento: abono internet fibertel,178.19,Servicios
9000,672,cuota prestamo banco,718.36,Deudas
9001,2909,cuota prestamo banco,192.89,Deudas
9002,2514,fac pago tarjeta de credito,972.27,Deudas
9003,839,almacen san martin,371.51,Alimentacion
9004,1313,factura gas metrogas,131.1,Servicios
9005,1074,combustible ypf,13.9,Transporte
9006,4,pintura habitacion,328.34,Vivienda
9007,1655,taller de ingles,740.6,Educacion
9008,2900,carniceria central,216.32,Deudas
9009,1909,expensas comunes,927.63,Ocio
9010,1894,compra reparacion electrica,940.55,Vivienda
9011,1923,transferencia ahorro mensual,1253.98,Ahorros
9012,1286,inversion en acciones,1467.96,Ahorros
9013,535,compra compras fiambreria,208.01,Alimentacion
9014,2951,pago tarjeta de credito,189.33,Deudas
9015,1085,expensas comunes,588.61,Vivienda
9016,1380,movimiento: repqracion electrica,813.69,Deudas
9017,646,taller de ingles,394.17,Educacion
9018,24,carga sube,75.54,Transporte
9019,1317,verduleria y fruteria,313.07,Alimentacion
9020,557,cuota jardin de infantes,135.97,Deudas
9021,2739,abono internet fibertel,184.5,Servicios
9022,356,plazo fijo,1088.99,Ahorros
9023,2008,movimiento: peaje autopista,23.49,Transporte
9024,870,pago tarjeta de credito,650.23,Deudas
9025,2989,fqctura gas metrogas,65.63,Servicios
9026,575,viaje uber,52.03,Educacion
9027,29,tqller de ingles,337.97,Vivienda
9028,2405,fac impuestos municipales,67.82,Servicios
9029,365,cuota prepaga osde,339.12,Salud
9030,2656,peaje autopista,59.17,Transporte
9031,409,cena restaurante,143.07,Ocio
9032,1315,tarjeta suscripcion netflix,33.47,Ocio
9033,2615,repqracion de cerradura,1046.76,Vivienda
9034,1177,movimiento: compras fiambreria,214.96,Alimentacion
9035,219,utiles escolares,585.07,Educacion
9036,2221,supermercado carrefour,320.51,Alimentacion
9037,608,pago saldo refinanciado,684.4,Deudas
9038,1036,pqgo de viaje cabify,38.91,Transporte
9039,1540,inversion en acciones,1342.97,Ahorros
9040,858,plazo fijo,1004.54,Ahorros
9041,1603,compra farmacia,159.04,Salud
9042,2705,cena restaurante,45.54,Ocio
9043,969,compra dolares banco,137.26,Ahorros
9044,1501,abono telefonia movil,145.83,Servicios
9045,1106,expensas comunes,1071.15,Vivienda
9046,1641,pago de optica lentes,287.27,Salud
9047,1717,colectivo linea 60,79.53,Transporte
9048,2489,verduleria de la esquina,270.77,Alimentacion
9049,617,almacen san martin,122.94,Alimentacion
9050,226,pintura habitacion,1121.07,Vivienda
9051,2419,expensas del edificio,1097.5,Vivienda
9052,28,fondo comun de inversion,456.98,Ahorros
9053,995,fac supermercado coto,121.26,Alimentacion
9054,16,expensas comunes,358.89,Vivienda
9055,333,medicamentos recetados,465.62,Salud
9056,483,plazo fijo,1022.62,Ahorros
9057,566,compra libros de texto,335.92,Educacion
9058,2162,fondo comun de inversion,1292.99,Ahorros
9059,2086,entradas recital,107.88,Ocio
9060,454,compra inversion en acciones,1340.19,Ahorros
9061,2790,compra supermercado dia,73.08,Servicios
9062,166,pintura habitacion,410.62,Vivienda
9063,2742,compra ferreteria,1070.63,Vivienda
9064,2253,suscripcion netflix,139.11,Ocio
9065,878,compra supermercado dia,159.73,Alimentacion
9066,245,taller de ingles,366.57,Alimentacion
9067,1895,estudios clinicos,465.66,Salud
9068,1357,movimiento: verduleriq y fruteria,234.64,Alimentacion
9069,943,entradas recital,63.16,Servicios
9070,2869,estudios clinicos,338.24,Salud
9071,2555,pintura habitacion,580.13,Vivienda
9072,1953,fac compra dolares banco,1237.04,Ahorros
9073,2972,compra combustible ypf,20.29,Transporte
9074,1283,supermercado carrefour,106.91,Alimentacion
9075,1746,cerveceria artesanal,118.98,Ocio
9076,410,compra supermercado dia,396.56,Alimentacion
9077,2358,almacen san martin,209.73,Deudas
9078,2116,abono internet fibertel,89.33,Servicios
9079,2162,viaje cabify,19.49,Transporte
9080,2268,expensas del edificio,564.65,Vivienda
9081,2268,pintura habitacion,372.0,Vivienda
9082,1497,taxis de la ciudad,33.38,Transporte
9083,2778,compra cafeteria,75.47,Ocio
9084,2797,viqje cabify,22.95,Transporte
9085,2991,movimiento: cuotq prestamo banco,986.34,Salud
9086,386,reparacion de cerradura,468.3,Vivienda
9087,930,almacen san martin,77.34,Alimentacion
9088,405,pqgo de impuestos municipales,145.02,Servicios
9089,492,suscripcion spotify,99.41,Ocio
9090,357,pago de entradas recital,24.32,Ocio
9091,215,analisis de sangre,104.76,Salud
9092,1404,factura luz edesur,96.33,Servicios
9093,752,suscripcion netflix,44.26,Ocio
9094,827,tarjeta inversion en acciones,1227.26,Ahorros
9095,1238,estudios clinicos,475.96,Salud
9096,1122,movimiento: dentista limpieza,496.68,Salud
9097,2576,reparacion de cerradura,427.09,Vivienda
9098,2964,analisis de sangre,459.79,Salud
9099,666,reparacion de cerradura,1166.46,Vivienda
9100,2758,entradas recital,119.53,Ocio
9101,2029,cqrniceria central,79.16,Alimentacion
9102,2583,taxis de la ciudad,59.29,Transporte
9103,554,pago de cerveceria artesanal,97.16,Ocio
9104,1573,compra compra cafeteria,41.8,Ocio
9105,328,verduleria y fruteria,239.57,Deudas
9106,2950,juegos de consola,55.74,Ocio
9107,1189,compra dolares banco,295.54,Ahorros
9108,150,pago de intereses,600.74,Deudas
9109,1056,curso de progrqmacion,308.98,Educacion
9110,657,reparacion de cerradura,1029.5,Vivienda
9111,2854,cenq restaurante,113.75,Ocio
9112,1937,utiles escolares,284.25,Educacion
9113,293,salida al cine,94.19,Ocio
9114,2967,consulta medica de control,354.16,Salud
9115,2737,servicio de agua aysa,88.21,Servicios
9116,957,pago de intereses,685.54,Deudas
9117,1085,matricula del colegio,202.57,Educacion
9118,1613,compra libros de texto,736.76,Educacion
9119,416,pintura habitacion,402.24,Ocio
9120,2646,cuota jardin de infantes,706.86,Educacion
9121,2055,cuotq prestamo banco,274.88,Deudas
9122,918,taller de ingles,486.94,Educacion
9123,85,compra fondo comun de inversion,873.74,Ahorros
9124,2822,compra panaderia,385.09,Alimentacion
9125,957,fqc servicio de agua aysa,150.95,Servicios
9126,1422,cuota jardin de infantes,497.09,Educacion
9127,1936,expensas comunes,607.8,Vivienda
9128,1795,estudios clinicos,65.72,Salud
9129,1417,factura gas metrogas,176.9,Servicios
9130,1071,taxis de la ciudad,21.03,Transporte
9131,1522,cuota jardin de infantes,375.22,Educacion
9132,2654,colectivo linea 60,76.54,Transporte
9133,1502,pago de impuestos municipales,182.65,Servicios
9134,2474,cerveceria artesanal,97.65,Ocio
9135,2474,abono internet fibertel,69.9,Salud
9136,736,compra plazo fijo,160.3,Ahorros
9137,2839,viaje uber,57.65,Transporte
9138,2563,inversion en acciones,1235.75,Ahorros
9139,1153,qbono internet fibertel,177.44,Servicios
9140,1273,pago de viaje cabify,13.05,Transporte
9141,741,peaje autopista,11.4,Transporte
9142,1863,servicio de plomeria,579.29,Vivienda
9143,131,colectivo linea 60,70.31,Transporte
9144,1764,compra supermercado dia,379.49,Alimentacion
9145,1713,entrqdas recital,31.02,Ocio
9146,323,cuota jardin de infantes,312.64,Educacion
9147,823,analisis de sangre,298.17,Salud
9148,543,verduleria de la esquina,213.86,Ocio
9149,2114,compra dolares banco,551.49,Ahorros
9150,2766,pago de intereses,764.24,Deudas
9151,1856,salida al cine,60.03,Ocio
9152,2079,juegos de consola,41.54,Ocio
9153,885,tarjeta pago alquiler mensual,328.06,Vivienda
9154,191,carga sube,41.33,Transporte
9155,415,servicio de plomeria,424.45,Vivienda
9156,1839,peaje autopista,68.62,Transporte
9157,2795,factura gas metrogas,121.17,Servicios
9158,1814,compra dolares banco,1140.08,Ahorros
9159,1761,peaje autopista,61.76,Transporte
9160,1070,transferencia ahorro mensual,766.17,Ocio
9161,1722,compra dolares banco,368.93,Ahorros
9162,375,pago de intereses,198.53,Vivienda
9163,558,supermercado coto,178.6,Alimentacion
9164,1281,utiles escolares,462.28,Educacion
9165,1945,servicio de plomeria,805.66,Vivienda
9166,1597,movimiento: fqctura gas metrogas,111.54,Servicios
9167,1129,cuota prestamo auto,855.71,Deudas
9168,1361,cuota prestamo banco,186.69,Deudas
9169,1325,fac viaje cabify,39.23,Transporte
9170,1101,optica lentes,487.43,Salud
9171,1535,abono telefonia movil,71.66,Servicios
9172,1254,servicio de plomeria,651.41,Vivienda
9173,1703,juegos de consola,30.18,Ocio
9174,2626,cuota prestamo banco,432.62,Deudas
9175,32,cuotq prestamo auto,326.22,Deudas
9176,1632,impuestos municipales,50.02,Servicios
9177,58,tarjeta taxis de la ciudad,48.18,Transporte
9178,1128,combustible shell,25.02,Transporte
9179,312,cuota prepaga osde,489.78,Salud
9180,1753,pago alquiler mensual,817.66,Vivienda
9181,2002,verduleria de la esquina,318.17,Alimentacion
9182,2738,curso de programacion,198.26,Educacion
9183,1398,factura gas metrogas,91.6,Servicios
9184,1783,taller de ingles,238.04,Educacion
9185,2283,tarjeta servicio de agua aysa,181.75,Educacion
9186,2691,curso de progrqmacion,519.07,Educacion
9187,1413,pqgo de cuota prestamo auto,485.84,Deudas
9188,1432,impuestos municipales,111.66,Servicios
9189,802,verduleria de la esquina,347.06,Educacion
9190,239,compra panaderia,390.34,Alimentacion
9191,1776,cuota universidad,164.27,Educacion
9192,1319,carga sube,47.98,Transporte
9193,112,plazo fijo,295.0,Ahorros
9194,2524,colectivo lineq 60,11.91,Transporte
9195,2352,transferencia ahorro mensual,1337.42,Ahorros
9196,1329,carga sube,26.62,Transporte
9197,290,compra ferreteria,1185.08,Vivienda
9198,2256,dentistq limpieza,340.14,Salud
9199,2916,salida al cine,81.59,Ocio
9200,1810,expensas del edificio,738.32,Vivienda
9201,582,comprq compra dolares banco,760.02,Ahorros
9202,370,tarjeta transferencia ahorro mensual,1425.79,Ahorros
9203,220,transferencia ahorro mensual,666.42,Ahorros
9204,2850,medicamentos recetados,446.26,Salud
9205,2867,consulta medica de control,261.38,Salud
9206,1897,servicio de plomeria,653.12,Vivienda
9207,349,fondo comun de inversion,847.87,Ahorros
9208,2303,cena restaurante,143.75,Ocio
9209,452,tarjeta transferencia ahorro mensual,1137.25,Ahorros
9210,2190,pago saldo refinanciado,578.3,Deudas
9211,89,factura luz edesur,144.93,Servicios
9212,871,compra utiles escolares,202.77,Educacion
9213,1160,inversion en acciones,1180.49,Ahorros
9214,2043,compra pago alquiler mensual,446.59,Vivienda
9215,1875,expensas comunes,708.79,Vivienda
9216,523,tqrjeta pago saldo refinanciado,832.95,Deudas
9217,2708,expensas comunes,869.31,Vivienda
9218,2999,servicio de agua aysa,160.92,Servicios
9219,910,compra ferreteria,428.26,Vivienda
9220,442,verduleria de la esquina,201.75,Alimentacion
9221,38,compra dolares banco,637.31,Ahorros
9222,1881,comprq reparacion electrica,258.82,Vivienda
9223,210,compra farmacia,178.83,Salud
9224,2561,compra farmacia,309.62,Salud
9225,1601,movimiento: transferencia ahorro mensual,333.21,Ahorros
9226,981,cuota prestamo auto,387.15,Deudas
9227,381,fac servicio de agua aysa,115.15,Servicios
9228,2876,abono telefonia movil,59.97,Servicios
9229,1561,movimiento: servicio de plomeria,331.21,Vivienda
9230,2907,cuota prepaga osde,68.87,Ocio
9231,394,servicio de plomeria,634.99,Vivienda
9232,1074,suscripcion spotify,127.99,Ocio
9233,396,expensas comunes,723.12,Vivienda
9234,1777,pintura habitacion,358.77,Vivienda
9235,2080,compra viaje cabify,75.68,Transporte
9236,545,factura gas metrogas,85.66,Servicios
9237,2760,entradas recital,141.43,Ocio
9238,1085,colectivo linea 60,75.29,Transporte
9239,553,compra libros de texto,228.86,Educacion
9240,1465,entradas recital,81.93,Ocio
9241,1154,cuota jardin de infantes,341.91,Educacion
9242,1378,servicio de plomeria,582.53,Vivienda
9243,2246,plazo fijo,1018.14,Ahorros
9244,2847,dentista limpieza,379.9,Salud
9245,1687,tarjeta combustible ypf,74.29,Transporte
9246,1740,compra inversion en acciones,220.89,Ahorros
9247,694,compra pago saldo refinanciado,185.98,Deudas
9248,2195,comprq dolares banco,917.76,Ahorros
9249,1740,optica lentes,325.16,Salud
9250,498,compra supermercado dia,284.9,Salud
9251,2096,fac compra supermercado dia,311.37,Alimentacion
9252,2818,estudios clinicos,379.11,Salud
9253,2699,expensas comunes,1060.71,Vivienda
9254,1196,combustiblw shell,34.75,Transporte
9255,613,pago saldo refinanciado,218.78,Deudas
9256,2747,optica lentes,54.19,Salud
9257,1339,pintura habitacion,432.73,Vivienda
9258,376,cena restaurante,142.18,Ocio
9259,806,juegos de consola,140.13,Ocio
9260,921,taxis de la ciudad,19.67,Transporte
9261,875,juegos de consola,131.95,Ocio
9262,2858,compra ferreteria,904.67,Vivienda
9263,1444,fac matricula del colegio,324.61,Educacion
9264,2953,impuestos municipales,182.16,Servicios
9265,1420,impuestos municipales,80.21,Servicios
9266,1546,salida al cine,97.0,Ocio
9267,1211,compra entradas recital,30.62,Ocio
9268,1006,suscripcion netflix,75.2,Ocio
9269,2081,servicio de plomeria,637.06,Vivienda
9270,2117,movimiento: compra farmacia,75.66,Salud
9271,592,compra supermercado dia,248.71,Alimentacion
9272,1215,optica lentes,214.86,Transporte
9273,2149,dentista limpieza,223.87,Salud
9274,1509,transferencia ahorro mensual,423.2,Ahorros
9275,1309,analisis de sangre,470.1,Salud
9276,914,pqgo saldo refinanciado,578.74,Deudas
9277,2781,compra cuota prestamo banco,442.33,Deudas
9278,390,wstudios clinicos,75.35,Salud
9279,160,juegos de consola,93.03,Ocio
9280,892,pago tarjeta de credito,975.56,Deudas
9281,1071,cuota prestamo auto,365.93,Alimentacion
9282,1470,fac compra dolares banco,813.98,Ahorros
9283,696,transferencia ahorro mensual,931.96,Ahorros
9284,758,pago saldo refinanciado,920.03,Deudas
9285,2571,servicio de agua aysa,87.94,Servicios
9286,2780,optica lentes,205.15,Salud
9287,2203,servicio de agua aysa,151.81,Servicios
9288,339,expensas comunes,952.63,Vivienda
9289,1977,taxis de la ciudad,64.01,Transporte
9290,795,cuota prestamo auto,874.91,Deudas
9291,1723,pago de taxis de la ciudad,54.15,Alimentacion
9292,1598,compra supermercado dia,243.47,Alimentacion
9293,899,comprq libros de texto,617.26,Educacion
9294,1168,transferencia ahorro mensual,1408.61,Ahorros
9295,103,utiles escolares,196.62,Educacion
9296,2860,movimiento: combustible shell,12.89,Transporte
9297,93,compra ferreteria,835.7,Vivienda
9298,975,fac pago saldo refinanciado,592.95,Deudas
9299,1448,servicio de agua aysa,169.53,Servicios
9300,119,cuota jardin de infantes,518.71,Educacion
9301,2033,reparacion electrica,1099.8,Vivienda
9302,2077,cuota jardin de infantes,265.79,Educacion
9303,1535,factura luz edesur,91.44,Servicios
9304,2920,utiles escolares,724.8,Deudas
9305,1390,movimiento: cuota prestamo auto,746.37,Deudas
9306,2848,factura luz edesur,181.8,Servicios
9307,475,factura gas metrogas,36.86,Servicios
9308,2611,trqnsferencia ahorro mensual,169.41,Ahorros
9309,435,pago saldo refinanciado,602.12,Deudas
9310,2852,pago tarjeta de credito,938.61,Deudas
9311,1258,juegos de consolq,21.29,Ocio
9312,55,abono internet fibertel,197.36,Servicios
9313,931,pago de intereses,710.62,Deudas
9314,1316,curso de programacion,548.67,Educacion
9315,2800,peaje autopista,22.17,Transporte
9316,312,impuestos municipqles,82.22,Servicios
9317,1572,movimiento: medicamentos recetados,434.48,Salud
9318,957,pago de intereses,298.63,Deudas
9319,2366,juegos de consola,22.6,Ocio
9320,1901,compra compra ferreteria,671.39,Vivienda
9321,757,fac viaje uber,71.76,Transporte
9322,2513,abono internet fibertel,64.26,Servicios
9323,1433,almacen san martin,218.31,Alimentacion
9324,1264,abono telefonia movil,81.32,Servicios
9325,1856,factura luz edesur,172.37,Servicios
9326,2748,analisis de sangre,236.17,Salud
9327,2783,pago alquiler mensual,960.5,Vivienda
9328,1094,reparacion electrica,375.16,Vivienda
9329,2787,compra ferreteria,652.76,Vivienda
9330,2816,transferencia ahorro mensual,1160.64,Ahorros
9331,744,cena restaurante,20.98,Ocio
9332,2324,fondo comun de inversion,904.42,Ahorros
9333,233,pago alquiler mensual,381.27,Vivienda
9334,2102,impuestos municipales,182.0,Servicios
9335,257,plazo fijo,744.23,Ahorros
9336,2029,medicamentos recetados,296.35,Salud
9337,2138,analisis de sangre,95.99,Salud
9338,1762,juegos de consolq,45.09,Ocio
9339,1930,cuota prestamo banco,278.11,Deudas
9340,1459,verduleria y fruteria,138.77,Alimentacion
9341,1649,expensas del edificio,949.13,Vivienda
9342,408,fac pago tarjeta de credito,953.23,Deudas
9343,1693,salida al cine,120.61,Ocio
9344,1978,viaje uber,54.59,Transporte
9345,2414,cuota prestamo banco,564.51,Deudas
9346,2399,supermercado carrefour,175.05,Alimentacion
9347,1323,verduleria y fruteria,381.13,Alimentacion
9348,1930,abono internet fibertel,90.27,Servicios
9349,1183,cuota prepaga osde,207.64,Salud
9350,2535,tarjeta cuota prestamo auto,709.04,Deudas
9351,842,transferencia ahorro mensual,788.46,Ahorros
9352,984,cuota prestamo banco,522.39,Deudas
9353,1761,tqrjeta compra panaderia,109.02,Alimentacion
9354,1379,carniceria central,386.27,Alimentacion
9355,621,entrqdas recital,127.65,Ocio
9356,930,verduleria y fruteria,144.89,Alimentacion
9357,2449,pqgo tarjeta de credito,492.7,Deudas
9358,1731,salida al cine,24.52,Ocio
9359,2618,matricula del colegio,714.9,Educacion
9360,975,movimiento: suscripcion spotify,99.98,Ocio
9361,392,servicio de plomeriq,1092.12,Vivienda
9362,352,supermercqdo carrefour,364.74,Alimentacion
9363,2854,abono internet fibertel,55.95,Servicios
9364,1690,plqzo fijo,995.92,Educacion
9365,576,reparacion de cerradura,949.67,Vivienda
9366,1694,expensas del edificio,1042.35,Deudas
9367,2825,transferencia ahorro mensual,275.0,Ahorros
9368,2681,servicio de plomeria,1187.1,Vivienda
9369,1312,repqracion de cerradura,831.16,Vivienda
9370,523,pago de intereses,159.32,Deudas
9371,726,servicio de plomeria,284.75,Vivienda
9372,162,plazo fijo,450.74,Ahorros
9373,1938,cuota prestamo banco,998.13,Deudas
9374,659,utiles escolares,512.27,Educacion
9375,2898,transferencia ahorro mensual,576.59,Ahorros
9376,1573,pago saldo refinanciado,231.57,Servicios
9377,2130,reparacion de cerradura,569.24,Vivienda
9378,524,reparacion electrica,480.96,Vivienda
9379,4,compras fiambreria,222.95,Alimentacion
9380,2543,compra ferreteria,819.81,Vivienda
9381,1579,cuota prestamo auto,644.2,Deudas
9382,1075,utiles escolares,344.5,Educacion
9383,1285,salida al cine,61.97,Ocio
9384,1623,expensas comunes,350.5,Servicios
9385,2616,taller de ingles,201.0,Educacion
9386,878,pago saldo refinanciado,352.5,Deudas
9387,1092,inversion en acciones,549.82,Ahorros
9388,2912,analisis de sangre,465.95,Salud
9389,1167,expensas comunes,392.39,Vivienda
9390,1578,compra panaderia,305.99,Alimentacion
9391,1675,cuota jardin de infantes,336.59,Educacion
9392,1609,expensas del edificio,833.19,Salud
9393,2827,entradas recital,52.66,Ocio
9394,1218,entradas recital,108.96,Ocio
9395,1691,compra cafeteria,103.3,Ocio
9396,314,consulta medica de control,305.28,Salud
9397,730,impuestos municipales,185.71,Ocio
9398,384,estudios clinicos,491.01,Salud
9399,1789,compra cafeteria,58.13,Ocio
9400,1813,compras fiambreria,165.32,Alimentacion
9401,2325,pago de intereses,575.3,Deudas
9402,1096,factura gas metrogas,174.51,Servicios
9403,1153,inversion en acciones,733.85,Ahorros
9404,2746,analisis de sangre,203.11,Salud
9405,1549,pago de intereses,222.87,Deudas
9406,1865,carga sube,72.43,Transporte
9407,751,plazo fijo,554.11,Ahorros
9408,983,compra supermercado dia,68.62,Alimentacion
9409,2672,servicio de agua aysa,85.1,Servicios
9410,228,movimiento: supermercado coto,362.78,Alimentacion
9411,2044,suscripcion spotify,35.17,Ocio
9412,1978,compra panaderia,141.24,Alimentacion
9413,2065,tarjeta reparacion de cerradura,739.92,Vivienda
9414,1609,impuestos municipqles,48.95,Servicios
9415,12,taxis de la ciudad,30.98,Transporte
9416,1523,fac dentista limpieza,321.15,Salud
9417,692,expensas del edificio,900.58,Vivienda
9418,1740,fac entradas recital,80.67,Ocio
9419,1526,trqnsferencia ahorro mensual,212.59,Ahorros
9420,70,servicio de plomeria,771.39,Vivienda
9421,2156,cerveceria artesanal,47.35,Ocio
9422,2249,abono internet fibertel,127.86,Servicios
9423,1573,movimiento: compra ferreteria,584.37,Vivienda
9424,629,movimiento: suscripcion netflix,115.68,Ocio
9425,1288,estudios clinicos,199.54,Salud
9426,906,utiles escolares,503.57,Educacion
9427,2351,servicio de plomeria,931.3,Vivienda
9428,2985,fqctura luz edesur,44.42,Servicios
9429,576,juegos de consola,131.98,Ocio
9430,2603,tarjeta impuestos municipales,137.84,Servicios
9431,2173,pago de juegos de consola,144.79,Ocio
9432,2021,colectivo linea 60,62.92,Transporte
9433,859,impuestos municipales,163.16,Servicios
9434,745,cuotq prestamo banco,235.64,Deudas
9435,2528,abono telefonia movil,118.81,Servicios
9436,2180,movimiento: expensas comunes,956.84,Vivienda
9437,115,repqracion de cerradura,526.0,Vivienda
9438,481,cuota universidad,227.59,Educacion
9439,981,fondo comun de inversion,597.44,Ahorros
9440,1025,tarjeta matricula del colegio,406.63,Educacion
9441,2379,taxis de la ciudad,68.18,Transporte
9442,1601,cuota universidad,446.47,Educacion
9443,942,compra farmacia,497.94,Salud
9444,955,pqgo saldo refinanciado,497.17,Deudas
9445,1661,viaje cabify,11.39,Transporte
9446,768,compra ferreteria,1184.57,Vivienda
9447,2439,compra libros de texto,519.05,Ocio
9448,834,reparacion de cerradura,1150.66,Vivienda
9449,2191,utiles escolares,304.1,Educacion
9450,2376,pintura habitacion,925.98,Vivienda
9451,1782,comprq analisis de sangre,61.87,Ocio
9452,628,compra panaderia,324.52,Alimentacion
9453,377,reparacion electrica,763.83,Vivienda
9454,90,compra plazo fijo,245.92,Ahorros
9455,2856,tarjeta almacen san martin,214.37,Alimentacion
9456,1021,abono telefonia movil,39.8,Servicios
9457,1066,cuota prepaga osde,462.45,Salud
9458,1971,cuotq prestamo banco,982.43,Salud
9459,1059,juegos de consola,76.6,Ocio
9460,1518,almacen san martin,79.13,Alimentacion
9461,2601,cuota universidad,768.77,Educacion
9462,124,compra cuota prestamo auto,974.9,Deudas
9463,2105,fac optica lentes,186.88,Salud
9464,2854,reparacion electrica,321.32,Ahorros
9465,1480,factura gas metrogas,136.42,Educacion
9466,2283,cerveceria artesanal,28.14,Ocio
9467,2656,factura gas metrogas,52.59,Servicios
9468,2440,compra dolares banco,763.89,Ahorros
9469,1516,compra transferencia ahorro mensual,825.32,Ahorros
9470,1855,viaje uber,55.43,Transporte
9471,1367,comprq farmacia,428.45,Educacion
9472,52,pago alquiler mensual,661.46,Vivienda
9473,1574,entradas recital,23.9,Ocio
9474,1502,compra libros de texto,607.89,Educacion
9475,2537,tarjeta suscripcion spotify,70.85,Ocio
9476,2053,pago saldo refinanciado,390.72,Deudas
9477,632,viaje cabify,53.33,Transporte
9478,1862,cena restaurante,57.26,Ocio
9479,1233,inversion en acciones,391.08,Ahorros
9480,2265,taller de ingles,596.59,Alimentacion
9481,2048,verduleria y fruteria,67.2,Alimentacion
9482,536,pago de intereses,517.6,Deudas
9483,2786,reparacion electrica,1026.69,Vivienda
9484,730,pago tarjeta de credito,773.16,Deudas
9485,1276,comprq ferreteria,712.77,Vivienda
9486,2051,cuotq prestamo auto,949.06,Deudas
9487,1026,compra fondo comun de inversion,429.59,Vivienda
9488,2198,utiles escolares,691.75,Educacion
9489,2052,matricula del colegio,530.8,Educacion
9490,1521,peaje autopista,24.13,Transporte
9491,1895,plazo fijo,1011.11,Ahorros
9492,468,fac expensas del edificio,786.22,Alimentacion
9493,2118,medicamentos recetados,232.31,Salud
9494,201,viaje uber,13.3,Transporte
9495,308,movimiento: consulta medica de control,110.41,Salud
9496,2046,movimiento: expensas del edificio,872.14,Vivienda
9497,922,fondo comun de inversion,1453.68,Ahorros
9498,2340,cena restaurante,113.98,Ocio
9499,2972,curso de programacion,479.12,Educacion
9500,883,plazo fijo,551.93,Ahorros
9501,586,cuota prestamo auto,668.25,Alimentacion
9502,1721,suscripcion spotify,106.79,Ocio
9503,509,medicamentos recetados,255.24,Salud
9504,5,factura gas metrogas,190.49,Servicios
9505,2341,suscripcion spotify,65.6,Ocio
9506,360,pago de intereses,602.51,Deudas
9507,214,tarjeta cena restaurante,54.87,Ocio
9508,1460,pago alquiler mensual,1118.02,Servicios
9509,563,factura luz edesur,173.79,Servicios
9510,2813,factura gas metrogas,101.78,Servicios
9511,45,cuotq prestamo auto,353.62,Deudas
9512,2751,combustible shell,59.5,Transporte
9513,634,suscripcion netflix,79.28,Ocio
9514,1436,cuota prepaga osde,273.49,Salud
9515,1211,fac pago saldo refinanciado,745.62,Deudas
9516,1750,tarjeta compra ferreteria,224.73,Vivienda
9517,2709,reparacion de cerradura,1041.21,Educacion
9518,2769,tarjeta combustible ypf,26.5,Transporte
9519,594,entradas recital,110.87,Ocio
9520,1425,tqrjeta cena restaurante,131.19,Ocio
9521,2294,movimiento: almacen san martin,102.85,Alimentacion
9522,1927,cuota prestamo auto,502.87,Deudas
9523,857,optica lentes,478.24,Salud
9524,1893,compra panaderia,80.89,Alimentacion
9525,552,almacen san martin,233.79,Alimentacion
9526,43,verduleria de la esquina,251.97,Deudas
9527,2889,utiles escolares,372.87,Educacion
9528,179,taller de ingles,323.88,Educacion
9529,1481,supermercado carrefour,121.38,Alimentacion
9530,2583,cuota universidad,100.96,Educacion
9531,607,servicio de agua aysa,190.31,Servicios
9532,672,matricula del colegio,661.34,Educacion
9533,927,compra dolares banco,939.08,Ahorros
9534,17,pintura habitacion,278.81,Vivienda
9535,1136,plazo fijo,851.32,Ahorros
9536,1639,pago saldo refinanciado,840.13,Deudas
9537,2874,compras fiambreria,99.83,Alimentacion
9538,2595,reparacion de cerradura,734.45,Vivienda
9539,1054,compra factura gas metrogas,51.47,Servicios
9540,1216,compra supermercado dia,226.03,Alimentacion
9541,2485,cuota prestamo auto,992.72,Deudas
9542,2227,compra peaje autopista,13.0,Transporte
9543,616,pago de intereses,870.67,Deudas
9544,2725,expensas comunes,847.2,Vivienda
9545,2682,pago tarjeta de credito,238.2,Deudas
9546,2850,compra supermercado dia,163.34,Vivienda
9547,312,cuota jardin de infantes,176.96,Educacion
9548,2073,compra dolares banco,394.23,Ahorros
9549,2419,abono internet fibertel,153.62,Servicios
9550,525,compra farmacia,460.49,Salud
9551,2278,pago alquiler mensual,1094.79,Vivienda
9552,1474,factura luz edesur,144.8,Servicios
9553,2426,entradas recital,70.85,Ocio
9554,888,expensas del edificio,605.19,Vivienda
9555,1925,optica lentes,487.84,Salud
9556,2008,combustible shell,55.21,Transporte
9557,462,inversion en acciones,1392.88,Ahorros
9558,2413,medicamentos recetados,391.84,Salud
9559,2152,factura luz edesur,157.31,Servicios
9560,428,verduleria y fruteria,238.78,Ahorros
9561,469,tarjeta cuota prestamo auto,818.15,Deudas
9562,1015,pqgo de compra panaderia,81.22,Vivienda
9563,1605,peaje autopista,32.63,Transporte
9564,870,compras fiambreria,112.52,Alimentacion
9565,2818,reparacion de cerradura,862.75,Vivienda
9566,2728,carga sube,21.78,Transporte
9567,2853,compra compra panaderia,110.8,Alimentacion
9568,886,compra panaderia,50.25,Alimentacion
9569,2609,pago de taxis de la ciudad,64.9,Transporte
9570,1274,cena restaurante,149.38,Transporte
9571,331,carga sube,26.27,Transporte
9572,1956,combustible ypf,14.05,Transporte
9573,587,pago tarjeta de credito,246.14,Deudas
9574,201,matricula del colegio,137.41,Educacion
9575,454,cuota prestamo banco,686.05,Deudas
9576,826,pago de intereses,332.27,Deudas
9577,111,carga sube,58.91,Transporte
9578,2912,abono internet fibertel,107.5,Servicios
9579,908,fondo comun de inversion,880.8,Ahorros
9580,1773,cuota prestamo auto,715.49,Deudas
9581,1568,inversion en acciones,1434.33,Ahorros
9582,1233,pago tarjeta de credito,881.72,Deudas
9583,2081,pago alquiler mensual,718.37,Vivienda
9584,555,servicio de agua aysa,40.6,Servicios
9585,1904,plazo fijo,861.55,Ahorros
9586,107,plazo fijo,855.28,Ahorros
9587,2274,expensqs del edificio,475.15,Vivienda
9588,2535,abono telefonia movil,55.67,Servicios
9589,2227,salida al cine,114.91,Salud
9590,1394,medicamentos recetados,95.98,Salud
9591,2685,entradas recital,25.24,Ocio
9592,2836,pqgo de intereses,180.87,Deudas
9593,167,cqrga sube,29.18,Transporte
9594,2711,estudios clinicos,196.91,Ahorros
9595,2348,pqgo de intereses,861.33,Deudas
9596,1405,pago alquiler mensual,893.28,Vivienda
9597,2083,reparacion electrica,592.69,Salud
9598,2455,combustible shell,65.78,Transporte
9599,1526,compra supermercado carrefour,142.1,Alimentacion
9600,314,impuestos municipales,42.42,Servicios
9601,816,expensas del edificio,1090.65,Vivienda
9602,743,cerveceria artesanal,93.75,Ocio
9603,2775,compra cuota prestamo auto,604.6,Deudas
9604,826,factura gas metrogas,102.15,Servicios
9605,1125,pago de servicio de agua aysa,120.78,Servicios
9606,569,pago de entradas recital,106.13,Ocio
9607,1239,servicio de plomeria,587.62,Alimentacion
9608,1959,servicio de plomeria,854.78,Vivienda
9609,2624,compra dolares banco,583.78,Ahorros
9610,2110,taller de ingles,605.78,Educacion
9611,369,inversion en acciones,1217.09,Ahorros
9612,1392,fondo comun de inversion,1227.07,Ahorros
9613,94,pago de reparacion de cerradura,1074.95,Vivienda
9614,1459,combustible shell,74.45,Transporte
9615,2098,viaje cabify,77.5,Transporte
9616,2931,fondo comun de inversion,869.09,Ahorros
9617,764,fondo comun de inversion,881.53,Transporte
9618,2084,movimiento: dentista limpieza,476.69,Salud
9619,1434,movimiento: matricula del colegio,237.78,Educacion
9620,2148,cuota jardin de infantes,739.55,Educacion
9621,329,viaje cabify,15.34,Transporte
9622,706,carga sube,77.47,Transporte
9623,221,compra compra panaderia,391.98,Alimentacion
9624,1815,viaje cabify,44.31,Transporte
9625,1862,servicio de agua aysa,193.75,Servicios
9626,2615,carniceria central,94.43,Deudas
9627,996,compras fiambreria,151.32,Alimentacion
9628,1022,pago de fondo comun de inversion,975.78,Ahorros
9629,110,compra carga sube,77.66,Transporte
9630,149,compra ferreteria,288.65,Vivienda
9631,2454,optica lentes,236.29,Salud
9632,699,compra ferreteria,631.89,Vivienda
9633,1434,servicio de agua aysa,165.83,Servicios
9634,108,combustible shell,68.08,Transporte
9635,389,taxis de la ciudad,11.89,Transporte
9636,425,inversion en acciones,1250.4,Ahorros
9637,2495,entradas recital,31.89,Ocio
9638,2966,abono internet fibertel,166.72,Servicios
9639,1092,taller de ingles,117.52,Educacion
9640,2704,cuota jardin de infantes,233.06,Educacion
9641,2000,fac pago alquiler mensual,1016.96,Vivienda
9642,1664,pago tarjeta de credito,302.17,Deudas
9643,1528,factura gas metrogas,75.62,Servicios
9644,2027,combustible shell,76.15,Salud
9645,2369,tqxis de la ciudad,51.29,Salud
9646,2767,tarjeta salida al cine,39.65,Ocio
9647,1856,supermercado coto,233.25,Salud
9648,2776,factura gas metrogas,89.24,Servicios
9649,2628,pago tarjeta de credito,729.31,Deudas
9650,447,pago de intereses,354.05,Deudas
9651,1598,compra farmacia,67.07,Salud
9652,210,impuestos municipales,77.91,Servicios
9653,849,comprq supermercado dia,137.72,Alimentacion
9654,1863,consulta medica de control,335.16,Salud
9655,2418,cena restaurante,137.91,Ocio
9656,1965,transferencia ahorro mensual,215.39,Ahorros
9657,1588,cuota jardin de infantes,399.75,Ocio
9658,1652,tqller de ingles,519.66,Educacion
9659,1917,plazo fijo,995.88,Vivienda
9660,1919,inversion en acciones,604.12,Ahorros
9661,577,movimiento: compra cafeteria,107.81,Ocio
9662,1666,taller de ingles,349.03,Educacion
9663,689,taxis de la ciudad,76.0,Transporte
9664,790,cuota prestamo auto,233.65,Deudas
9665,992,pago de intereses,598.23,Deudas
9666,2211,movimiento: abono telefonia movil,37.95,Servicios
9667,977,pago tarjeta de credito,949.0,Deudas
9668,1356,dentista limpieza,60.85,Salud
9669,1688,cuota prepaga osde,377.86,Salud
9670,350,viaje uber,44.68,Transporte
9671,1772,verduleria y fruteria,205.54,Alimentacion
9672,2718,medicamentos recetados,119.52,Transporte
9673,426,cuota prepaga osde,336.09,Salud
9674,327,factura gas metrogas,49.89,Servicios
9675,1130,fondo comun de inversion,229.81,Ahorros
9676,255,compras fiambreria,370.51,Vivienda
9677,2038,comprq cuota prestamo banco,572.62,Deudas
9678,2406,supermercado coto,309.35,Alimentacion
9679,1991,cuota prepaga osde,385.3,Salud
9680,444,tarjeta expensas del edificio,231.78,Vivienda
9681,113,cuota prestamo banco,954.62,Deudas
9682,1054,comprq panaderia,64.93,Alimentacion
9683,2572,peaje autopista,75.67,Transporte
9684,689,matricula del colegio,628.63,Educacion
9685,991,entrqdas recital,127.69,Ocio
9686,1874,comprq matricula del colegio,205.93,Educacion
9687,46,dentista limpieza,305.49,Salud
9688,1195,factura gas metrogas,69.92,Servicios
9689,757,fqc almacen san martin,144.85,Alimentacion
9690,1377,viqje uber,38.92,Transporte
9691,1227,movimiento: plazo fijo,1484.17,Ahorros
9692,1250,reparacion de cerradura,880.92,Vivienda
9693,564,pago de intereses,508.25,Deudas
9694,2209,fondo comun de inversion,733.83,Ahorros
9695,2888,factura luz edesur,115.58,Servicios
9696,2586,supermercqdo carrefour,169.29,Alimentacion
9697,2273,compra libros de texto,693.81,Educacion
9698,1341,cerveceria artesanal,87.95,Ocio
9699,1438,cuota prestamo auto,355.94,Deudas
9700,95,cuota prestamo banco,809.79,Deudas
9701,1803,inversion en acciones,1040.92,Ahorros
9702,949,comprq dolares banco,1241.32,Ahorros
9703,553,reparacion electrica,627.26,Vivienda
9704,2693,pago de cerveceria artesanal,46.86,Ocio
9705,66,estudios clinicos,343.42,Salud
9706,1498,supermercado coto,114.19,Alimentacion
9707,665,movimiento: cerveceria artesanal,83.47,Ocio
9708,2732,verduleria y fruteria,138.13,Alimentacion
9709,2958,compra dolares banco,192.76,Ahorros
9710,2885,comprq cafeteria,83.8,Ocio
9711,2619,supermercado coto,90.16,Alimentacion
9712,2744,optica lentes,308.48,Salud
9713,180,verduleria de la esquina,394.45,Alimentacion
9714,2882,cqrga sube,35.61,Transporte
9715,1483,entradas recital,54.02,Ocio
9716,202,factura luz edesur,126.87,Servicios
9717,1499,verduleria de la esquina,396.12,Alimentacion
9718,1542,cuota universidad,512.4,Educacion
9719,2591,entradas recital,119.87,Ocio
9720,2822,pinturq habitacion,365.95,Vivienda
9721,1313,juegos de consola,101.33,Ocio
9722,1949,cuota universidad,535.7,Educacion
9723,694,abono internet fibertel,171.1,Servicios
9724,1720,repqracion de cerradura,545.98,Salud
9725,1268,movimiento: compra panaderia,307.38,Servicios
9726,1792,colectivo linea 60,61.73,Transporte
9727,2660,suscripcion spotify,115.67,Ocio
9728,1722,viaje uber,72.55,Transporte
9729,1622,curso de programacion,255.23,Educacion
9730,1198,compra ferreteria,507.34,Vivienda
9731,1558,abono telefonia movil,165.1,Servicios
9732,1533,expensas comunes,412.05,Vivienda
9733,2292,impuestos municipales,154.36,Alimentacion
9734,2108,cuota prestamo auto,517.21,Deudas
9735,104,impuestos municipales,151.77,Servicios
9736,2699,peqje autopista,57.96,Transporte
9737,1695,compras fiambreria,395.83,Alimentacion
9738,1011,matricula del colegio,674.87,Educacion
9739,1768,factura luz edesur,180.19,Servicios
9740,2125,verduleria y fruteria,162.71,Alimentacion
9741,1042,pago de intereses,260.67,Servicios
9742,1558,cuota prepaga osde,120.09,Salud
9743,1208,impuestos municipales,105.77,Servicios
9744,1681,dentista limpieza,330.45,Salud
9745,1679,expensas del edificio,1052.4,Vivienda
9746,2746,cuota prestamo auto,535.6,Deudas
9747,2994,taxis de la ciudad,39.71,Vivienda
9748,2315,suscripcion netflix,40.13,Ocio
9749,781,inversion en acciones,1418.59,Ahorros
9750,2657,compra dolares banco,1277.15,Ahorros
9751,946,movimiento: utiles escolares,142.12,Educacion
9752,1831,pago de medicamentos recetados,259.86,Salud
9753,548,cerveceria artesanal,22.49,Ocio
9754,2208,inversion en acciones,1196.73,Ahorros
9755,2985,juegos de consola,138.55,Ocio
9756,2447,compra ferreteria,217.4,Vivienda
9757,2591,pago de cuota universidad,106.78,Educacion
9758,2175,factura gas metrogas,180.0,Servicios
9759,1798,cuota prepaga osde,41.56,Salud
9760,1881,compra plazo fijo,788.32,Ahorros
9761,948,compra panaderia,309.89,Alimentacion
9762,2258,pago tarjeta de credito,298.16,Deudas
9763,2198,compra taller de ingles,397.75,Educacion
9764,31,compra dolares banco,1255.47,Ahorros
9765,612,combustible ypf,79.58,Transporte
9766,1865,verduleria y fruteria,258.02,Alimentacion
9767,302,abono telefonia movil,83.54,Servicios
9768,2913,plazo fijo,1335.65,Ahorros
9769,2813,compra libros de texto,526.45,Educacion
9770,683,compra expensas del edificio,824.82,Vivienda
9771,257,servicio de plomeria,428.5,Vivienda
9772,940,cuota prestamo auto,436.46,Deudas
9773,2057,compras fiambreria,176.05,Alimentacion
9774,2895,almacen san martin,229.53,Alimentacion
9775,777,pqgo tarjeta de credito,889.48,Deudas
9776,2733,viqje cabify,38.88,Ahorros
9777,732,juegos de consolq,22.16,Ocio
9778,1229,peaje autopista,54.13,Transporte
9779,2072,cuota universidad,669.94,Educacion
9780,2541,compra cuota prepaga osde,55.11,Salud
9781,2043,abono internet fibertel,120.45,Vivienda
9782,970,plazo fijo,389.26,Ahorros
9783,103,viaje uber,66.79,Transporte
9784,1084,abono internet fibertel,83.02,Servicios
9785,1110,cuota prestamo banco,660.59,Deudas
9786,767,pago tarjeta de credito,857.91,Deudas
9787,372,servicio de qgua aysa,85.58,Servicios
9788,679,expensas comunes,863.89,Servicios
9789,2644,expensas del edificio,911.53,Vivienda
9790,1994,plazo fijo,191.47,Ahorros
9791,202,pqgo de inversion en acciones,144.29,Ahorros
9792,1626,cuota jardin de infantes,440.88,Educacion
9793,89,factura gas metrogas,35.27,Servicios
9794,2485,factura gas metrogas,173.93,Servicios
9795,2168,fondo comun de inversion,572.65,Ahorros
9796,2204,abono telefonia movil,44.51,Servicios
9797,1997,cuota prestamo banco,342.41,Deudas
9798,399,factura luz edesur,110.0,Servicios
9799,1724,reparacion electrica,1109.53,Ocio
9800,188,combustible ypf,43.76,Transporte
9801,1076,consulta medica de control,474.41,Salud
9802,652,abono internet fibertel,75.81,Servicios
9803,1555,plazo fijo,1052.64,Ahorros
9804,1504,combustible shell,30.77,Transporte
9805,587,impuestos municipqles,86.75,Servicios
9806,230,reparacion de cerradura,723.52,Vivienda
9807,1154,abono internet fibertel,109.09,Servicios
9808,55,matricula del colegio,692.75,Educacion
9809,271,servicio de agua aysa,88.62,Servicios
9810,1124,cerveceria artesanal,56.92,Ocio
9811,970,peaje autopista,28.88,Ocio
9812,1553,qbono telefonia movil,152.97,Servicios
9813,1378,cuota universidad,678.92,Educacion
9814,1176,plazo fijo,309.9,Ahorros
9815,2378,compras fiambreria,308.52,Alimentacion
9816,116,compra supermercado dia,294.89,Alimentacion
9817,323,carga sube,47.08,Transporte
9818,2611,fac pago saldo refinanciado,902.34,Deudas
9819,1596,inversion en acciones,278.58,Ahorros
9820,2277,factura gas metrogas,50.78,Servicios
9821,360,fac verduleria y fruteria,155.0,Alimentacion
9822,28,factura luz edesur,191.02,Servicios
9823,1255,cuota prestamo banco,673.2,Deudas
9824,1419,factura gas metrogas,74.62,Servicios
9825,2917,comprq libros de texto,412.22,Educacion
9826,1736,abono internet fibertel,81.59,Servicios
9827,1868,viaje cabify,19.38,Transporte
9828,1295,pago de transferencia ahorro mensual,1084.0,Ahorros
9829,1875,combustible shell,64.74,Transporte
9830,2076,viaje uber,23.49,Transporte
9831,1543,cuota jardin de infantes,602.78,Educacion
9832,744,cuota prestamo auto,299.24,Deudas
9833,1112,suscripcion spotify,97.43,Ocio
9834,1722,fondo comun de inversion,353.46,Ahorros
9835,1779,juegos de consolq,77.73,Ocio
9836,580,cuotq jardin de infantes,639.29,Educacion
9837,2499,almacen san martin,149.22,Alimentacion
9838,433,fac pago de intereses,816.41,Deudas
9839,374,compra farmacia,143.55,Salud
9840,2483,combustible ypf,52.03,Transporte
9841,1211,abono internet fibertel,104.39,Transporte
9842,1775,carga sube,59.22,Transporte
9843,2042,verduleria y fruteria,285.94,Alimentacion
9844,2266,carga sube,12.62,Transporte
9845,1132,suscripcion spotify,149.78,Educacion
9846,1843,combustible shell,44.77,Transporte
9847,1574,verduleria de la esquina,211.42,Alimentacion
9848,1931,supermercado coto,318.06,Alimentacion
9849,948,expensas del edificio,430.64,Vivienda
9850,349,cuota prestamo banco,595.45,Vivienda
9851,788,cena restaurante,107.96,Ocio
9852,1546,reparacion de cerradura,411.08,Vivienda
9853,26,cerveceria artesanal,145.32,Ocio
9854,1072,cena restaurante,143.91,Ocio
9855,859,pago de compra dolares banco,669.94,Ahorros
9856,370,servicio de plomeria,970.17,Vivienda
9857,1636,juegos de consola,44.07,Ocio
9858,1211,verduleria y fruteria,91.68,Alimentacion
9859,1548,pago de factura gas metrogas,136.25,Servicios
9860,884,qbono telefonia movil,36.79,Servicios
9861,1915,comprq supermercado dia,279.52,Alimentacion
9862,279,pago de pago de intereses,660.28,Deudas
9863,2389,fac taller de ingles,725.01,Educacion
9864,1352,plazo fijo,1251.33,Ahorros
9865,1703,cuota prestamo banco,684.5,Deudas
9866,1658,optica lentes,385.37,Salud
9867,1929,compras fiambreria,341.24,Alimentacion
9868,607,consulta medica de control,278.17,Salud
9869,1049,viaje uber,66.97,Transporte
9870,2577,taxis de la ciudad,63.54,Transporte
9871,2474,pintura habitacion,448.87,Vivienda
9872,29,peaje autopista,45.35,Transporte
9873,956,pago saldo refinanciado,353.55,Deudas
9874,323,compra libros de texto,406.14,Ahorros
9875,1877,compras fiambreria,389.83,Salud
9876,2361,cena restaurante,129.2,Ocio
9877,584,factura luz edesur,30.26,Servicios
9878,1294,supermercado carrefour,190.45,Alimentacion
9879,2810,analisis de sangre,478.58,Salud
9880,2343,compra dolares banco,1292.68,Ahorros
9881,656,servicio de agua aysa,76.91,Servicios
9882,786,pqgo alquiler mensual,1065.0,Vivienda
9883,223,salida al cine,138.81,Ocio
9884,2123,salida al cine,36.87,Ocio
9885,2150,consulta medica de control,150.38,Salud
9886,2933,taxis de la ciudad,50.77,Transporte
9887,2221,cuota universidad,620.51,Educacion
9888,1028,pago tarjeta de credito,322.09,Deudas
9889,1684,compra farmacia,124.17,Salud
9890,2443,tarjeta curso de programacion,359.46,Educacion
9891,1650,estudios clinicos,149.25,Salud
9892,833,impuestos municipales,113.6,Servicios
9893,1004,cerveceria artesanal,64.45,Ocio
9894,167,cerveceria artesanal,84.4,Ocio
9895,2348,carniceria central,234.7,Alimentacion
9896,2017,viaje cabify,58.75,Transporte
9897,118,compra cafeteria,20.91,Ocio
9898,2560,pago de intereses,735.67,Deudas
9899,2660,compra libros de texto,107.2,Educacion
9900,1810,carga sube,46.87,Transporte
9901,2207,taller de ingles,135.36,Educacion
9902,1408,movimiento: transferencia ahorro mensual,457.74,Ahorros
9903,1251,pqgo de suscripcion spotify,127.26,Ocio
9904,463,curso de programacion,686.72,Educacion
9905,1734,cena restaurante,141.35,Ocio
9906,1672,inversion en acciones,175.93,Ahorros
9907,2152,fqctura luz edesur,78.91,Servicios
9908,982,consulta medica de control,137.54,Salud
9909,2298,cuota universidad,398.56,Educacion
9910,1037,pinturq habitacion,324.33,Vivienda
9911,2615,cuota universidad,340.8,Educacion
9912,1880,pago tarjeta de credito,542.18,Deudas
9913,597,juegos de consola,114.47,Ocio
9914,621,expensas del edificio,209.46,Ahorros
9915,2603,comprq libros de texto,361.79,Educacion
9916,1412,qbono internet fibertel,131.77,Servicios
9917,71,pago saldo refinanciado,381.28,Deudas
9918,956,cuota jardin de infantes,379.29,Educacion
9919,1804,colectivo linea 60,70.64,Transporte
9920,438,tarjeta suscripcion spotify,33.28,Ocio
9921,1068,tarjeta fondo comun de inversion,123.7,Ahorros
9922,1926,medicamentos recetados,170.43,Salud
9923,1038,qbono telefonia movil,102.23,Servicios
9924,1403,cuota prestamo auto,634.33,Deudas
9925,2362,compra suscripcion netflix,84.7,Ocio
9926,1439,pago de medicamentos recetados,413.32,Salud
9927,485,compra panaderia,157.7,Alimentacion
9928,169,consulta medica de control,252.47,Alimentacion
9929,2936,suscripcion spotify,119.4,Ocio
9930,803,servicio de plomeria,1037.46,Vivienda
9931,246,compra supermercado dia,67.87,Alimentacion
9932,2314,pago de cena restaurante,69.26,Ocio
9933,849,verduleria y fruteria,227.32,Alimentacion
9934,2291,movimiento: pago de intereses,246.84,Deudas
9935,2026,analisis de sangre,436.31,Salud
9936,1694,medicamentos recetados,339.63,Salud
9937,1351,compra panaderia,107.14,Alimentacion
9938,530,comprq farmacia,44.02,Salud
9939,1619,abono internet fibertel,103.97,Servicios
9940,847,comprq pago de intereses,883.71,Ahorros
9941,2390,pago de intereses,939.45,Deudas
9942,1789,optica lentes,223.71,Salud
9943,1703,curso de programacion,156.32,Educacion
9944,760,compra panaderia,397.17,Alimentacion
9945,1404,pago de compra dolares banco,1437.43,Ahorros
9946,798,comprq cuota prestamo auto,913.5,Deudas
9947,532,viaje uber,69.83,Transporte
9948,1918,pago de compra supermercado dia,220.67,Alimentacion
9949,864,servicio de plomeria,820.3,Vivienda
9950,42,plazo fijo,1353.06,Ahorros
9951,599,cuota prestamo auto,153.17,Transporte
9952,306,consulta medica de control,235.26,Salud
9953,809,entradas recital,59.32,Ocio
9954,2910,inversion en acciones,586.18,Transporte
9955,1264,pago saldo refinanciado,940.44,Deudas
9956,679,utiles escolqres,531.44,Servicios
9957,731,plazo fijo,263.87,Ahorros
9958,2489,plazo fijo,541.77,Ahorros
9959,2026,pago de compra farmacia,463.77,Salud
9960,933,cuota prestamo auto,206.6,Deudas
9961,903,movimiento: reparacion electrica,380.02,Vivienda
9962,133,factura luz edesur,93.69,Servicios
9963,2767,pqgo de intereses,457.81,Deudas
9964,2099,tarjeta factura gas metrogas,127.37,Servicios
9965,2666,fac cuota jardin de infantes,466.83,Educacion
9966,392,supermercqdo coto,52.65,Ocio
9967,2744,pago de intereses,352.49,Deudas
9968,2571,utiles escolares,706.07,Educacion
9969,508,medicamentos recetados,389.94,Salud
9970,1686,colectivo linea 60,59.89,Transporte
9971,2402,cuotq prepaga osde,256.22,Salud
9972,2915,fac fondo comun de inversion,1288.01,Ahorros
9973,1419,viaje uber,71.15,Alimentacion
9974,956,almacen san martin,94.69,Alimentacion
9975,96,viaje uber,19.83,Transporte
9976,106,peaje autopista,55.67,Transporte
9977,678,curso de programacion,686.98,Educacion
9978,2561,supermercado coto,393.88,Educacion
9979,856,cuota prestamo auto,184.77,Deudas
9980,1963,viaje cabify,74.7,Transporte
9981,790,compra compra cafeteria,124.21,Ocio
9982,515,movimiento: curso de progrqmacion,124.35,Educacion
9983,2946,movimiento: combustible shell,69.55,Transporte
9984,1085,supermercado coto,376.68,Alimentacion
9985,1008,suscripcion spotify,104.91,Ocio
9986,1318,cerveceriq artesanal,141.14,Ocio
9987,2785,analisis de sangre,63.4,Alimentacion
9988,2350,cuota prestamo auto,392.66,Deudas
9989,2694,transferencia ahorro mensual,486.34,Ahorros
9990,2279,optica lentes,219.9,Salud
9991,1433,pago de plazo fijo,1219.47,Ahorros
9992,2786,cuota prestamo auto,761.45,Deudas
9993,297,tarjeta cuota jardin de infantes,799.91,Educacion
9994,455,fac suscripcion netflix,68.66,Salud
9995,942,compras fiambreria,372.78,Alimentacion
9996,240,taller de ingles,634.61,Educacion
9997,1622,abono telefonia movil,75.28,Alimentacion
9998,2599,compra panaderia,141.51,Alimentacion
9999,2186,fondo comun dw inversion,1340.28,Ahorros
10000,454,servicio de agua aysa,103.64,Servicios
10001,1250,expensas comunes,690.84,Vivienda
10002,2491,movimiento: compra ferreteria,911.59,Vivienda
10003,2075,servicio de agua aysa,47.57,Transporte
10004,2505,tarjeta salida al cine,50.23,Ocio
10005,695,analisis de sangre,157.87,Salud
10006,710,compra dolares banco,796.64,Ahorros
10007,2015,suscripcion netflix,55.15,Ocio
10008,849,combustible shell,53.07,Transporte
10009,949,carga sube,39.6,Transporte
10010,107,supermercado carrefour,121.43,Alimentacion
10011,2492,fac curso de programacion,130.75,Educacion
10012,1725,movimiento: entradas recital,61.09,Ocio
10013,2084,consulta medica de control,179.1,Salud
10014,597,expensas del edificio,787.05,Alimentacion
10015,155,cuota universidad,618.88,Educacion
10016,796,servicio de plomeria,948.83,Vivienda
10017,272,transferencia ahorro mensual,284.39,Ahorros
10018,1571,analisis de sangre,350.45,Salud
10019,1444,taller de ingles,251.14,Educacion
10020,1208,abono internet fibertel,150.06,Servicios
10021,1635,impuestos municipales,167.68,Servicios
10022,1261,salida al cine,126.46,Ocio
10023,1939,transferencia ahorro mensual,1039.88,Servicios
10024,1533,abono telefonia movil,83.57,Servicios
10025,122,servicio de plomeria,1096.2,Vivienda
10026,1441,transferencia ahorro mensual,1335.84,Ahorros
10027,1399,compra cafeteria,78.6,Ocio
10028,1504,carniceria central,299.33,Alimentacion
10029,150,comprq dolares banco,737.0,Ahorros
10030,707,servicio de agua aysa,41.96,Servicios
10031,1616,cena restaurante,121.74,Ocio
10032,1514,suscripcion netflix,35.27,Ocio
10033,2201,expensas comunes,988.35,Vivienda
10034,2599,pago alquiler mensual,915.25,Vivienda
10035,845,medicamentos recetados,431.79,Salud
10036,2328,cuota prestamo auto,436.63,Deudas
10037,2470,pqgo saldo refinanciado,237.96,Deudas
10038,1977,combustible shell,75.07,Transporte
10039,1836,matricula del colegio,106.07,Educacion
10040,804,fondo comun de inversion,524.92,Ahorros
10041,355,transferencia ahorro mensual,568.61,Ahorros
10042,1606,abono internet fibertel,74.16,Servicios
10043,378,expensqs comunes,1189.37,Vivienda
10044,2128,expensas del edificio,895.09,Vivienda
10045,1581,impuestos municipales,34.96,Servicios
10046,988,dentista limpieza,442.29,Salud
10047,233,cuota prepaga osde,432.72,Salud
10048,154,curso de programacion,672.89,Educacion
10049,907,cena restaurante,59.85,Ocio
10050,1621,pqgo de intereses,937.61,Deudas
10051,2419,supermercado coto,236.11,Alimentacion
10052,323,impuestos municipales,197.5,Vivienda
10053,332,cuota prestamo banco,185.39,Deudas
10054,243,tarjeta taller de ingles,218.5,Educacion
10055,430,pago de colectivo linea 60,27.15,Transporte
10056,1206,reparacion de cerradura,227.32,Vivienda
10057,2857,cena restaurante,37.06,Ocio
10058,1497,compra plazo fijo,523.95,Ahorros
10059,2424,tarjeta carga sube,32.57,Transporte
10060,81,tarjeta pago alquiler mensual,1090.32,Vivienda
10061,1574,fac taller de ingles,416.6,Educacion
10062,420,pago de intereses,426.56,Deudas
10063,467,pago tarjeta de credito,838.32,Deudas
10064,1081,viaje cabify,20.3,Transporte
10065,2001,suscripcion netflix,108.26,Ocio
10066,1566,entradas recital,82.86,Ocio
10067,1519,cuota jardin de infantes,334.93,Transporte
10068,2877,cuota prestamo auto,932.39,Deudas
10069,2036,peaje autopista,29.1,Transporte
10070,804,combustible shell,64.42,Transporte
10071,1078,factura luz edesur,39.37,Vivienda
10072,1633,inversion en acciones,157.43,Ahorros
10073,1985,fac dentista limpieza,62.45,Salud
10074,4,impuestos municipales,71.36,Servicios
10075,1903,dentistq limpieza,217.91,Salud
10076,603,cena restaurante,52.73,Ocio
10077,2368,optica lentes,131.13,Salud
10078,1399,compra compra supermercado dia,235.06,Vivienda
10079,501,cerveceria artesanal,57.74,Ocio
10080,1686,dentista limpieza,219.84,Salud
10081,2619,verduleria de la esquina,147.38,Alimentacion
10082,185,utiles escolares,393.57,Educacion
10083,2604,movimiento: pago saldo refinanciado,384.69,Deudas
10084,2941,cuotq prestamo banco,673.6,Ahorros
10085,1296,cuota prestamo auto,266.35,Deudas
10086,55,fac medicamentos recetados,175.19,Salud
10087,1725,pago tarjeta de credito,328.96,Deudas
10088,2911,expensas comunes,340.89,Vivienda
10089,1871,cuota prestamo auto,917.63,Deudas
10090,77,compra farmacia,156.69,Salud
10091,2344,compra cuota prepaga osde,451.94,Salud
10092,1602,carniceria central,337.26,Alimentacion
10093,1672,pago tarjeta de credito,795.99,Deudas
10094,2794,movimiento: cuota prestamo banco,357.36,Deudas
10095,1735,plazo fijo,809.34,Ahorros
10096,2948,suscripcion spotify,46.94,Ocio
10097,2091,pago de combustible shell,61.06,Transporte
10098,1385,tarjeta verduleria y fruteria,356.0,Alimentacion
10099,1252,cuota prestamo auto,946.8,Deudas
10100,2275,expensas comunes,202.7,Vivienda
10101,1087,abono telefonia movil,71.42,Ahorros
10102,171,servicio de plomeria,662.55,Vivienda
10103,2810,almacen san martin,273.92,Alimentacion
10104,2898,cuota prestamo auto,729.86,Educacion
10105,2355,plazo fijo,289.19,Ahorros
10106,1774,transferencia ahorro mensual,929.96,Ahorros
10107,2616,inversion en acciones,1324.02,Ahorros
10108,2082,repqracion electrica,1133.01,Servicios
10109,827,tarjeta fondo comun de inversion,964.47,Ahorros
10110,1666,pago alquiler mensual,474.22,Vivienda
10111,130,peaje autopista,77.28,Servicios
10112,1418,dentista limpieza,267.78,Salud
10113,1175,taxis de la ciudad,55.36,Transporte
10114,2703,pago de verduleria de la esquina,246.04,Alimentacion
10115,2678,compra compra cafeteria,58.18,Ocio
10116,1408,tarjeta pintura habitacion,266.98,Vivienda
10117,1041,compra factura gas metrogas,192.09,Servicios
10118,594,pago de abono telefonia movil,184.38,Servicios
10119,1038,compras fiambreria,61.82,Alimentacion
10120,2129,transferencia ahorro mensual,394.95,Ahorros
10121,204,pago de intereses,668.54,Deudas
10122,1808,verduleria y fruteria,121.41,Alimentacion
10123,1568,cuota prestamo banco,911.14,Deudas
10124,23,utiles escolares,324.64,Educacion
10125,2662,compras fiambreria,249.79,Alimentacion
10126,1634,reparacion de cerradura,859.11,Salud
10127,2192,impuestos municipales,98.21,Servicios
10128,104,curso de programacion,112.65,Educacion
10129,1406,tarjeta analisis de sangre,127.15,Salud
10130,1479,compra reparacion de cerradura,1195.15,Vivienda
10131,2372,viaje cabify,58.82,Transporte
10132,1195,pago de intereses,963.3,Ahorros
10133,576,viqje cabify,46.67,Transporte
10134,1607,cena restaurante,87.74,Ocio
10135,274,abono telefonia movil,144.72,Servicios
10136,452,factura luz edesur,88.23,Servicios
10137,2929,verduleria y fruteria,366.73,Alimentacion
10138,125,cuota prestamo banco,206.58,Deudas
10139,2365,compra dolares banco,1030.21,Salud
10140,1867,fqctura luz edesur,78.76,Servicios
10141,2155,cuota prestamo banco,340.23,Deudas
10142,1684,expensas comunes,968.12,Vivienda
10143,907,cuota prestamo auto,860.95,Deudas
10144,430,medicqmentos recetados,196.82,Salud
10145,2752,compras fiambreria,179.02,Alimentacion
10146,362,cuotq prestamo banco,989.09,Deudas
10147,796,juegos de consolq,138.07,Servicios
10148,432,pago de fondo comun de inversion,1426.21,Ahorros
10149,2723,cuota prepaga osde,484.36,Servicios
10150,1544,compra pago saldo refinanciado,807.14,Deudas
10151,859,pago de inversion en acciones,708.3,Ahorros
10152,1430,transferencia ahorro mensual,225.87,Ahorros
10153,1346,fqc factura gas metrogas,143.74,Servicios
10154,1631,medicamentos recetados,351.29,Salud
10155,576,estudios clinicos,213.09,Salud
10156,1089,peaje autopista,71.47,Ahorros
10157,893,supermercado coto,121.44,Alimentacion
10158,270,taxis de la ciudad,41.21,Transporte
10159,2020,pago de curso de programacion,155.64,Educacion
10160,1124,supermercado carrefour,277.49,Servicios
10161,438,pago alquiler mensual,221.5,Vivienda
10162,1043,verduleria y fruteria,204.25,Alimentacion
10163,2273,pago saldo refinanciado,424.52,Deudas
10164,1642,compra libros de texto,754.31,Educacion
10165,2508,reparacion electrica,459.54,Vivienda
10166,2442,pago de cuota prepaga osde,239.32,Salud
10167,2960,transferencia ahorro mensual,112.33,Ahorros
10168,1384,compra cafeteria,140.15,Ocio
10169,1454,compras fiambreria,366.91,Alimentacion
10170,15,pago tarjeta de credito,260.9,Deudas
10171,2608,peaje autopista,12.17,Transporte
10172,1675,compra dolares banco,1466.53,Ahorros
10173,1004,abono telefonia movil,174.1,Servicios
10174,2462,medicamentos recetados,64.8,Salud
10175,1379,repqracion de cerradura,877.97,Vivienda
10176,1481,dentista limpieza,277.5,Salud
10177,1746,suscripcion nwtflix,49.14,Ocio
10178,1862,fac fondo comun de inversion,1497.68,Ahorros
10179,115,fondo comun de inversion,835.21,Ahorros
10180,1376,movimiento: compras fiambreria,215.58,Alimentacion
10181,976,juegos de consola,87.36,Ocio
10182,1686,verduleriq y fruteria,193.19,Alimentacion
10183,2084,expensas comunes,659.51,Vivienda
10184,2290,fac servicio de agua aysa,164.92,Servicios
10185,1687,pintura habitacion,324.74,Vivienda
10186,63,fondo comun de inversion,437.4,Educacion
10187,2714,curso de programacion,245.56,Educacion
10188,509,plazo fijo,570.68,Ahorros
10189,188,compra panaderia,376.32,Transporte
10190,2783,pintura habitacion,1191.58,Vivienda
10191,93,impuestos municipqles,112.02,Alimentacion
10192,5,carga sube,10.77,Transporte
10193,2073,compra dolares banco,1269.4,Ahorros
10194,2556,consulta medica de control,368.95,Salud
10195,98,expensas comunes,954.73,Vivienda
10196,1292,expensas comunes,392.99,Vivienda
10197,2710,pago tarjeta de credito,406.28,Deudas
10198,1788,combustiblw shell,65.28,Transporte
10199,1309,matricula del colegio,290.34,Educacion
10200,684,viaje cabify,38.37,Transporte
10201,1133,compra cafeteria,28.01,Ocio
10202,27,pago de compra dolares banco,101.13,Ahorros
10203,1782,plqzo fijo,373.85,Ahorros
10204,2103,supermercado coto,77.71,Alimentacion
10205,781,reparacion electrica,972.37,Vivienda
10206,2346,pago alquiler mensual,356.12,Vivienda
10207,1615,supermercado coto,257.68,Alimentacion
10208,1042,taxis de la ciudad,74.46,Transporte
10209,2866,movimiento: compra cafeteria,139.26,Ocio
10210,1794,movimiento: dentistq limpieza,241.62,Salud
10211,855,movimiento: fondo comun de inversion,599.5,Ahorros
10212,1643,dentista limpieza,130.73,Salud
10213,1933,consulta medica de control,259.69,Salud
10214,2027,plazo fijo,917.2,Ahorros
10215,1988,fac consulta medica de control,277.72,Salud
10216,2607,salida al cine,79.13,Ocio
10217,1270,suscripcion netflix,24.48,Ocio
10218,2551,compra supermercado dia,293.2,Alimentacion
10219,1113,abono internet fibertel,164.73,Servicios
10220,2251,compra fondo comun de inversion,491.43,Ahorros
10221,2994,movimiwnto: fondo comun de inversion,289.44,Ahorros
10222,240,pago de plazo fijo,1446.62,Ahorros
10223,490,pago de carga sube,19.35,Transporte
10224,1037,verduleria de la esquina,351.58,Alimentacion
10225,2697,juegos de consola,32.7,Ocio
10226,1339,juegos de consola,55.19,Ocio
10227,2037,compra ferreteria,993.16,Vivienda
10228,685,pqgo tarjeta de credito,989.69,Deudas
10229,2027,movimiento: curso de programacion,242.74,Educacion
10230,2291,abono telefonia movil,36.09,Servicios
10231,2555,fac transferencia ahorro mensual,773.25,Ahorros
10232,1615,movimiento: supermercado coto,150.11,Alimentacion
10233,1768,inversion en acciones,960.21,Ahorros
10234,613,expensas comunes,708.8,Ocio
10235,162,servicio de agua aysa,42.79,Servicios
10236,656,compra ferreteria,340.13,Vivienda
10237,621,repqracion de cerradura,924.26,Vivienda
10238,1257,reparacion de cerradura,746.25,Vivienda
10239,2159,compra cafeteria,51.89,Ocio
10240,1952,curso de programacion,658.22,Educacion
10241,2982,viaje uber,29.24,Transporte
10242,1256,plazo fijo,664.08,Ahorros
10243,1976,compra cafeteria,133.07,Ocio
10244,750,pago de suscripcion netflix,98.71,Ocio
10245,709,transferencia ahorro mensual,785.58,Ahorros
10246,2321,compra panaderia,315.75,Alimentacion
10247,1622,factura luz edesur,48.98,Servicios
10248,2855,estudios clinicos,219.87,Salud
10249,41,movimiento: servicio de plomeria,851.18,Vivienda
10250,560,supermercado carrefour,58.24,Salud
10251,466,dentista limpieza,370.62,Salud
10252,1101,compra factura luz edesur,84.79,Servicios
10253,1714,compra cafeteria,75.53,Ocio
10254,490,tarjeta compra panaderia,228.06,Alimentacion
10255,117,fondo comun de inversion,530.0,Ahorros
10256,2482,expensas comunes,1082.69,Vivienda
10257,1595,abono telefonia movil,136.61,Servicios
10258,196,compra ferreteria,212.97,Vivienda
10259,619,abono internet fibertel,163.95,Servicios
10260,1475,utiles escolqres,443.49,Educacion
10261,2473,carniceria central,345.84,Alimentacion
10262,1308,reparacion de cerradura,507.12,Vivienda
10263,34,estudios clinicos,499.34,Salud
10264,2343,compra cafeteria,64.97,Ocio
10265,1275,suscripcion spotify,90.14,Ocio
10266,339,carniceria central,109.95,Alimentacion
10267,2666,taxis de la ciudad,15.99,Transporte
10268,180,taxis de la ciudad,78.13,Transporte
10269,622,compra ferreteria,474.91,Vivienda
10270,1657,transferencia ahorro mensual,1433.29,Ahorros
10271,2667,peaje autopista,34.25,Transporte
10272,643,pqgo de intereses,408.11,Deudas
10273,2071,verduleriq y fruteria,213.78,Alimentacion
10274,1681,pago de intereses,998.83,Deudas
10275,1351,estudios clinicos,166.15,Salud
10276,1178,utiles escolares,506.6,Educacion
10277,619,fac almacen san martin,376.43,Alimentacion
10278,1170,movimiento: supermercqdo carrefour,276.94,Alimentacion
10279,252,compra cafeteria,106.12,Ocio
10280,302,compra farmacia,174.45,Salud
10281,1567,pago saldo refinanciado,309.43,Deudas
10282,2211,pago alquiler mensual,702.06,Vivienda
10283,612,juegos de consola,62.79,Ocio
10284,1072,trqnsferencia ahorro mensual,1082.7,Alimentacion
10285,2493,pago tarjeta de credito,568.67,Deudas
10286,1944,compra ferreteria,253.13,Alimentacion
10287,74,pago saldo refinanciado,227.54,Deudas
10288,2874,abono internet fibertel,126.99,Ahorros
10289,1728,cuota jardin de infantes,105.14,Educacion
10290,542,impuestos municipales,103.64,Ahorros
10291,157,servicio de agua aysa,82.04,Servicios
10292,1290,peaje autopista,56.33,Transporte
10293,256,servicio de qgua aysa,99.7,Servicios
10294,1052,medicamentos recetados,156.92,Salud
10295,937,cuota prestamo banco,344.44,Deudas
10296,2166,cuota prestamo auto,963.77,Deudas
10297,2418,plazo fijo,565.63,Ahorros
10298,2257,pago alquiler mensual,233.17,Vivienda
10299,2635,compra farmacia,320.47,Salud
10300,2897,inversion en acciones,1100.8,Ocio
10301,1892,fondo comun de inversion,595.44,Ahorros
10302,1582,viaje cabify,18.23,Transporte
10303,316,cena restaurante,126.42,Ocio
10304,2492,consulta medica de control,373.5,Salud
10305,1776,curso de programacion,644.89,Educacion
10306,1971,carga sube,12.0,Transporte
10307,1222,comprq pago alquiler mensual,799.55,Vivienda
10308,1723,medicqmentos recetados,449.34,Salud
10309,2676,tarjeta carga sube,54.3,Salud
10310,2493,salida al cine,140.25,Ocio
10311,570,movimiento: medicamentos recetados,260.28,Salud
10312,2630,comprq ferreteria,465.09,Vivienda
10313,2653,compra cafeteria,116.16,Ocio
10314,2789,compra cuota universidad,107.41,Educacion
10315,908,pintura habitacion,909.45,Vivienda
10316,649,reparacion electrica,717.3,Vivienda
10317,1641,colectivo linea 60,58.74,Transporte
10318,2353,reparacion de cerradura,330.55,Vivienda
10319,339,cuota prestamo banco,180.3,Deudas
10320,529,compra libros de texto,249.69,Educacion
10321,2102,cuota prestamo banco,348.9,Deudas
10322,1136,salida al cine,70.84,Ocio
10323,2732,cuota jardin de infantes,574.42,Educacion
10324,1952,expensas del edificio,773.12,Vivienda
10325,419,plazo fijo,1433.15,Ahorros
10326,2353,taller de ingles,354.97,Educacion
10327,1680,tarjeta suscripcion spotify,59.64,Ocio
10328,85,qbono internet fibertel,111.21,Servicios
10329,2300,tarjeta almacen san martin,377.08,Alimentacion
10330,1752,fondo comun de inversion,1306.2,Ahorros
10331,126,pago saldo refinanciado,499.04,Deudas
10332,2658,taller de ingles,321.87,Educacion
10333,2028,cuota prepaga osde,343.61,Salud
10334,1429,cuota universidad,556.72,Educacion
10335,2352,matricula del colegio,479.32,Educacion
10336,2896,compra dolares banco,844.86,Ahorros
10337,1290,abono internet fibertel,168.19,Servicios
10338,2703,viaje cabify,70.65,Transporte
10339,644,compra libros de texto,321.86,Educacion
10340,2906,compra dolares banco,638.95,Ahorros
10341,2559,compra combustible ypf,61.69,Transporte
10342,2255,pqgo de pago tarjeta de credito,603.25,Deudas
10343,574,compra farmacia,142.83,Salud
10344,2923,compra compra ferreteria,524.77,Vivienda
10345,2559,viaje cabify,36.39,Transporte
10346,2022,movimiento: plqzo fijo,1403.94,Ahorros
10347,1668,suscripcion spotify,88.4,Ocio
10348,2249,fac plazo fijo,535.89,Ahorros
10349,2871,pago tarjeta de credito,638.9,Deudas
10350,1308,pqgo de transferencia ahorro mensual,540.31,Ahorros
10351,137,compra libros de texto,761.14,Ahorros
10352,130,juegos de consola,77.03,Ocio
10353,1219,servicio de agua aysa,124.11,Servicios
10354,1018,cuota universidad,410.73,Educacion
10355,432,compra panaderia,69.65,Alimentacion
10356,2588,transferencia ahorro mensual,181.96,Ahorros
10357,2383,combustible shell,35.54,Transporte
10358,2574,abono internet fibertel,137.12,Servicios
10359,2606,cuota prestamo auto,279.8,Deudas
10360,909,cuota prestamo banco,295.1,Educacion
10361,2014,tarjeta almacen san martin,383.37,Alimentacion
10362,2558,impuestos municipales,122.5,Servicios
10363,209,transferencia ahorro mensual,522.73,Ahorros
10364,1985,optica lentes,207.7,Salud
10365,58,cuota prestamo auto,937.2,Deudas
10366,2008,pago tarjeta de credito,481.81,Deudas
10367,2864,pqgo de transferencia ahorro mensual,853.24,Ahorros
10368,1369,cuotq prestamo banco,594.9,Deudas
10369,1038,cuotq universidad,676.7,Deudas
10370,1383,taller de ingles,710.94,Educacion
10371,377,dentista limpieza,294.61,Salud
10372,2291,salida al cine,102.66,Ocio
10373,993,consulta medica de control,375.31,Salud
10374,2939,taxis de la ciudad,39.53,Vivienda
10375,415,impuestos municipales,86.46,Servicios
10376,394,compra farmacia,100.93,Salud
10377,729,pago de compra ferreteria,680.89,Vivienda
10378,358,cuota prestamo banco,997.22,Deudas
10379,1600,tarjeta carniceria central,190.94,Alimentacion
10380,1182,plazo fijo,1391.64,Ahorros
10381,2722,suscripcion netflix,82.74,Alimentacion
10382,2066,combustible shell,45.38,Transporte
10383,2776,consulta medica de control,383.23,Salud
10384,2609,cuota jardin de infantes,593.33,Educacion
10385,1592,entradas recital,82.43,Ocio
10386,155,fondo comun de inversion,131.88,Ahorros
10387,1591,viaje cabify,39.38,Transporte
10388,1555,taller de ingles,632.96,Educacion
10389,487,servicio de qgua aysa,140.92,Servicios
10390,2199,abono internet fibertel,141.64,Servicios
10391,1383,movimiento: servicio de plomeria,940.33,Vivienda
10392,2416,cuota prepaga osde,299.57,Salud
10393,1071,pqgo saldo refinanciado,238.71,Deudas
10394,2255,carga sube,45.27,Transporte
10395,2498,cuota universidad,717.24,Educacion
10396,1507,cuota jardin de infantes,616.94,Educacion
10397,1876,supermercado coto,81.51,Alimentacion
10398,924,servicio de agua aysa,144.77,Servicios
10399,2745,pintura habitacion,767.35,Vivienda
10400,2618,peaje autopista,38.15,Transporte
10401,2191,pago saldo refinanciado,387.49,Deudas
10402,1071,expensas comunes,1065.76,Vivienda
10403,191,verduleria de la esquina,354.75,Alimentacion
10404,140,pago de intereses,248.08,Deudas
10405,615,servicio de agua aysa,114.68,Servicios
10406,2973,medicamentos recetados,302.74,Salud
10407,1515,consulta medica de control,257.14,Salud
10408,624,fac abono internet fibertel,73.66,Servicios
10409,1340,viaje cabify,23.2,Transporte
10410,1346,utiles escolares,511.15,Educacion
10411,87,impuestos municipales,116.88,Servicios
10412,1918,pago de suscripcion spotify,64.66,Transporte
10413,282,factura gas metrogas,162.71,Servicios
10414,2812,viaje uber,60.01,Transporte
10415,1098,abono telefonia movil,54.78,Deudas
10416,453,combustible ypf,21.54,Transporte
10417,47,servicio de agua aysa,75.1,Vivienda
10418,1612,pago tarjeta de credito,196.47,Deudas
10419,2986,fac pago saldo refinanciado,343.75,Deudas
10420,2079,pago de utiles escolares,200.75,Educacion
10421,2582,impuestos municipqles,110.46,Servicios
10422,2065,pago tarjeta de credito,863.78,Deudas
10423,1684,expensas del edificio,225.51,Vivienda
10424,1259,viaje uber,63.12,Transporte
10425,392,abono telefonia movil,108.68,Servicios
10426,354,compra supermercado dia,296.6,Alimentacion
10427,305,combustible shell,16.82,Transporte
10428,1623,factura luz edesur,106.88,Servicios
10429,1574,almacen san martin,65.84,Alimentacion
10430,1564,abono internet fibertel,198.56,Alimentacion
10431,1613,compra compra libros de texto,540.48,Educacion
10432,1949,dentista limpieza,164.86,Salud
10433,2557,taxis de la ciudad,17.98,Transporte
10434,712,impuestos municipales,69.29,Servicios
10435,1419,inversion en acciones,528.94,Ahorros
10436,2733,fondo comun de inversion,736.95,Ahorros
10437,786,pqgo tarjeta de credito,350.18,Deudas
10438,857,fac colectivo linea 60,36.15,Transporte
10439,177,compras fiambreria,209.99,Alimentacion
10440,1430,fac pago tarjeta de credito,991.39,Deudas
10441,2349,colectivo lineq 60,18.19,Educacion
10442,2493,expensas comunes,246.61,Vivienda
10443,2069,compra servicio de plomeria,517.54,Vivienda
10444,711,viaje uber,25.93,Transporte
10445,2749,reparacion de cerradura,1194.43,Vivienda
10446,1868,factura luz edesur,191.5,Servicios
10447,152,cena restaurante,87.13,Ocio
10448,2907,suscripcion netflix,100.7,Ocio
10449,1467,pago alquiler mensual,611.66,Vivienda
10450,96,colectivo linea 60,20.81,Transporte
10451,1099,cuota jardin de infantes,506.63,Educacion
10452,2926,consulta medica de control,47.35,Salud
10453,640,optica lentes,491.79,Salud
10454,1157,pago alquiler mensual,919.61,Educacion
10455,2448,cuota universidad,790.81,Educacion
10456,2294,compra combustible shell,11.79,Transporte
10457,112,cerveceria artesanal,92.05,Ocio
10458,1194,entradas recital,23.71,Ocio
10459,1623,cuota prestamo banco,316.47,Deudas
10460,1634,combustible ypf,12.18,Transporte
10461,1162,cuota prestamo auto,952.52,Deudas
10462,1618,cuota prestamo banco,710.87,Deudas
10463,1260,compra ferreteria,210.21,Vivienda
10464,1672,abono internet fibertel,181.14,Servicios
10465,2842,factura luz edesur,146.86,Servicios
10466,1595,almacen san martin,182.04,Alimentacion
10467,2164,supermercado coto,106.32,Salud
10468,1496,cuota prestamo banco,597.86,Deudas
10469,2982,compra supermercado dia,320.75,Alimentacion
10470,1225,medicamentos recetados,189.27,Salud
10471,292,compra cafeteria,48.65,Ocio
10472,2390,pago de intereses,342.28,Deudas
10473,1015,cuota universidad,297.9,Educacion
10474,1634,cuota jardin de infantes,672.85,Educacion
10475,1240,expensas del edificio,606.38,Vivienda
10476,1660,reparacion de cerradura,916.73,Vivienda
10477,585,impuestos municipales,139.12,Servicios
10478,1914,salida al cine,46.75,Ocio
10479,2027,pago saldo refinanciado,165.23,Deudas
10480,1493,compra cafeteria,106.25,Ocio
10481,27,qbono internet fibertel,57.92,Servicios
10482,1701,utiles escolares,168.19,Educacion
10483,455,suscripcion netflix,124.69,Ocio
10484,918,supermercado coto,153.79,Alimentacion
10485,2628,analisis de sangre,282.32,Deudas
10486,14,cuota prestamo banco,420.89,Deudas
10487,2146,optica lentes,50.56,Ocio
10488,279,almacen san martin,160.44,Alimentacion
10489,1964,estudios clinicos,486.65,Salud
10490,490,expensqs del edificio,1102.63,Vivienda
10491,985,cuota prestamo auto,518.12,Deudas
10492,961,compra dolares banco,753.8,Ahorros
10493,1783,pintura habitacion,811.99,Vivienda
10494,2672,abono internet fibertel,153.37,Servicios
10495,2255,carniceria central,105.66,Educacion
10496,1888,plazo fijo,510.95,Ahorros
10497,1870,expensas comunes,957.04,Vivienda
10498,1597,inversion en acciones,992.18,Ahorros
10499,2645,comprq farmacia,267.79,Salud
10500,2743,curso de programacion,309.97,Educacion
10501,1263,compras fiambreria,107.75,Alimentacion
10502,250,analisis de sangre,442.19,Salud
10503,1607,utiles escolares,652.54,Educacion
10504,740,compra cena restaurante,60.58,Ocio
10505,306,pqgo de intereses,664.92,Vivienda
10506,1807,verduleriq y fruteria,202.07,Alimentacion
10507,1937,dentistq limpieza,268.12,Salud
10508,1826,supermercado carrefour,318.46,Alimentacion
10509,2766,matricula del colegio,341.39,Educacion
10510,183,cuota prestamo banco,235.35,Deudas
10511,2693,reparacion electrica,487.8,Vivienda
10512,30,compra dolares banco,1222.12,Ahorros
10513,1412,fac compra cafeteria,40.66,Ocio
10514,767,entrqdas recital,101.56,Ocio
10515,615,fac curso de programacion,599.07,Educacion
10516,1005,matricula del colegio,386.29,Educacion
10517,2122,fac abono telefonia movil,197.43,Servicios
10518,24,tarjeta pago saldo refinanciado,902.41,Deudas
10519,2476,impuestos municipales,192.79,Servicios
10520,1056,pago de almacen san martin,236.33,Alimentacion
10521,2911,movimiento: almacen san martin,138.52,Alimentacion
10522,2387,salida al cine,131.99,Ocio
10523,1971,consulta medica de control,434.93,Salud
10524,2005,comprq dolares banco,1374.45,Ahorros
10525,1539,abono internet fibertel,143.08,Servicios
10526,2560,combustible shell,60.88,Transporte
10527,672,analisis de sangre,176.29,Salud
10528,2925,pago de intereses,470.13,Deudas
10529,571,compras fiambreria,255.43,Alimentacion
10530,764,taller de ingles,379.06,Educacion
10531,1243,compras fiambreria,264.06,Alimentacion
10532,713,plazo fijo,225.58,Ahorros
10533,2637,abono internet fibertel,160.58,Servicios
10534,767,curso de programacion,792.91,Educacion
10535,1783,juegos de consola,104.55,Ocio
10536,1294,optica lentes,447.03,Salud
10537,2867,compra farmacia,249.1,Salud
10538,1675,abono internet fibertel,157.39,Servicios
10539,2126,movimiento: factura gas metrogas,64.56,Servicios
10540,2058,servicio de agua aysa,56.77,Servicios
10541,1492,taxis de la ciudad,30.08,Transporte
10542,1360,viaje uber,43.15,Transporte
10543,636,curso de programacion,320.0,Educacion
10544,1210,reparacion electrica,671.68,Alimentacion
10545,2640,servicio de agua aysa,183.58,Servicios
10546,2766,consultq medica de control,215.49,Salud
10547,2613,cuota jardin de infantes,263.66,Educacion
10548,1692,colectivo linea 60,31.86,Transporte
10549,1298,compra supermercado dia,142.37,Alimentacion
10550,2458,transferencia ahorro mensual,1275.61,Ahorros
10551,358,expensas del edificio,1155.98,Vivienda
10552,1671,cuota prestamo banco,409.49,Deudas
10553,2146,pago de abono internet fibertel,34.82,Vivienda
10554,1007,supermercado coto,238.97,Alimentacion
10555,241,impuestos municipales,59.52,Servicios
10556,2605,tarjeta taxis de la ciudad,46.67,Transporte
10557,2759,estudios clinicos,465.62,Salud
10558,1827,tarjeta verduleria de la esquina,246.03,Alimentacion
10559,1265,servicio de agua aysa,51.75,Servicios
10560,156,analisis de sangre,375.95,Salud
10561,352,cerveceria artesanal,133.0,Ocio
10562,44,factura luz edesur,158.05,Servicios
10563,2640,cuota prepaga osde,454.09,Salud
10564,138,viaje cabify,40.4,Transporte
10565,1968,plqzo fijo,384.86,Ahorros
10566,2484,compra dolares banco,904.81,Ahorros
10567,754,factura luz edesur,31.42,Transporte
10568,143,matricula del colegio,637.06,Educacion
10569,1847,fac servicio de plomeria,605.88,Vivienda
10570,2310,compra expensas del edificio,810.23,Transporte
10571,2560,supermercado carrefour,397.14,Alimentacion
10572,2721,compra ferreteria,425.37,Vivienda
10573,62,servicio de agua aysa,121.04,Servicios
10574,1591,cuota jardin de infantes,155.83,Educacion
10575,1447,transferencia ahorro mensual,1456.62,Ahorros
10576,1420,compra ferreteria,375.24,Vivienda
10577,2020,tarjeta dentista limpieza,107.33,Salud
10578,2079,salida al cine,122.81,Ocio
10579,2997,expensas del edificio,255.1,Vivienda
10580,2850,viaje cabify,67.01,Transporte
10581,1193,utiles escolares,724.92,Educacion
10582,2314,compra ferreteria,785.03,Vivienda
10583,2356,compra libros de texto,492.02,Educacion
10584,2507,compra dolares banco,530.69,Ahorros
10585,334,pago alquiler mensual,379.63,Vivienda
10586,2563,suscripcion spotify,61.0,Ocio
10587,2489,compra ferreteria,617.95,Vivienda
10588,2721,compra supermercado dia,166.49,Alimentacion
10589,2439,colectivo lineq 60,26.59,Transporte
10590,1796,suscripcion spotify,121.97,Ocio
10591,2983,cuota prestamo auto,497.53,Deudas
10592,2608,movimiento: plazo fijo,239.65,Ahorros
10593,254,pintura habitacion,805.74,Vivienda
10594,1424,juegos de consola,31.4,Ocio
10595,1028,wstudios clinicos,456.78,Salud
10596,1912,compra dolares banco,883.18,Ahorros
10597,2167,pago saldo refinanciado,271.07,Deudas
10598,996,fac compras fiambreria,222.24,Vivienda
10599,470,taxis de la ciudad,35.61,Transporte
10600,1494,fondo comun de inversion,497.42,Ahorros
10601,2833,consultq medica de control,321.01,Salud
10602,1888,dentista limpieza,430.4,Salud
10603,1524,transferencia ahorro mensual,401.7,Ahorros
10604,1094,opticq lentes,136.1,Salud
10605,694,compra taller de ingles,381.86,Educacion
10606,2913,suscripcion spotify,149.07,Ocio
10607,2824,consulta medica de control,156.27,Salud
10608,1394,pago de pago tarjeta de credito,651.47,Deudas
10609,2045,combustible ypf,39.4,Transporte
10610,181,juegos de consola,44.27,Ocio
10611,1221,combustible shell,70.46,Transporte
10612,47,inversion en acciones,1465.55,Ahorros
10613,634,juegos de consola,52.83,Ocio
10614,1164,trqnsferencia ahorro mensual,325.1,Ahorros
10615,1689,reparacion electrica,1081.01,Vivienda
10616,1564,consulta medica de control,358.16,Salud
10617,1451,combustible ypf,68.09,Transporte
10618,589,pago saldo refinanciado,244.26,Vivienda
10619,1878,reparacion electrica,662.49,Vivienda
10620,2358,peaje autopista,52.33,Transporte
10621,2322,transferencia ahorro mensual,338.13,Ahorros
10622,1563,cuota prestamo auto,237.37,Deudas
10623,840,matricula del colegio,382.34,Educacion
10624,1414,pago de intereses,580.14,Deudas
10625,2507,matricula del colegio,393.47,Educacion
10626,733,impuestos municipqles,196.93,Servicios
10627,2409,cuota jardin de infantes,748.9,Educacion
10628,1018,utiles escolares,245.94,Educacion
10629,2710,pago alquiler mensual,595.88,Vivienda
10630,2747,utiles escolares,128.91,Educacion
10631,1455,qbono telefonia movil,192.17,Servicios
10632,2933,estudios clinicos,132.87,Salud
10633,758,compra ferreteria,823.6,Vivienda
10634,2003,pago saldo refinanciado,976.67,Deudas
10635,621,cerveceriq artesanal,121.31,Ocio
10636,1889,pago tarjeta de credito,783.95,Deudas
10637,182,colectivo linea 60,67.66,Transporte
10638,2734,transferencia ahorro mensual,885.01,Deudas
10639,2729,impuestos municipales,41.65,Servicios
10640,2296,curso de programacion,122.01,Transporte
10641,2668,compra servicio de agua aysa,185.06,Servicios
10642,1321,movimiento: carga sube,30.64,Transporte
10643,1800,expensqs comunes,797.93,Vivienda
10644,2078,factura luz edesur,164.99,Servicios
10645,1326,combustible ypf,73.73,Transporte
10646,1500,pago tarjeta de credito,901.74,Deudas
10647,2921,matricula del colegio,731.38,Ocio
10648,948,compra libros de texto,676.97,Servicios
10649,1376,pqgo de intereses,392.41,Deudas
10650,985,verduleria de la esquina,121.08,Alimentacion
10651,2365,fac entradas recital,35.23,Ocio
10652,2785,carga sube,30.49,Transporte
10653,1421,compra panaderia,158.48,Alimentacion
10654,2216,factura luz edesur,135.71,Salud
10655,2791,reparacion de cerradura,666.39,Vivienda
10656,126,compra supermercado dia,203.76,Alimentacion
10657,2621,entradas recital,49.45,Ocio
10658,120,juegos de consolq,42.1,Ocio
10659,1452,optica lentes,485.65,Salud
10660,1009,juegos de consola,85.69,Ocio
10661,1214,inversion en acciones,755.18,Ahorros
10662,1452,movimiento: suscripcion netflix,84.18,Ocio
10663,2608,compra supermercado dia,313.16,Alimentacion
10664,697,cerveceria artesanal,78.38,Ocio
10665,2271,pago de intereses,693.42,Deudas
10666,1516,abono internet fibertel,122.99,Servicios
10667,1035,pago de intereses,761.76,Deudas
10668,2841,movimiento: pago tarjeta de credito,487.69,Deudas
10669,1536,transferencia ahorro mensual,392.96,Ahorros
10670,814,optica lentes,355.39,Salud
10671,310,factura gas metrogas,190.53,Servicios
10672,1012,compra cafeteria,27.48,Ocio
10673,2797,tqrjeta combustible ypf,25.86,Transporte
10674,1058,cuota universidad,170.1,Educacion
10675,1019,movimiento: optica lentes,182.6,Salud
10676,2529,utiles escolares,463.61,Educacion
10677,2622,inversion en acciones,195.73,Ahorros
10678,825,pago de intereses,395.14,Transporte
10679,2045,compra dolares banco,1332.25,Ahorros
10680,1117,transferencia ahorro mensual,254.91,Ahorros
10681,628,cuota prestamo banco,428.62,Deudas
10682,1157,cuota prestamo banco,171.44,Deudas
10683,2892,salida al cine,60.76,Ocio
10684,989,cena restaurante,89.36,Ocio
10685,2467,entradas recital,93.58,Ocio
10686,1492,cerveceria artesanal,56.19,Ocio
10687,1829,inversion en acciones,230.3,Salud
10688,2078,compra panaderia,303.07,Alimentacion
10689,1993,cena restaurante,78.73,Ocio
10690,2346,cuota prestamo banco,622.28,Deudas
10691,1085,verduleria de la esquina,160.28,Alimentacion
10692,2506,juegos de consolq,136.88,Ocio
10693,2352,plazo fijo,288.21,Ahorros
10694,340,pago de suscripcion netflix,42.59,Ocio
10695,2496,combustiblw ypf,20.54,Transporte
10696,1860,compras fiambreria,124.56,Alimentacion
10697,1326,pqgo alquiler mensual,1131.92,Vivienda
10698,2929,suscripcion spotify,76.91,Ocio
10699,2588,inversion en acciones,466.55,Ahorros
10700,2533,matricula del colegio,311.02,Educacion
10701,77,abono internet fibertel,124.79,Servicios
10702,1657,suscripcion netflix,25.91,Alimentacion
10703,2563,cerveceria artesanal,34.29,Ocio
10704,1573,fac compra dolares banco,1143.87,Ahorros
10705,2992,compra libros de texto,216.31,Educacion
10706,2707,carga sube,17.14,Transporte
10707,92,cuota prestamo banco,795.96,Deudas
10708,1875,analisis de sangre,432.72,Salud
10709,466,transferencia ahorro mensual,1475.19,Ahorros
10710,2514,curso de programacion,127.83,Educacion
10711,2738,compras fiambreria,247.57,Alimentacion
10712,1353,pago alquiler mensual,462.28,Deudas
10713,1309,fondo comun de inversion,1461.03,Ahorros
10714,947,pago de compra panaderia,163.89,Salud
10715,554,pago tarjeta de credito,210.81,Deudas
10716,2041,pago saldo refinanciado,478.31,Deudas
10717,2157,inversion en acciones,1146.19,Ahorros
10718,92,inversion en acciones,615.43,Ahorros
10719,1003,comprq cafeteria,116.69,Ocio
10720,368,compra cuota universidad,227.4,Educacion
10721,820,abono internet fibertel,144.21,Servicios
10722,423,plazo fijo,642.05,Ahorros
10723,572,cuota universidad,565.47,Educacion
10724,2910,cuota prepaga osde,451.34,Salud
10725,1264,fondo comun de inversion,766.91,Ahorros
10726,435,supermercado coto,175.54,Alimentacion
10727,2260,compra panaderia,233.2,Alimentacion
10728,1424,servicio de plomeria,302.26,Vivienda
10729,1634,carga sube,35.44,Transporte
10730,2574,factura gas metrogas,196.46,Servicios
10731,1754,fac combustible ypf,27.66,Salud
10732,468,factura luz edesur,65.99,Servicios
10733,1194,pago saldo refinanciado,192.98,Deudas
10734,1843,movimiento: pago saldo refinanciado,462.77,Deudas
10735,792,analisis de sangre,54.32,Salud
10736,2923,fac compra dolares banco,603.19,Ahorros
10737,2258,cena restaurante,122.46,Ocio
10738,2304,expensas del edificio,601.21,Vivienda
10739,1707,cuota prestamo banco,815.09,Deudas
10740,73,expensas comunes,765.8,Vivienda
10741,147,pintura habitacion,750.75,Vivienda
10742,317,tarjeta cuota prestamo banco,845.43,Servicios
10743,606,servicio de plomeria,880.78,Vivienda
10744,575,compras fiambreria,367.17,Alimentacion
10745,1178,movimiento: compra cafeteria,64.14,Ocio
10746,2595,pago tarjeta de credito,743.88,Deudas
10747,2883,medicamentos recetados,124.21,Salud
10748,312,carga sube,64.04,Transporte
10749,2856,cerveceria artesanal,129.36,Ocio
10750,765,compras fiambreria,177.2,Alimentacion
10751,2182,utiles escolares,158.64,Educacion
10752,2996,fac cena restaurante,88.23,Ocio
10753,436,pago tarjeta de credito,550.18,Deudas
10754,358,abono internet fibertel,97.68,Servicios
10755,2978,cerveceriq artesanal,142.27,Ocio
10756,2931,viaje uber,62.61,Transporte
10757,2300,cuota prestamo banco,276.57,Deudas
10758,135,pago de intereses,335.74,Deudas
10759,523,comprq matricula del colegio,130.99,Educacion
10760,804,compra farmacia,457.21,Salud
10761,2708,compra pago saldo refinanciado,475.14,Deudas
10762,2367,pago de utiles escolares,235.32,Educacion
10763,80,movimiento: analisis de sangre,314.95,Salud
10764,1477,plazo fijo,651.69,Ahorros
10765,2462,inversion en acciones,1176.85,Ahorros
10766,2041,movimiento: factura gas metrogas,81.06,Servicios
10767,368,pqgo saldo refinanciado,512.37,Deudas
10768,1007,movimiento: comprq libros de texto,691.56,Educacion
10769,993,utiles escolares,398.19,Educacion
10770,596,pago de utiles escolares,335.4,Educacion
10771,1897,combustible shell,49.2,Transporte
10772,2749,dentista limpieza,246.95,Salud
10773,1045,fac cuota prestamo banco,993.88,Deudas
10774,2597,cena restaurante,38.97,Ocio
10775,2294,fondo comun de inversion,478.1,Ahorros
10776,2331,abono telefonia movil,168.22,Servicios
10777,2662,cerveceria artesanal,113.73,Ocio
10778,2979,expensas comunes,628.34,Vivienda
10779,2854,factura gas metrogas,163.25,Servicios
10780,2280,reparacion de cerradura,765.73,Vivienda
10781,2364,qbono telefonia movil,163.77,Servicios
10782,2886,matricula del colegio,780.3,Educacion
10783,1824,combustible ypf,30.76,Transporte
10784,2012,abono internet fibertel,172.06,Servicios
10785,2000,fac pago tarjeta de credito,819.49,Deudas
10786,411,viaje cabify,38.27,Transporte
10787,2293,fac salida al cine,106.9,Ocio
10788,387,compra ferreteria,382.65,Vivienda
10789,2737,cuota universidad,244.1,Educacion
10790,1749,pago de compra panaderia,331.27,Alimentacion
10791,2406,suscripcion netflix,64.13,Deudas
10792,1022,pqgo saldo refinanciado,713.74,Deudas
10793,2662,viaje uber,23.72,Transporte
10794,2846,verduleriq de la esquina,111.31,Alimentacion
10795,2070,plazo fijo,1371.26,Ahorros
10796,19,fac colectivo linea 60,72.15,Transporte
10797,276,pago de intereses,389.76,Deudas
10798,659,utiles escolares,198.24,Educacion
10799,2946,carga sube,66.94,Transporte
10800,552,taller de ingles,782.21,Educacion
10801,679,transferencia ahorro mensual,828.52,Ahorros
10802,603,juegos de consola,42.99,Ocio
10803,365,dentistq limpieza,121.46,Salud
10804,1974,cuota prestamo auto,155.94,Deudas
10805,795,verduleria de la esquina,151.33,Alimentacion
10806,1359,compra dolares banco,1138.84,Ahorros
10807,2700,fondo comun de inversion,1284.17,Ocio
10808,1775,pago alquiler mensual,1113.8,Vivienda
10809,590,cuota prestamo auto,425.99,Deudas
10810,199,cuota prepaga osde,350.33,Salud
10811,2065,movimiento: suscripcion spotify,54.88,Ocio
10812,218,pago saldo refinanciado,281.21,Deudas
10813,741,transferencia ahorro mensual,1086.76,Ahorros
10814,650,pqgo saldo refinanciado,641.56,Deudas
10815,2195,compra transferencia ahorro mensual,1499.65,Ahorros
10816,670,servicio de plomeria,1121.41,Vivienda
10817,1438,carniceria central,147.89,Alimentacion
10818,665,abono internet fibertel,134.92,Ahorros
10819,856,reparacion de cerradura,1104.5,Vivienda
10820,2378,tarjeta carniceria central,146.94,Alimentacion
10821,895,analisis de sangre,300.47,Salud
10822,1894,fqctura luz edesur,159.95,Alimentacion
10823,1187,estudios clinicos,462.96,Salud
10824,1843,supermercado carrefour,133.14,Alimentacion
10825,2149,impuestos municipales,56.93,Servicios
10826,327,pago de intereses,306.07,Deudas
10827,2375,movimiento: cuota universidad,118.3,Alimentacion
10828,2058,cena restaurante,118.52,Ocio
10829,2401,compra farmacia,178.5,Salud
10830,183,curso de programacion,548.47,Educacion
10831,455,consulta medica de control,242.83,Salud
10832,1670,compra colectivo linea 60,45.89,Transporte
10833,6,impuestos municipales,121.94,Servicios
10834,1357,factura gas metrogas,191.3,Servicios
10835,211,pago de intereses,960.99,Transporte
10836,51,supermercado carrefour,77.03,Alimentacion
10837,1469,viaje uber,20.57,Transporte
10838,1010,compra viaje uber,52.01,Vivienda
10839,377,optica lentes,424.67,Salud
10840,2688,servicio de agua aysa,38.06,Servicios
10841,2818,impuestos municipales,188.46,Servicios
10842,1075,servicio de agua aysa,49.05,Servicios
10843,154,supermercado carrefour,192.62,Alimentacion
10844,582,combustible shell,54.55,Transporte
10845,788,pago de intereses,589.12,Deudas
10846,791,plazo fijo,123.5,Ocio
10847,2182,factura luz edesur,109.1,Servicios
10848,2268,compras fiambreria,397.31,Alimentacion
10849,163,servicio de plomeria,418.16,Vivienda
10850,971,pago de intereses,671.67,Deudas
10851,648,matricula del colegio,160.08,Ahorros
10852,2617,carniceria central,327.51,Alimentacion
10853,1526,fqctura gas metrogas,49.25,Servicios
10854,946,cerveceria artesanal,132.29,Ocio
10855,689,movimiento: transferencia ahorro mensual,1199.73,Ahorros
10856,2163,expensas comunes,249.74,Vivienda
10857,1523,compra pintura habitacion,593.89,Vivienda
10858,1496,pago de intereses,848.39,Deudas
10859,2048,servicio de plomeria,849.83,Vivienda
10860,1173,compra farmacia,210.87,Educacion
10861,123,abono internet fibertel,65.6,Servicios
10862,804,compra libros de texto,398.14,Educacion
10863,2887,plazo fijo,560.92,Ahorros
10864,1093,cuota jardin de infantes,571.88,Educacion
10865,2874,transferencia ahorro mensual,463.95,Ahorros
10866,63,suscripcion spotify,64.76,Ocio
10867,733,entradas recital,121.07,Ocio
10868,2638,cerveceria artesanal,22.58,Ocio
10869,1658,pago de servicio de agua aysa,81.76,Servicios
10870,948,reparacion electrica,751.89,Vivienda
10871,2265,tqrjeta pago alquiler mensual,896.73,Vivienda
10872,479,compra dolares banco,366.89,Ahorros
10873,1138,abono internet fibertel,82.76,Servicios
10874,1997,comprq cafeteria,71.97,Ocio
10875,1404,pago de supermercado carrefour,205.66,Alimentacion
10876,977,impuestos municipales,141.45,Servicios
10877,237,salida al cine,106.63,Ahorros
10878,2524,pintura habitacion,562.74,Vivienda
10879,1955,pago de intereses,705.09,Deudas
10880,598,abono telefonia movil,33.07,Servicios
10881,1703,cuota prestamo auto,821.59,Deudas
10882,2177,transferencia ahorro mensual,942.69,Ahorros
10883,2558,movimiento: carniceria central,351.24,Alimentacion
10884,165,movimiento: compra farmacia,306.21,Salud
10885,2325,combustible shell,68.11,Transporte
10886,2305,medicamentos recetados,355.88,Salud
10887,570,viaje cabify,24.37,Educacion
10888,141,suscripcion netflix,38.24,Ocio
10889,686,compra dolares banco,120.64,Ahorros
10890,687,fac combustible shell,25.7,Transporte
10891,2764,reparacion de cerradura,513.58,Vivienda
10892,2039,matricula del colegio,578.13,Educacion
10893,1075,compra libros de texto,287.6,Educacion
10894,1527,compra supermercado dia,370.19,Transporte
10895,1283,suscripcion spotify,24.63,Ocio
10896,2226,tarjeta compra libros de texto,577.19,Educacion
10897,922,suscripcion spotify,135.14,Ocio
10898,2591,pintura habitacion,481.83,Ahorros
10899,1342,compra cafeteria,51.16,Ahorros
10900,1690,compra dolares banco,1287.97,Ahorros
10901,364,fac compras fiambreria,344.27,Alimentacion
10902,1079,cena restaurante,99.35,Ocio
10903,1068,compra supermercado dia,56.89,Alimentacion
10904,2641,fqctura luz edesur,187.77,Servicios
10905,2031,reparacion de cerradura,1042.72,Vivienda
10906,2590,juegos de consola,140.68,Ocio
10907,2370,factura gas metrogas,68.26,Servicios
10908,2696,curso de programacion,795.79,Educacion
10909,2062,movimiento: compra dolares banco,263.5,Ahorros
10910,1381,pago saldo refinanciado,400.67,Deudas
10911,1507,optica lentes,190.65,Salud
10912,618,verduleria y fruteria,82.15,Alimentacion
10913,359,cuota prestamo banco,530.67,Deudas
10914,1342,reparacion electrica,441.25,Vivienda
10915,1983,factura luz edesur,51.65,Servicios
10916,1615,expensas del edificio,379.44,Vivienda
10917,194,impuestos municipales,82.25,Servicios
10918,363,compra panaderia,224.4,Alimentacion
10919,1120,supermercado carrefour,113.28,Alimentacion
10920,1064,combustible shell,67.65,Transporte
10921,2816,matricula del colegio,415.02,Educacion
10922,2445,cena restaurante,24.02,Ocio
10923,107,taxis de la ciudad,30.45,Vivienda
10924,527,supermercado coto,354.41,Alimentacion
10925,1953,transferencia ahorro mensual,1361.99,Educacion
10926,784,abono internet fibertel,107.54,Alimentacion
10927,2573,pago saldo refinanciado,778.92,Deudas
10928,1783,tarjeta cerveceria artesanal,81.47,Ocio
10929,1750,plazo fijo,111.19,Ahorros
10930,1067,cuota prestamo banco,248.79,Deudas
10931,2674,fac pintura habitacion,279.34,Vivienda
10932,1866,utiles escolares,687.99,Educacion
10933,2398,fac taxis de la ciudad,54.05,Transporte
10934,1465,verduleria de la esquina,351.45,Ocio
10935,1006,salida al cine,37.74,Ocio
10936,2590,estudios clinicos,186.51,Salud
10937,1635,expensas comunes,1188.05,Ahorros
10938,94,verduleria de la esquina,305.76,Alimentacion
10939,2044,entradas recital,64.73,Ocio
10940,2947,pago saldo refinanciado,556.87,Deudas
10941,89,expensas del edificio,938.85,Vivienda
10942,1954,pago de intereses,197.91,Deudas
10943,2551,compra dentista limpieza,321.04,Ocio
10944,2815,factura luz edesur,103.43,Servicios
10945,2042,fac estudios clinicos,308.49,Ahorros
10946,2262,cenq restaurante,85.57,Ocio
10947,1446,expensas del edificio,363.26,Vivienda
10948,526,compra entradas recital,49.33,Ocio
10949,2240,abono telefonia movil,186.77,Servicios
10950,1831,pago de intereses,625.3,Transporte
10951,2742,salida al cine,78.85,Ocio
10952,2690,compra ferreteria,840.46,Vivienda
10953,555,tarjeta fondo comun de inversion,780.86,Ahorros
10954,2435,abono internet fibertel,46.99,Servicios
10955,681,compra dolares banco,378.37,Ahorros
10956,2824,analisis de sangre,474.96,Salud
10957,1498,matricula del colegio,453.28,Educacion
10958,1632,carniceria central,64.93,Educacion
10959,203,pago saldo refinanciado,813.45,Deudas
10960,447,compras fiambreria,175.99,Alimentacion
10961,2948,tarjeta compras fiambreria,189.51,Alimentacion
10962,1116,abono internet fibertel,87.46,Servicios
10963,778,pago tarjeta de credito,640.14,Deudas
10964,2226,movimiento: cuota prepaga osde,187.19,Salud
10965,1687,combustible shell,53.06,Transporte
10966,829,comprq factura luz edesur,181.24,Salud
10967,559,fac curso de programacion,502.93,Servicios
10968,2023,compra supermercado dia,319.56,Alimentacion
10969,103,combustible shell,67.03,Transporte
10970,1297,movimiento: dentista limpieza,249.93,Salud
10971,1558,entradas recital,85.1,Ocio
10972,116,pago de compra supermercado dia,79.04,Transporte
10973,859,pago saldo refinanciado,942.77,Deudas
10974,2512,viaje cabify,11.74,Transporte
10975,104,compra libros de texto,234.46,Educacion
10976,2307,cuota prestamo banco,836.09,Deudas
10977,1332,taller de ingles,312.42,Educacion
10978,929,pqgo de intereses,309.62,Deudas
10979,2858,suscripcion netflix,56.11,Ocio
10980,2690,factura luz edesur,183.12,Servicios
10981,807,compra pago tarjeta de credito,894.91,Alimentacion
10982,560,compra dentista limpieza,192.27,Salud
10983,2075,taller de ingles,730.71,Educacion
10984,2556,pago de impuestos municipales,72.98,Servicios
10985,527,compra dolares banco,231.79,Ahorros
10986,2823,juegos de consola,103.16,Ocio
10987,953,compras fiambreria,270.85,Alimentacion
10988,298,pago saldo refinanciado,671.58,Deudas
10989,777,suscripcion spotify,93.75,Ocio
10990,361,supermercado carrefour,300.02,Alimentacion
10991,504,compra ferreteria,890.91,Vivienda
10992,1977,suscripcion spotify,84.91,Ocio
10993,2636,verduleria y fruteria,374.43,Alimentacion
10994,2078,cuota jardin de infantes,380.61,Educacion
10995,1463,cuota prepaga osde,196.61,Salud
10996,2174,impuestos municipales,101.1,Servicios
10997,596,cuota prestamo auto,749.79,Deudas
10998,1590,analisis de sangre,83.49,Salud
10999,1390,medicamentos recetados,148.65,Salud
11000,1876,estudios clinicos,325.48,Salud
11001,263,juegos de consola,120.43,Ocio
11002,2984,cerveceria artesanal,27.13,Ocio
11003,2920,estudios clinicos,371.65,Salud
11004,1864,compra cafeteria,88.68,Ocio
11005,2,transferencia ahorro mensual,917.97,Ahorros
11006,1934,pago de intereses,729.92,Deudas
11007,394,factura gas metrogas,189.3,Servicios
11008,306,tarjeta abono internet fibertel,90.86,Servicios
11009,1170,cuota prestamo auto,515.54,Deudas
11010,530,qbono internet fibertel,75.93,Servicios
11011,528,compra compra farmacia,362.18,Salud
11012,965,cuota prestamo banco,291.93,Deudas
11013,671,tarjeta cuota prestamo auto,338.84,Deudas
11014,2400,carniceria central,326.48,Alimentacion
11015,2858,compra libros de texto,368.56,Educacion
11016,2257,compra libros de texto,434.71,Deudas
11017,958,compras fiambreria,297.87,Alimentacion
11018,2253,juegos de consola,107.47,Ocio
11019,2673,cena restaurante,46.7,Ocio
11020,1714,reparacion de cerradura,205.31,Vivienda
11021,721,salida al cine,24.61,Ocio
11022,636,cena restaurante,20.85,Salud
11023,1039,fac compra supermercado dia,162.06,Alimentacion
11024,2906,matricula del colegio,539.66,Educacion
11025,2524,compra colectivo linea 60,24.94,Transporte
11026,2346,tarjeta servicio de agua aysa,77.16,Servicios
11027,557,compra dolares banco,171.16,Ahorros
11028,1118,fondo comun de inversion,777.16,Ahorros
11029,2155,transferencia ahorro mensual,1072.86,Ahorros
11030,128,factura gas metrogas,81.94,Salud
11031,1994,abono telefonia movil,95.05,Salud
11032,2507,compras fiambreria,301.32,Alimentacion
11033,38,juegos de consola,52.93,Ocio
11034,1633,curso de programacion,103.29,Educacion
11035,198,tarjeta cuota prestamo auto,365.74,Deudas
11036,2405,cuota prestamo auto,544.26,Deudas
11037,2055,compra ferreteria,929.65,Vivienda
11038,519,supermercado coto,348.84,Alimentacion
11039,2242,salida al cine,147.9,Educacion
11040,2364,carniceria central,224.45,Alimentacion
11041,1025,curso de programacion,576.68,Educacion
11042,1086,taller de ingles,617.52,Educacion
11043,2391,medicamentos recetados,142.41,Salud
11044,2649,utiles escolares,186.16,Educacion
11045,1042,cerveceria artesanal,24.45,Ocio
11046,620,fac cuota jardin de infantes,510.17,Educacion
11047,1395,tarjeta compra panaderia,385.33,Alimentacion
11048,2870,abono internet fibertel,49.35,Servicios
11049,1595,comprq farmacia,52.63,Salud
11050,1723,factura luz edesur,100.18,Servicios
11051,235,cuota jardin de infantes,783.91,Educacion
11052,447,opticq lentes,366.22,Salud
11053,610,cerveceria artesanal,29.73,Ocio
11054,8,carniceria central,199.03,Alimentacion
11055,462,cerveceria artesanal,116.73,Ocio
11056,1000,servicio de plomeria,923.43,Vivienda
11057,1335,reparacion de cerradura,348.24,Vivienda
11058,134,matricula del colegio,439.16,Vivienda
11059,2433,plazo fijo,146.64,Ahorros
11060,56,compra almacen san martin,133.04,Alimentacion
11061,993,dentista limpieza,155.65,Salud
11062,1384,expensas del edificio,1037.11,Vivienda
11063,1995,carga sube,11.01,Transporte
11064,1112,fondo comun dw inversion,1062.72,Ahorros
11065,2186,abono telefonia movil,121.82,Ahorros
11066,1524,tarjeta supermercado carrefour,243.23,Alimentacion
11067,2583,transferencia ahorro mensual,300.21,Ahorros
11068,144,juegos de consola,59.66,Alimentacion
11069,2917,taxis de la ciudad,67.94,Transporte
11070,2704,pago de supermercado coto,286.1,Ahorros
11071,2104,suscripcion netflix,24.92,Ocio
11072,620,factura luz edesur,114.94,Servicios
11073,1887,suscripcion netflix,35.26,Ocio
11074,1030,abono internet fibertel,95.91,Servicios
11075,2590,suscripcion spotify,46.9,Ocio
11076,2495,pago tarjeta de credito,933.43,Deudas
11077,2021,pago de colectivo linea 60,49.08,Transporte
11078,1409,pqgo de compra dolares banco,647.75,Ahorros
11079,2922,fondo comun de inversion,229.66,Ahorros
11080,639,transferencia ahorro mensual,554.53,Ahorros
11081,1657,qbono telefonia movil,193.21,Deudas
11082,2659,pago de fondo comun de inversion,1020.52,Ahorros
11083,837,compra supermercado dia,159.33,Alimentacion
11084,1586,cuota prepaga osde,161.1,Salud
11085,780,carga sube,69.76,Transporte
11086,837,supermercado carrefour,323.03,Alimentacion
11087,2558,utiles escolqres,271.21,Educacion
11088,2860,compras fiambreria,168.3,Alimentacion
11089,2612,optica lentes,136.25,Salud
11090,265,movimiento: cerveceriq artesanal,130.29,Ocio
11091,1217,cerveceria artesanal,22.58,Ocio
11092,1398,compra farmacia,103.78,Ocio
11093,2058,servicio de plomeriq,200.97,Vivienda
11094,302,impuestos municipales,47.6,Servicios
11095,1978,pago de juegos de consola,148.82,Ahorros
11096,805,peaje autopista,24.94,Transporte
11097,1076,compra compra dolares banco,1046.83,Ahorros
11098,1776,cerveceriq artesanal,148.42,Ocio
11099,99,colectivo linea 60,26.38,Transporte
11100,2641,impuestos municipales,169.51,Servicios
11101,1414,fac pago alquiler mensual,426.67,Vivienda
11102,1978,almacen san martin,381.71,Alimentacion
11103,357,plqzo fijo,144.92,Ahorros
11104,1664,pago saldo refinanciado,869.45,Deudas
11105,2976,taller de ingles,549.69,Educacion
11106,11,medicamentos recetados,266.08,Ocio
11107,81,reparacion electrica,656.01,Vivienda
11108,2054,movimiento: cuota prepaga osde,87.31,Salud
11109,2421,tarjeta pago de intereses,386.72,Deudas
11110,2529,utiles escolqres,165.5,Educacion
11111,222,pago tarjeta de credito,956.22,Deudas
11112,1941,compras fiambreria,74.57,Alimentacion
11113,1947,inversion en acciones,1232.66,Ahorros
11114,515,estudios clinicos,442.94,Salud
11115,221,carniceria central,235.06,Alimentacion
11116,2397,optica lentes,431.15,Salud
11117,228,taxis de la ciudad,18.74,Transporte
11118,2338,movimiento: servicio de agua aysa,107.6,Servicios
11119,293,reparacion de cerradura,863.97,Vivienda
11120,2858,movimiento: impuestos municipqles,49.27,Servicios
11121,956,analisis de sangre,272.42,Salud
11122,1498,suscripcion spotify,34.13,Ocio
11123,1281,impuestos municipales,32.15,Servicios
11124,1979,servicio de agua aysa,71.32,Servicios
11125,1530,cuota universidad,210.21,Educacion
11126,388,entradas recital,66.13,Ocio
11127,2663,wstudios clinicos,92.98,Salud
11128,2414,reparacion electrica,1091.85,Vivienda
11129,2706,suscripcion nwtflix,115.87,Ocio
11130,2338,estudios clinicos,184.79,Salud
11131,189,tarjeta servicio de agua aysa,109.47,Servicios
11132,918,movimiento: optica lentes,77.33,Salud
11133,1202,fondo comun de inversion,1259.71,Ahorros
11134,924,reparacion de cerradura,959.49,Vivienda
11135,2423,colectivo linea 60,22.1,Transporte
11136,1622,cerveceria artesanal,31.21,Ocio
11137,760,compra transferencia ahorro mensual,1184.51,Ahorros
11138,1478,tarjeta carga sube,25.67,Transporte
11139,2265,reparacion electrica,731.14,Vivienda
11140,1066,matricula del colegio,352.04,Educacion
11141,194,transferencia ahorro mensual,889.78,Servicios
11142,1351,impuestos municipales,151.94,Servicios
11143,1397,cuota jardin de infantes,214.51,Educacion
11144,1489,cena restaurante,60.94,Ocio
11145,163,compra dolares banco,1023.97,Ahorros
11146,276,servicio de plomeria,594.86,Vivienda
11147,364,viaje uber,37.57,Transporte
11148,1666,utiles escolares,673.09,Educacion
11149,2823,abono internet fibertel,190.67,Servicios
11150,2528,expensas del edificio,781.78,Vivienda
11151,2737,fac almacen san martin,118.4,Alimentacion
11152,2003,pago de pago saldo refinanciado,829.96,Deudas
11153,460,compra libros de texto,492.29,Educacion
11154,2587,combustible ypf,25.58,Transporte
11155,2133,dentista limpieza,228.44,Salud
11156,1732,tqller de ingles,679.3,Educacion
11157,1340,expensqs del edificio,654.02,Vivienda
11158,2291,fondo comun de inversion,173.96,Ahorros
11159,2928,transferencia ahorro mensual,106.17,Vivienda
11160,1366,tarjeta cuota prestamo auto,904.08,Deudas
11161,657,viaje uber,11.15,Transporte
11162,1107,cuota jardin de infantes,193.76,Educacion
11163,1384,pago saldo refinanciado,498.2,Deudas
11164,2136,pago tarjeta de credito,841.14,Deudas
11165,742,abono telefonia movil,179.33,Servicios
11166,1996,pago alquiler mensual,361.73,Vivienda
11167,2519,consulta medica de control,144.42,Salud
11168,1522,pago de intereses,385.51,Deudas
11169,2464,cuota prestamo auto,706.45,Deudas
11170,1624,utiles escolares,627.91,Educacion
11171,682,consultq medica de control,330.67,Salud
11172,1113,utiles escolares,130.42,Ocio
11173,1725,expensas comunes,265.58,Vivienda
11174,899,pago tarjeta de credito,335.72,Deudas
11175,601,taxis de la ciudad,15.68,Transporte
11176,1868,pago de intereses,344.23,Deudas
11177,1200,salida al cine,134.91,Ocio
11178,2824,expensas comunes,897.0,Vivienda
11179,2949,consulta medica de control,84.97,Salud
11180,483,compra libros de texto,237.78,Educacion
11181,2011,entradas recital,25.83,Ocio
11182,1143,supermercado coto,189.97,Alimentacion
11183,169,verduleria de la esquina,233.4,Alimentacion
11184,2022,compra farmacia,183.93,Salud
11185,2195,combustiblw shell,31.96,Transporte
11186,439,supermercado carrefour,308.12,Salud
11187,2936,pago de intereses,219.44,Deudas
11188,160,supermercado carrefour,85.94,Alimentacion
11189,814,cuota prestamo banco,295.33,Deudas
11190,2450,curso de programacion,466.87,Educacion
11191,586,reparacion de cerradura,214.7,Vivienda
11192,864,pago tarjeta de credito,206.85,Deudas
11193,1042,pago tarjeta de credito,725.94,Deudas
11194,140,pago tarjeta de credito,709.71,Deudas
11195,1139,estudios clinicos,60.3,Salud
11196,328,pago de pago de intereses,810.52,Deudas
11197,225,pago de supermercado coto,125.79,Alimentacion
11198,558,reparacion electrica,1163.77,Vivienda
11199,2487,compra libros de texto,621.8,Educacion
11200,1574,suscripcion spotify,75.46,Ocio
11201,1742,compra libros de texto,283.94,Educacion
11202,386,cuota universidad,459.25,Educacion
11203,521,fqc compra libros de texto,113.06,Educacion
11204,1277,transferencia ahorro mensual,339.68,Ahorros
11205,2668,optica lentes,297.94,Salud
11206,1122,colectivo linea 60,13.06,Transporte
11207,2835,movimiento: peaje autopista,78.99,Transporte
11208,2599,movimiento: pago de intereses,760.49,Deudas
11209,1834,cuota universidad,242.31,Educacion
11210,447,mqtricula del colegio,348.16,Educacion
11211,1243,tarjeta suscripcion spotify,148.52,Ocio
11212,107,movimiento: transferencia ahorro mensual,1290.88,Ahorros
11213,1500,servicio de agua aysa,114.04,Servicios
11214,2964,mqtricula del colegio,529.62,Educacion
11215,1478,cuota jardin de infantes,575.52,Vivienda
11216,904,inversion en acciones,877.35,Ahorros
11217,1632,inversion en acciones,388.06,Ahorros
11218,2592,combustible shell,51.46,Transporte
11219,1150,factura gas metrogas,193.72,Servicios
11220,1171,carniceria central,397.72,Alimentacion
11221,2328,pago alquiler mensual,1020.05,Vivienda
11222,24,movimiento: colectivo linea 60,20.39,Transporte
11223,952,pago de compra dolares banco,347.1,Ahorros
11224,1745,suscripcion netflix,91.52,Ocio
11225,2040,reparacion de cerradura,1093.52,Vivienda
11226,120,dentista limpieza,411.44,Salud
11227,1676,expensas comunes,938.24,Vivienda
11228,1321,movimiento: peaje autopista,32.6,Transporte
11229,855,cuotq universidad,211.74,Educacion
11230,1016,plazo fijo,501.29,Ahorros
11231,2992,salida al cine,38.11,Ocio
11232,448,taxis de la ciudad,42.5,Transporte
11233,1936,cena restaurante,29.88,Ocio
11234,1744,fondo comun de inversion,772.75,Ahorros
11235,996,expensas del edificio,692.8,Vivienda
11236,1943,supermercado carrefour,326.88,Alimentacion
11237,1447,peaje autopista,25.59,Vivienda
11238,1085,taller de ingles,589.06,Educacion
11239,1725,factura gas metrogas,46.52,Servicios
11240,2132,cuota prestamo banco,296.53,Deudas
11241,2273,analisis de sangre,126.85,Salud
11242,186,plazo fijo,175.31,Ahorros
11243,2423,viaje uber,34.85,Transporte
11244,72,fac reparacion electrica,881.84,Transporte
11245,74,comprq ferreteria,731.24,Ocio
11246,1921,fac juegos de consola,127.65,Ocio
11247,1365,suscripcion spotify,45.76,Ocio
11248,2201,dentistq limpieza,358.57,Salud
11249,2144,compra dolares banco,261.87,Ahorros
11250,2493,matricula del colegio,760.44,Educacion
11251,1482,peaje autopista,11.96,Transporte
11252,2876,suscripcion spotify,24.37,Ocio
11253,2425,optica lentes,205.66,Salud
11254,765,pago de intereses,654.5,Deudas
11255,1097,compra analisis de sangre,253.27,Salud
11256,212,taller de ingles,735.89,Educacion
11257,724,compra ferreteria,1092.53,Vivienda
11258,2823,fqc pago alquiler mensual,525.04,Servicios
11259,2379,viaje uber,44.66,Transporte
11260,1766,cuota prestamo auto,587.61,Deudas
11261,751,compra cuota prepaga osde,291.16,Salud
11262,1518,reparacion electrica,941.93,Vivienda
11263,1469,juegos de consola,78.78,Ocio
11264,2872,pago de compra dolares banco,1218.1,Ahorros
11265,394,pago de pago alquiler mensual,877.07,Vivienda
11266,512,estudios clinicos,494.51,Salud
11267,686,cuota jardin de infantes,269.12,Ahorros
11268,2669,pago de inversion en acciones,500.2,Ahorros
11269,1739,comprqs fiambreria,375.57,Alimentacion
11270,1721,taller de ingles,446.58,Educacion
11271,1827,pqgo alquiler mensual,250.02,Vivienda
11272,2652,matricula del colegio,686.53,Alimentacion
11273,1283,impuestos municipales,64.82,Servicios
11274,1858,abono internet fibertel,122.28,Servicios
11275,2766,fac factura gas metrogas,99.97,Servicios
11276,2397,almacen san martin,121.16,Alimentacion
11277,2563,movimiento: inversion en acciones,1140.69,Ahorros
11278,2447,factura luz edesur,85.22,Servicios
11279,2262,compra ferreteria,367.62,Vivienda
11280,2610,expensqs del edificio,438.52,Vivienda
11281,1313,carga sube,45.68,Transporte
11282,1865,fac juegos de consola,141.77,Ocio
11283,2306,consulta medica de control,212.07,Servicios
11284,1412,supermercado carrefour,261.68,Alimentacion
11285,1808,taller de ingles,468.76,Ahorros
11286,2742,suscripcion spotify,35.78,Ocio
11287,1569,compra libros de texto,464.54,Educacion
11288,1064,movimiento: utiles escolares,294.84,Educacion
11289,998,pago tarjeta de credito,212.85,Deudas
11290,2868,compra panaderia,88.04,Alimentacion
11291,2258,pago de intereses,698.5,Deudas
11292,2320,qbono internet fibertel,113.48,Vivienda
11293,599,supermercqdo carrefour,279.19,Alimentacion
11294,1084,fondo comun de inversion,1257.39,Ahorros
11295,2303,servicio de plomeria,729.32,Vivienda
11296,2785,servicio de agua aysa,199.04,Servicios
11297,722,cuota prepaga osde,127.4,Salud
11298,2583,pago de intereses,455.82,Deudas
11299,1155,expensas del edificio,1089.0,Vivienda
11300,1709,movimiwnto: combustible ypf,56.02,Transporte
11301,17,viaje cabify,27.03,Transporte
11302,2930,compra pago de intereses,317.92,Deudas
11303,2874,cuota prestamo banco,653.72,Deudas
11304,992,almacen san martin,296.76,Alimentacion
11305,878,entradas recital,130.43,Ocio
11306,2233,inversion en qcciones,1346.51,Ahorros
11307,1447,inversion en acciones,949.56,Ahorros
11308,1466,tarjeta taxis de la ciudad,12.47,Transporte
11309,1679,pago saldo refinanciado,749.2,Deudas
11310,1544,pago tarjeta de credito,877.97,Deudas
11311,80,pago alquiler mensual,386.38,Vivienda
11312,2857,servicio de plomeriq,978.09,Vivienda
11313,2350,cuota universidad,675.82,Educacion
11314,1272,abono internet fibertel,168.39,Servicios
11315,1565,fac supermercado carrefour,212.88,Alimentacion
11316,1296,transferencia ahorro mensual,213.79,Ahorros
11317,2181,estudios clinicos,167.36,Salud
11318,1029,pago alquiler mensual,1168.91,Vivienda
11319,2804,factura luz edesur,67.46,Servicios
11320,1566,cuota universidad,390.55,Educacion
11321,2677,cuota universidad,449.69,Servicios
11322,1714,almacen san martin,92.21,Alimentacion
11323,1010,pago de colectivo linea 60,12.07,Transporte
11324,773,pago de utiles escolares,615.59,Educacion
11325,2189,carga sube,23.7,Transporte
11326,483,carniceria central,343.44,Alimentacion
11327,2393,medicamentos recetados,119.55,Salud
11328,1586,movimiento: supermercado coto,277.52,Alimentacion
11329,1582,pago de cuota prestamo auto,736.93,Deudas
11330,2522,movimiento: pago saldo refinanciado,886.42,Deudas
11331,1106,cuota prestamo banco,571.61,Deudas
11332,1108,movimiento: abono telefonia movil,33.38,Servicios
11333,175,impuestos municipales,188.74,Servicios
11334,1852,viqje cabify,20.82,Transporte
11335,842,plazo fijo,281.0,Ahorros
11336,1873,factura luz edesur,183.45,Servicios
11337,2914,taller de ingles,792.37,Educacion
11338,2517,pintura habitacion,547.54,Ocio
11339,1887,cuota prestamo banco,359.48,Educacion
11340,2692,curso de progrqmacion,553.53,Educacion
11341,2729,suscripcion spotify,147.68,Ocio
11342,955,compra reparacion de cerradura,359.23,Vivienda
11343,1596,tarjeta carga sube,63.78,Transporte
11344,2897,impuestos municipales,40.27,Servicios
11345,2289,peqje autopista,30.69,Transporte
11346,2750,qbono telefonia movil,183.79,Servicios
11347,340,fac abono telefonia movil,106.74,Transporte
11348,2841,compra panaderia,289.74,Alimentacion
11349,744,optica lentes,407.43,Salud
11350,1495,fac consulta medica de control,305.22,Salud
11351,2511,entradas recital,145.67,Ocio
11352,2849,dentista limpieza,420.52,Salud
11353,1849,compra dolares banco,610.06,Ahorros
11354,15,cuota jardin de infantes,316.39,Educacion
11355,1989,suscripcion netflix,24.57,Ocio
11356,208,cerveceria artesanal,145.99,Ocio
11357,1084,pago de pago saldo refinanciado,305.76,Deudas
11358,2413,compra farmacia,191.81,Deudas
11359,2656,inversion en acciones,183.32,Ahorros
11360,2208,abono telefonia movil,84.98,Servicios
11361,397,fqc cerveceria artesanal,102.97,Ocio
11362,1958,tarjeta verduleria de la esquina,322.71,Alimentacion
11363,794,movimiento: pintura habitacion,734.26,Vivienda
11364,2548,utiles escolares,702.75,Educacion
11365,209,peaje autopista,10.86,Transporte
11366,1157,supermercado carrefour,173.74,Alimentacion
11367,433,carga sube,56.11,Transporte
11368,2657,tarjeta pago de intereses,336.63,Educacion
11369,1755,salida al cine,115.26,Ocio
11370,2437,carga sube,20.47,Transporte
11371,583,compra dolares banco,987.33,Ahorros
11372,432,compra cuota prestamo banco,204.99,Deudas
11373,1298,reparacion electrica,928.71,Vivienda
11374,351,servicio de agua aysa,107.21,Servicios
11375,134,optica lentes,465.42,Salud
11376,639,entradas recital,21.79,Ocio
11377,1229,consulta medica de control,248.89,Salud
11378,117,optica lentes,168.76,Salud
11379,1291,inversion en acciones,1093.49,Ahorros
11380,1818,entradas recital,114.58,Ocio
11381,2197,pago saldo refinanciado,224.87,Deudas
11382,1704,expensas del edificio,253.43,Vivienda
11383,1848,compra ferreteria,1029.55,Vivienda
11384,2227,cuota prestamo auto,319.54,Deudas
11385,2196,impuestos municipales,67.05,Servicios
11386,465,matricula del colegio,264.1,Ahorros
11387,976,viaje cabify,19.1,Transporte
11388,2617,fac cerveceria artesanal,40.41,Ocio
11389,2026,comprqs fiambreria,335.63,Alimentacion
11390,1029,factura luz edesur,122.9,Servicios
11391,526,fqc compra dolares banco,1067.57,Ahorros
11392,2328,compra libros de texto,666.75,Educacion
11393,2547,compra libros de texto,146.56,Ahorros
11394,836,factura luz edesur,41.42,Ahorros
11395,2484,utiles escolares,116.26,Educacion
11396,2864,pintura habitacion,1127.47,Vivienda
11397,1240,compra panaderia,220.91,Alimentacion
11398,2735,compra cafeteria,75.82,Ocio
11399,2876,tarjeta compra dolares banco,1205.68,Ahorros
11400,1539,tarjeta compra ferreteria,1145.33,Vivienda
11401,1911,expensas del edificio,1180.1,Vivienda
11402,2660,utiles escolares,761.4,Educacion
11403,2643,salida al cine,20.9,Ocio
11404,1304,compra compra farmacia,338.07,Salud
11405,132,fondo comun dw inversion,209.22,Ahorros
11406,393,carniceria central,389.26,Alimentacion
11407,481,fac suscripcion netflix,81.71,Ocio
11408,2676,salida al cine,48.25,Ocio
11409,2035,pqgo tarjeta de credito,997.2,Deudas
11410,2467,cuota jardin de infantes,520.99,Educacion
11411,1226,plazo fijo,405.63,Ahorros
11412,2700,plazo fijo,221.94,Ahorros
11413,2706,combustible ypf,37.02,Transporte
11414,462,compra libros de texto,411.48,Educacion
11415,1802,servicio de agua aysa,92.27,Servicios
11416,152,colectivo linea 60,24.02,Transporte
11417,2270,abono telefonia movil,126.48,Servicios
11418,79,fondo comun dw inversion,446.54,Ahorros
11419,1224,pago de pago saldo refinanciado,495.3,Deudas
11420,1786,fondo comun de inversion,532.38,Ahorros
11421,2147,expensas comunes,442.75,Vivienda
11422,2025,cuotq prestamo banco,812.47,Deudas
11423,2960,pago de transferencia ahorro mensual,778.6,Ahorros
11424,2261,tarjeta viaje uber,32.43,Transporte
11425,2750,consulta medica de control,315.97,Salud
11426,1837,compra supermercado dia,118.58,Alimentacion
11427,1398,verduleria y fruteria,135.37,Alimentacion
11428,1076,compra cafeteria,82.63,Ocio
11429,1648,movimiento: supermercado coto,210.38,Alimentacion
11430,2183,compra libros de texto,148.98,Educacion
11431,411,entradas recital,129.54,Ocio
11432,2009,plazo fijo,110.43,Ahorros
11433,1494,compra cafeteria,32.4,Ocio
11434,1136,reparacion de cerradura,322.19,Vivienda
11435,1549,movimiento: verduleria y fruteria,78.98,Alimentacion
11436,785,salida al cine,121.77,Ocio
11437,1068,qbono telefonia movil,108.26,Servicios
11438,1421,compra libros de texto,581.75,Educacion
11439,2010,entradas recital,148.7,Ocio
11440,1609,cuota prestamo banco,666.98,Deudas
11441,2309,fac supermercado carrefour,271.9,Alimentacion
11442,743,cuota prestamo auto,690.29,Deudas
11443,2593,movimiento: taxis de la ciudad,79.58,Transporte
11444,2436,combustible shell,31.73,Transporte
11445,2064,cuotq prestamo auto,333.08,Deudas
11446,2021,tarjeta combustible shell,59.14,Transporte
11447,662,cuota prestamo auto,262.39,Deudas
11448,1828,curso de programacion,621.93,Educacion
11449,2150,compra dolares banco,503.82,Ahorros
11450,951,fondo comun de inversion,927.95,Deudas
11451,2979,pago tarjeta de credito,705.42,Deudas
11452,25,tarjeta fondo comun de inversion,1120.03,Ahorros
11453,1617,factura gas metrogas,97.3,Servicios
11454,18,cuota prestamo banco,724.04,Deudas
11455,570,entradas recital,46.02,Ocio
11456,1017,plazo fijo,826.05,Ahorros
11457,1356,movimiento: peqje autopista,46.33,Transporte
11458,1593,medicqmentos recetados,351.49,Salud
11459,831,viaje cabify,66.9,Transporte
11460,1036,compra cafeteria,34.31,Ocio
11461,1933,analisis de sangre,392.3,Salud
11462,2211,supermercado carrefour,143.96,Alimentacion
11463,1307,reparacion de cerradura,457.53,Vivienda
11464,1753,taller de ingles,231.72,Educacion
11465,872,expensas del edificio,1070.79,Vivienda
11466,835,entrqdas recital,49.29,Deudas
11467,857,cuota prepaga osde,109.15,Salud
11468,970,salida al cine,54.98,Ocio
11469,593,supermercado coto,107.98,Alimentacion
11470,255,salida al cine,47.17,Ocio
11471,2115,fac pago saldo refinanciado,630.96,Deudas
11472,2966,fac pago tarjeta de credito,714.5,Deudas
11473,2662,supermercado carrefour,171.93,Alimentacion
11474,603,movimiento: factura luz edesur,154.15,Servicios
11475,1066,movimiento: expensas del edificio,338.09,Vivienda
11476,1812,movimiento: cerveceria artesanal,58.7,Ocio
11477,1840,sqlida al cine,71.09,Ocio
11478,1810,comprq cuota universidad,580.53,Educacion
11479,2432,movimiento: plazo fijo,405.46,Ahorros
11480,1258,pqgo de pago de intereses,475.1,Transporte
11481,966,juegos de consola,148.91,Ocio
11482,1738,compra ferreteria,653.19,Vivienda
11483,485,pago de reparacion electrica,1054.23,Vivienda
11484,39,inversion en acciones,572.85,Ahorros
11485,11,reparacion electrica,326.36,Vivienda
11486,624,abono telefonia movil,82.25,Servicios
11487,409,cerveceriq artesanal,149.43,Ocio
11488,2156,combustible ypf,17.5,Transporte
11489,2028,utiles escolares,475.02,Educacion
11490,1118,cuota prepaga osde,303.47,Salud
11491,2132,fondo comun de inversion,208.7,Transporte
11492,2106,fac compras fiambreria,259.72,Educacion
11493,2886,compra expensas comunes,782.8,Vivienda
11494,605,reparacion electrica,1097.33,Vivienda
11495,969,compra dolares banco,874.54,Ahorros
11496,165,carniceria central,128.21,Alimentacion
11497,437,taxis de la ciudad,52.06,Transporte
11498,2775,compra panaderia,147.3,Alimentacion
11499,1680,almacen san martin,129.43,Alimentacion
11500,1810,compra supermercado dia,333.91,Ocio
11501,2451,dentista limpieza,450.46,Educacion
11502,1410,compra ferreteria,586.33,Vivienda
11503,1978,viaje uber,65.56,Transporte
11504,1162,cqrniceria central,382.26,Alimentacion
11505,2764,compra libros de texto,342.34,Educacion
11506,814,pago de compra cafeteria,101.39,Ocio
11507,2770,carga sube,65.05,Transporte
11508,2579,optica lentes,70.69,Salud
11509,1830,cuota prepaga osde,61.44,Salud
11510,293,viaje uber,46.33,Transporte
11511,1499,servicio de plomeria,1171.32,Vivienda
11512,462,utiles escolares,546.42,Educacion
11513,2690,cuota prestamo banco,571.76,Deudas
11514,2092,movimiento: juegos de consola,124.73,Ocio
11515,1107,fondo comun dw inversion,1023.36,Ahorros
11516,2940,tarjeta optica lentes,173.19,Salud
11517,2684,fac plazo fijo,916.81,Ahorros
11518,2587,expensas comunes,1088.66,Vivienda
11519,2910,pqgo de intereses,411.19,Deudas
11520,2567,factura luz edesur,196.3,Servicios
11521,1435,pago de factura luz edesur,61.6,Servicios
11522,711,plqzo fijo,1115.59,Ahorros
11523,1648,combustible ypf,62.51,Transporte
11524,89,taller de ingles,634.35,Alimentacion
11525,1664,compra farmacia,340.98,Salud
11526,1042,qbono telefonia movil,195.79,Servicios
11527,2721,consulta medica de control,159.95,Salud
11528,2912,pago de cuota universidad,643.17,Ocio
11529,2938,cuota jardin de infantes,167.44,Educacion
11530,1934,taxis de la ciudad,60.14,Educacion
11531,422,compras fiambreria,355.81,Alimentacion
11532,876,suscripcion netflix,88.0,Ocio
11533,2750,supermercqdo coto,208.58,Alimentacion
11534,338,comprq dolares banco,483.58,Transporte
11535,266,utiles escolares,239.52,Deudas
11536,2851,compra panaderia,293.99,Alimentacion
11537,1379,cuota prestamo banco,767.21,Deudas
11538,2408,compra panaderia,117.5,Alimentacion
11539,1815,servicio de plomeria,791.05,Vivienda
11540,2265,impuestos municipales,193.04,Servicios
11541,321,repqracion de cerradura,614.72,Vivienda
11542,850,tqller de ingles,456.55,Educacion
11543,719,factura luz edesur,186.08,Servicios
11544,992,compra ferreteria,921.84,Servicios
11545,1809,taller de ingles,339.99,Educacion
11546,717,impuestos municipales,84.08,Servicios
11547,985,carniceria central,253.01,Alimentacion
11548,1940,cuota prepaga osde,50.44,Salud
11549,896,verduleria de la esquina,365.95,Alimentacion
11550,1177,compra farmacia,349.54,Salud
11551,1777,peaje autopista,57.66,Transporte
11552,2335,curso de programacion,126.32,Educacion
11553,2805,pago de curso de programacion,219.44,Educacion
11554,1460,inversion en acciones,1192.67,Ahorros
11555,1616,cuota prestamo banco,504.2,Deudas
11556,2544,medicamentos recetados,137.53,Salud
11557,1173,compra supermercado dia,227.9,Alimentacion
11558,542,cuota jardin de infantes,743.92,Educacion
11559,635,medicamentos recetados,338.07,Salud
11560,1350,matricula del colegio,232.85,Educacion
11561,2987,fondo comun de inversion,1220.31,Ahorros
11562,698,fac compras fiambreria,140.33,Alimentacion
11563,1953,compra supermercado dia,365.73,Alimentacion
11564,2123,inversion en acciones,945.44,Ahorros
11565,1605,estudios clinicos,306.53,Salud
11566,498,cuota jardin de infantes,735.08,Educacion
11567,722,pago de inversion en acciones,1375.73,Ahorros
11568,1775,utiles escolares,242.81,Educacion
11569,1364,optica lentes,84.19,Salud
11570,308,compra inversion en acciones,111.16,Transporte
11571,2752,factura gas metrogas,158.89,Servicios
11572,884,abono telefonia movil,117.74,Servicios
11573,1265,pago saldo refinanciado,694.92,Deudas
11574,253,curso de programacion,390.62,Alimentacion
11575,936,fac viaje cabify,35.45,Transporte
11576,1244,compra transferencia ahorro mensual,480.04,Ahorros
11577,2445,dentista limpieza,114.57,Salud
11578,1753,viaje cabify,48.46,Transporte
11579,1738,cuota jardin de infantes,631.12,Educacion
11580,1053,pago tarjeta de credito,301.51,Deudas
11581,494,qnalisis de sangre,456.28,Salud
11582,959,salida al cine,145.38,Ocio
11583,2022,transferencia ahorro mensual,515.84,Ahorros
11584,1748,viqje cabify,57.79,Transporte
11585,1178,pago saldo refinanciado,592.41,Deudas
11586,992,factura luz edesur,147.0,Servicios
11587,2150,consulta medica de control,236.75,Salud
11588,2875,tarjeta almacen san martin,267.29,Alimentacion
11589,2225,cerveceria artesanal,62.81,Ocio
11590,927,colectivo linea 60,48.31,Transporte
11591,2280,dentista limpieza,415.34,Salud
11592,2060,compra libros de texto,313.55,Deudas
11593,1210,pago tarjeta de credito,537.36,Deudas
11594,2809,fqc taxis de la ciudad,40.72,Transporte
11595,932,movimiento: compra cafeteria,47.09,Ocio
11596,2314,verduleria y fruteria,239.91,Alimentacion
11597,1926,fqctura luz edesur,58.3,Servicios
11598,1159,compra ferreteria,711.03,Ocio
11599,757,compra panaderia,329.3,Alimentacion
11600,1055,compra dolares banco,461.21,Ahorros
11601,456,compra dolares banco,953.87,Ahorros
11602,259,tarjeta dentista limpieza,199.6,Salud
11603,431,cenq restaurante,30.68,Ocio
11604,2517,abono telefonia movil,140.74,Servicios
11605,1965,reparacion electrica,869.53,Vivienda
11606,1974,juegos de consola,100.95,Ocio
11607,647,compra dolares banco,530.04,Ahorros
11608,447,tqrjeta cerveceria artesanal,31.39,Ocio
11609,2831,compra factura luz edesur,143.1,Servicios
11610,1113,cena restaurante,75.52,Ocio
11611,195,compra abono internet fibertel,110.15,Servicios
11612,1438,comprqs fiambreria,309.56,Alimentacion
11613,1146,cena restaurante,48.1,Ocio
11614,2510,fondo comun de inversion,1114.16,Ahorros
11615,1140,consulta medica de control,301.18,Salud
11616,196,suscripcion netflix,80.23,Transporte
11617,2084,pago alquiler mensual,943.43,Vivienda
11618,2115,impuestos municipqles,150.36,Servicios
11619,645,movimiento: factura gas metrogas,96.48,Servicios
11620,1035,comprq dolares banco,1489.66,Ahorros
11621,1754,compra pago alquiler mensual,680.5,Vivienda
11622,322,cuota prestamo auto,297.72,Deudas
11623,1692,cuota prestamo banco,517.89,Ocio
11624,2288,pago saldo refinanciado,808.13,Deudas
11625,1017,pago de intereses,626.17,Deudas
11626,650,sqlida al cine,130.5,Ocio
11627,2610,cuota prestamo auto,896.18,Deudas
11628,1703,cerveceriq artesanal,70.94,Ocio
11629,2213,viqje uber,73.96,Transporte
11630,831,optica lentes,85.93,Salud
11631,189,juegos de consola,118.3,Ocio
11632,1511,factura gas metrogas,131.01,Servicios
11633,92,expensas del edificio,544.05,Vivienda
11634,1912,compra supermercado dia,267.06,Alimentacion
11635,2337,compra ferreteria,704.13,Vivienda
11636,1581,salida al cine,134.41,Ocio
11637,1409,pago tarjeta de credito,887.62,Deudas
11638,175,expensas del edificio,657.21,Vivienda
11639,1697,tarjeta supermercado coto,335.36,Alimentacion
11640,474,taller de ingles,285.32,Salud
11641,1935,factura luz edesur,30.3,Servicios
11642,270,salida al cine,68.73,Ocio
11643,2045,analisis de sangre,88.0,Salud
11644,2455,abono telefonia movil,197.4,Servicios
11645,694,expensas comunes,557.8,Vivienda
11646,376,taller de ingles,694.57,Educacion
11647,1416,factura gas metrogas,156.72,Servicios
11648,2230,tarjeta peaje autopista,31.12,Transporte
11649,2084,pago alquiler mensual,573.91,Vivienda
11650,1236,movimiento: reparacion electrica,380.85,Vivienda
11651,1972,cerveceria artesanal,111.5,Ocio
11652,134,abono telefonia movil,134.34,Servicios
11653,2913,fac reparacion de cerradura,693.04,Ahorros
11654,924,verduleria y fruteria,211.36,Alimentacion
11655,690,compra panaderia,346.9,Alimentacion
11656,1702,taller de ingles,173.55,Educacion
11657,2030,verduleria y fruteria,225.09,Salud
11658,2539,compra farmacia,53.84,Salud
11659,1873,movimiento: inversion en acciones,284.62,Ahorros
11660,841,compra estudios clinicos,492.6,Salud
11661,988,medicamentos recetados,253.05,Salud
11662,1462,transferencia ahorro mensual,625.3,Ahorros
11663,839,utiles escolqres,793.29,Educacion
11664,2716,pago de intereses,355.61,Deudas
11665,2480,comprq dolares banco,832.3,Ahorros
11666,1452,cena restaurante,50.14,Ocio
11667,748,abono telefonia movil,128.23,Servicios
11668,2876,abono telefonia movil,198.05,Servicios
11669,2565,factura luz edesur,50.73,Servicios
11670,2510,pago de expensas comunes,675.2,Deudas
11671,966,taxis de la ciudad,59.06,Transporte
11672,1927,viaje cabify,72.33,Transporte
11673,2039,abono internet fibertel,126.96,Servicios
11674,2229,factura gas metrogas,175.94,Servicios
11675,145,abono telefonia movil,53.37,Servicios
11676,1851,pago saldo refinanciado,964.7,Deudas
11677,735,medicamentos recetados,140.07,Salud
11678,2454,cuota jardin de infantes,629.36,Educacion
11679,2861,cerveceriq artesanal,72.26,Ocio
11680,2532,movimiento: pago tarjeta de credito,722.55,Deudas
11681,2530,pago de intereses,362.13,Deudas
11682,2387,tarjeta consulta medica de control,351.78,Salud
11683,2316,comprq ferreteria,531.14,Vivienda
11684,2314,salida al cine,104.41,Ocio
11685,528,reparacion de cerradura,918.05,Vivienda
11686,2920,servicio de plomeria,933.27,Vivienda
11687,1412,cuota universidad,419.68,Educacion
11688,2974,abono internet fibertel,78.96,Servicios
11689,1119,viaje cabify,73.98,Deudas
11690,430,viaje cabify,36.5,Transporte
11691,2843,inversion en qcciones,1033.62,Ahorros
11692,2989,pintura habitacion,1178.89,Vivienda
11693,1061,utiles escolares,142.34,Educacion
11694,1417,optica lentes,155.66,Salud
11695,1597,combustible shell,63.33,Transporte
11696,1898,cuotq prestamo banco,953.08,Deudas
11697,2351,compra ferreteria,805.61,Educacion
11698,1780,movimiento: verduleria y fruteria,294.52,Ocio
11699,2449,compra cafeteria,34.92,Educacion
11700,2871,suscripcion netflix,53.68,Ocio
11701,2392,combustible ypf,33.9,Transporte
11702,2911,viaje uber,59.79,Vivienda
11703,518,cuotq prestamo auto,970.56,Salud
11704,1401,impuestos municipales,199.65,Deudas
11705,165,fac combustible shell,40.36,Transporte
11706,2073,cqrniceria central,269.95,Alimentacion
11707,1147,pago de intereses,201.67,Deudas
11708,129,taxis de la ciudad,39.02,Transporte
11709,2865,compra compra libros de texto,216.71,Educacion
11710,1658,compra cafeteria,34.14,Ocio
11711,1018,pago de supermercado coto,226.13,Alimentacion
11712,595,combustible shell,22.42,Transporte
11713,1333,compra pago alquiler mensual,925.18,Vivienda
11714,2484,combustible ypf,66.17,Transporte
11715,182,entradas recital,133.05,Ocio
11716,1612,compra ferreteria,816.8,Vivienda
11717,2664,analisis de sangre,295.47,Salud
11718,744,entradas recital,142.05,Ocio
11719,1839,plazo fijo,1261.21,Ahorros
11720,2091,pago saldo refinanciado,892.93,Ocio
11721,2452,fac combustible ypf,27.92,Transporte
11722,1953,consulta medica de control,244.08,Salud
11723,605,pqgo de viaje uber,60.47,Transporte
11724,2704,fac servicio de agua aysa,123.71,Servicios
11725,1790,plazo fijo,1222.32,Ahorros
11726,1614,compra panaderia,171.49,Alimentacion
11727,263,estudios clinicos,298.13,Salud
11728,2118,salida al cine,73.45,Ocio
11729,661,servicio de plomeria,1024.28,Vivienda
11730,1316,supermercado coto,241.33,Alimentacion
11731,2920,plazo fijo,309.57,Ahorros
11732,822,factura gas metrogas,52.28,Servicios
11733,2195,abono telefonia movil,192.55,Servicios
11734,2073,compra supermercado dia,211.5,Alimentacion
11735,1347,inversion en acciones,1493.22,Alimentacion
11736,2020,tarjeta cuota prestamo auto,396.9,Deudas
11737,2741,utiles escolares,435.59,Educacion
11738,2299,reparacion de cerradura,287.71,Vivienda
11739,2530,movimiento: carniceria central,195.86,Alimentacion
11740,2763,plazo fijo,1382.38,Ahorros
11741,816,pago tarjeta de credito,567.45,Deudas
11742,682,colectivo linea 60,17.83,Transporte
11743,2223,reparacion electrica,616.19,Vivienda
11744,1194,reparacion de cerradura,635.36,Vivienda
11745,2,impuestos municipqles,92.25,Servicios
11746,639,pago de compra farmacia,400.63,Salud
11747,2754,pago tarjeta de credito,732.17,Deudas
11748,2410,abono internet fibertel,80.36,Servicios
11749,2618,reparacion electrica,817.75,Vivienda
11750,590,plazo fijo,936.88,Ahorros
11751,202,cerveceria artesanal,80.28,Ocio
11752,1005,comprq farmacia,65.29,Vivienda
11753,1313,factura luz edesur,130.25,Servicios
11754,2026,suscripcion netflix,22.18,Transporte
11755,1804,cuota prestamo banco,416.01,Educacion
11756,126,utiles escolares,667.79,Transporte
11757,2097,cenq restaurante,39.54,Ocio
11758,846,verduleria y fruteria,276.69,Alimentacion
11759,1797,pago de intereses,245.04,Deudas
11760,179,compras fiambreria,194.69,Alimentacion
11761,1605,optica lentes,415.79,Salud
11762,1903,movimiento: combustible ypf,49.33,Transporte
11763,493,suscripcion netflix,53.75,Ocio
11764,2620,cuota prestamo auto,841.07,Deudas
11765,2350,pago tarjeta de credito,369.27,Deudas
11766,964,impuestos municipales,192.52,Servicios
11767,1193,qbono internet fibertel,63.15,Transporte
11768,1987,pago tarjeta de credito,428.11,Deudas
11769,269,curso de programacion,227.16,Educacion
11770,1388,analisis de sangre,189.74,Salud
11771,624,viaje uber,68.27,Transporte
11772,2148,movimiento: dentista limpieza,141.11,Salud
11773,2263,compra farmacia,409.83,Salud
11774,2673,factura luz edesur,71.43,Servicios
11775,2145,almacen san martin,109.78,Alimentacion
11776,819,fac factura luz edesur,32.5,Servicios
11777,2678,salida al cine,77.65,Ocio
11778,548,movimiento: peaje autopista,66.82,Ocio
11779,337,tarjeta compra supermercado dia,344.28,Alimentacion
11780,359,transferencia ahorro mensual,739.45,Ahorros
11781,1420,carga sube,23.97,Transporte
11782,1925,servicio de plomeria,639.85,Vivienda
11783,816,inversion en acciones,949.68,Ahorros
11784,360,plazo fijo,636.33,Ahorros
11785,347,supermercado carrefour,322.0,Alimentacion
11786,1148,combustible ypf,47.23,Transporte
11787,552,tarjeta combustible ypf,54.34,Transporte
11788,2586,movimiento: carga sube,21.14,Transporte
11789,2702,compra cuota prestamo banco,963.43,Deudas
11790,1888,pago de pago de intereses,729.78,Deudas
11791,1931,comprq pago saldo refinanciado,717.29,Deudas
11792,422,pago alquiler mensual,329.2,Vivienda
11793,336,cuota prestamo auto,609.52,Deudas
11794,1527,servicio de agua aysa,189.14,Servicios
11795,57,pago tarjeta de credito,893.15,Deudas
11796,1686,carniceria central,82.24,Alimentacion
11797,2960,medicqmentos recetados,200.75,Salud
11798,2765,compra cena restaurante,76.58,Ocio
11799,2333,compra supermercado dia,157.32,Alimentacion
11800,722,reparacion de cerradura,546.48,Vivienda
11801,386,movimiento: trqnsferencia ahorro mensual,198.97,Educacion
11802,950,factura luz edesur,193.62,Servicios
11803,2818,compras fiambreria,323.71,Alimentacion
11804,1501,fac entradas recital,96.26,Ocio
11805,1720,suscripcion spotify,93.28,Ocio
11806,2888,peaje autopista,16.33,Transporte
11807,2059,entradas recital,96.63,Ocio
11808,2720,carga sube,20.77,Deudas
11809,260,tarjeta pago saldo refinanciado,768.64,Deudas
11810,393,abono internet fibertel,103.0,Servicios
11811,600,suscripcion netflix,40.09,Ocio
11812,1040,cerveceria artesanal,81.93,Ocio
11813,756,inversion en acciones,792.76,Ahorros
11814,2759,transferencia ahorro mensual,1398.44,Ahorros
11815,477,viaje uber,31.41,Transporte
11816,1188,estudios clinicos,402.1,Salud
11817,2072,factura gas metrogas,99.53,Salud
11818,1600,compra dolares banco,1352.21,Ahorros
11819,2360,suscripcion netflix,68.87,Ocio
11820,2510,verduleria de la esquina,202.23,Alimentacion
11821,1262,abono internet fibertel,39.23,Servicios
11822,2070,carniceria central,76.17,Alimentacion
11823,2228,curso de programacion,583.42,Educacion
11824,1842,compra fondo comun de inversion,397.55,Ahorros
11825,1583,pago de plazo fijo,317.76,Ahorros
11826,2839,supermercado carrefour,135.39,Alimentacion
11827,1760,suscripcion nwtflix,125.29,Ocio
11828,730,dentistq limpieza,441.22,Salud
11829,1499,fondo comun de inversion,364.16,Deudas
11830,749,consulta medica de control,203.79,Salud
11831,716,tqxis de la ciudad,62.49,Deudas
11832,2387,movimiento: pago de intereses,212.34,Deudas
11833,531,optica lentes,192.01,Salud
11834,692,matricula del colegio,206.17,Vivienda
11835,2210,suscripcion spotify,147.38,Ocio
11836,1109,supermercado coto,69.14,Alimentacion
11837,1571,abono telefonia movil,105.23,Servicios
11838,490,abono telefonia movil,103.07,Servicios
11839,5,compra libros de texto,542.23,Educacion
11840,76,transferencia ahorro mensual,636.85,Ahorros
11841,1277,tarjeta combustible ypf,28.4,Transporte
11842,2055,curso de progrqmacion,143.67,Educacion
11843,2729,combustible shell,24.94,Transporte
11844,473,viaje cabify,30.02,Transporte
11845,1382,compra dolares banco,642.04,Ahorros
11846,2860,factura gas metrogas,121.46,Servicios
11847,838,fac compra ferreteria,1060.32,Vivienda
11848,603,compra pago saldo refinanciado,237.5,Deudas
11849,1187,expensas comunes,398.32,Vivienda
11850,2366,carniceria central,251.2,Alimentacion
11851,1482,analisis de sangre,87.98,Salud
11852,1765,verduleriq de la esquina,292.96,Deudas
11853,1699,viaje cabify,45.77,Transporte
11854,232,carga sube,38.17,Vivienda
11855,328,pago de factura luz edesur,128.43,Servicios
11856,2286,pinturq habitacion,537.69,Vivienda
11857,1144,transferencia ahorro mensual,715.54,Ahorros
11858,950,combustible shell,45.83,Transporte
11859,1887,fac fondo comun de inversion,1355.11,Ahorros
11860,2943,salida al cine,103.55,Ocio
11861,2667,pago tarjeta de credito,730.86,Deudas
11862,2298,servicio de agua aysa,63.02,Servicios
11863,1360,cuota prestamo auto,436.46,Vivienda
11864,1308,compra inversion en acciones,105.83,Ahorros
11865,198,pago de intereses,564.38,Deudas
11866,416,juegos de consola,45.29,Ocio
11867,2780,cuota prestamo auto,179.38,Deudas
11868,1419,pago saldo refinanciado,209.27,Deudas
11869,938,tarjeta combustible ypf,48.75,Transporte
11870,1244,taxis de la ciudad,43.58,Transporte
11871,1240,verduleria y fruteria,239.22,Alimentacion
11872,1339,viaje cabify,30.26,Transporte
11873,1692,abono internet fibertel,91.03,Servicios
11874,216,estudios clinicos,262.62,Salud
11875,1650,movimiento: reparacion electrica,516.51,Vivienda
11876,1185,reparacion electrica,266.7,Vivienda
11877,2863,movimiento: pinturq habitacion,383.96,Vivienda
11878,610,combustible ypf,33.47,Transporte
11879,2559,compra cafeteria,78.27,Ocio
11880,918,supermercado coto,349.24,Alimentacion
11881,157,utiles escolqres,429.73,Educacion
11882,162,colectivo linea 60,70.8,Transporte
11883,42,fondo comun de inversion,1397.9,Ahorros
11884,2351,peaje autopista,59.71,Transporte
11885,1354,suscripcion netflix,125.85,Ocio
11886,1587,reparacion electrica,1126.5,Vivienda
11887,2812,tarjeta entradas recital,108.79,Ocio
11888,1453,combustible ypf,37.25,Transporte
11889,120,colectivo linea 60,25.43,Transporte
11890,1099,servicio de agua aysa,109.79,Servicios
11891,2038,analisis de sangre,424.3,Salud
11892,2722,consulta medica de control,486.75,Salud
11893,2709,factura luz edesur,86.08,Servicios
11894,123,pago de intereses,830.9,Deudas
11895,2701,tarjeta servicio de agua aysa,158.74,Ocio
11896,2969,cuota prepaga osde,272.68,Salud
11897,789,optica lentes,257.98,Salud
11898,257,factura luz edesur,92.17,Servicios
11899,1861,dentista limpieza,483.21,Salud
11900,2805,peaje autopista,59.54,Transporte
11901,2646,abono internet fibertel,138.39,Servicios
11902,1293,dentista limpieza,312.18,Salud
11903,2839,compra libros de texto,130.89,Educacion
11904,1173,fac factura luz edesur,165.16,Servicios
11905,1172,viaje uber,12.55,Transporte
11906,680,cuota prestamo auto,193.71,Deudas
11907,1202,cqrga sube,53.23,Transporte
11908,2844,reparacion electrica,391.78,Vivienda
11909,608,repqracion de cerradura,679.04,Vivienda
11910,331,pago de intereses,476.99,Deudas
11911,2104,tarjeta verduleria y fruteria,358.21,Alimentacion
11912,1231,tarjeta transferencia ahorro mensual,1003.83,Ahorros
11913,2153,suscripcion netflix,56.27,Ocio
11914,547,fac compra ferreteria,228.09,Vivienda
11915,793,entradas recital,23.93,Ocio
11916,1905,entradas recital,139.92,Ocio
11917,1379,fondo comun de inversion,1381.33,Ahorros
11918,1683,movimiento: pintura habitacion,937.39,Alimentacion
11919,489,pago tarjeta de credito,973.46,Deudas
11920,1823,supermercado coto,75.04,Alimentacion
11921,1527,tarjeta suscripcion spotify,41.9,Vivienda
11922,2351,curso de programacion,593.37,Educacion
11923,650,dentista limpieza,472.26,Salud
11924,648,compra expensas del edificio,840.5,Vivienda
11925,1386,pago tarjeta de credito,686.7,Deudas
11926,381,viqje cabify,36.59,Transporte
11927,2210,fqc cuota prestamo banco,698.23,Deudas
11928,2067,impuestos municipales,96.41,Servicios
11929,1864,comprq panaderia,354.93,Alimentacion
11930,2291,carga sube,38.93,Transporte
11931,129,abono internet fibertel,124.86,Servicios
11932,1200,analisis de sangre,187.67,Salud
11933,409,taxis de la ciudad,45.55,Transporte
11934,792,verduleria de la esquina,63.13,Alimentacion
11935,2991,pago de servicio de agua aysa,77.81,Servicios
11936,1108,tarjeta analisis de sangre,434.97,Salud
11937,222,compra cafeteria,85.1,Ocio
11938,1440,cuota prestamo banco,663.85,Deudas
11939,2493,juegos de consola,117.39,Ocio
11940,618,factura luz edesur,91.12,Servicios
11941,1349,cerveceria artesanal,37.82,Ocio
11942,2571,tarjeta impuestos municipales,173.41,Servicios
11943,2214,taller de ingles,504.98,Educacion
11944,2756,compra dolares banco,1438.93,Ahorros
11945,2791,dentista limpieza,490.37,Salud
11946,2961,compra cafeteria,125.25,Ocio
11947,1037,trqnsferencia ahorro mensual,580.66,Ahorros
11948,2413,supermercqdo carrefour,320.2,Alimentacion
11949,225,movimiento: cuota universidad,458.1,Educacion
11950,2242,compra ferreteria,738.16,Vivienda
11951,57,compra plazo fijo,1399.04,Ahorros
11952,2261,verduleria de la esquina,268.41,Alimentacion
11953,1404,expensas comunes,1105.05,Vivienda
11954,117,compra panaderia,398.66,Alimentacion
11955,2647,tarjeta dentista limpieza,166.66,Salud
11956,410,compra ferreteria,366.15,Vivienda
11957,1917,verduleria de la esquina,229.2,Alimentacion
11958,2860,cuota jardin de infantes,463.8,Educacion
11959,2977,suscripcion spotify,115.36,Ocio
11960,1984,compras fiambreria,103.31,Alimentacion
11961,2052,compra ferreteria,737.59,Salud
11962,23,pago de expensas del edificio,961.22,Vivienda
11963,2969,supermercado carrefour,247.19,Ahorros
11964,745,viaje cabify,40.79,Transporte
11965,602,compra libros de texto,421.14,Educacion
11966,2517,viaje cabify,79.12,Transporte
11967,970,optica lentes,188.41,Salud
11968,1179,plqzo fijo,616.28,Ahorros
11969,1843,movimiento: taller de ingles,525.71,Ahorros
11970,2675,almacen san martin,233.69,Alimentacion
11971,2255,cuota jardin de infantes,754.56,Educacion
11972,81,tarjeta analisis de sangre,373.32,Salud
11973,2663,verduleria de la esquina,68.91,Alimentacion
11974,483,qnalisis de sangre,456.22,Salud
11975,2640,cerveceria artesanal,102.24,Ocio
11976,1431,curso de progrqmacion,533.33,Educacion
11977,33,verduleria de la esquina,146.13,Alimentacion
11978,2083,peaje autopista,69.21,Transporte
11979,1273,matricula del colegio,236.1,Educacion
11980,280,compra dolares banco,182.69,Ahorros
11981,2008,movimiento: utiles escolares,559.76,Educacion
11982,2200,taller de ingles,775.11,Alimentacion
11983,1683,supermercqdo coto,229.71,Alimentacion
11984,1575,compra libros de texto,581.46,Educacion
11985,701,pago saldo refinanciado,912.43,Deudas
11986,1780,plazo fijo,348.45,Ahorros
11987,2783,compra analisis de sangre,499.81,Transporte
11988,1019,repqracion de cerradura,692.04,Vivienda
11989,1254,pago de factura gas metrogas,39.23,Servicios
11990,665,impuestos municipales,69.93,Servicios
11991,2971,almacen san martin,349.34,Ahorros
11992,1312,suscripcion netflix,65.52,Ocio
11993,1419,fondo comun de inversion,1180.58,Ahorros
11994,2501,compra libros de texto,534.2,Educacion
11995,2668,pago saldo refinanciado,628.82,Deudas
11996,1057,inversion en acciones,361.91,Ahorros
11997,1939,analisis de sangre,219.25,Salud
11998,1387,verduleria de la esquina,87.33,Alimentacion
11999,1135,peaje autopista,38.36,Transporte
12000,1145,utiles escolares,327.24,Transporte
12001,2064,servicio de qgua aysa,55.54,Servicios
12002,739,compra cafeteria,117.8,Ocio
12003,1547,expensqs comunes,1194.68,Vivienda
12004,2763,pago de compra dolares banco,1471.93,Ahorros
12005,2762,reparacion de cerradura,247.91,Vivienda
12006,2146,compra dentista limpieza,435.16,Salud
12007,2164,cuota jardin de infantes,393.01,Educacion
12008,1495,pago alquiler mensual,417.22,Vivienda
12009,1463,combustible ypf,31.4,Transporte
12010,349,cuota prepaga osde,213.75,Ocio
12011,232,abono telefonia movil,195.49,Servicios
12012,1997,carga sube,25.3,Transporte
12013,1557,supermercado carrefour,246.76,Alimentacion
12014,2687,combustible shell,66.22,Transporte
12015,2333,pago de intereses,661.76,Deudas
12016,1971,pqgo tarjeta de credito,277.8,Deudas
12017,1657,compra peaje autopista,60.45,Transporte
12018,2684,compra juegos de consola,145.34,Ocio
12019,1943,impuestos municipales,33.77,Servicios
12020,545,almacen san martin,158.24,Alimentacion
12021,392,abono telefonia movil,163.04,Servicios
12022,1194,fac cuota prestamo banco,373.91,Deudas
12023,2125,fac inversion en acciones,1448.17,Ahorros
12024,1989,cuota prestamo auto,752.46,Transporte
12025,297,fac optica lentes,466.54,Salud
12026,2378,pago saldo refinanciado,524.4,Deudas
12027,1087,estudios clinicos,422.89,Salud
12028,270,pago de juegos de consola,142.05,Ocio
12029,2264,expensas del edificio,822.51,Vivienda
12030,1099,abono telefonia movil,182.31,Servicios
12031,1710,cuota prestamo banco,647.42,Deudas
12032,510,movimiento: suscripcion spotify,114.71,Ocio
12033,2627,fac pintura habitacion,499.63,Educacion
12034,1117,pago de intereses,245.0,Deudas
12035,1077,abono telefonia movil,54.75,Servicios
12036,496,pago tarjeta de credito,765.97,Servicios
12037,2996,abono internet fibertel,187.03,Servicios
12038,94,tarjeta dentista limpieza,461.53,Salud
12039,625,qnalisis de sangre,260.35,Salud
12040,229,tarjeta transferencia ahorro mensual,1410.58,Ahorros
12041,2298,abono telefonia movil,102.28,Servicios
12042,1415,comprqs fiambreria,373.18,Alimentacion
12043,721,cuota prepaga osde,415.6,Salud
12044,980,tarjeta carniceria central,282.71,Alimentacion
12045,2230,salida al cine,65.61,Ocio
12046,267,combustible ypf,55.31,Transporte
12047,1004,servicio de agua aysa,94.86,Servicios
12048,281,pago de intereses,183.18,Deudas
12049,962,suscripcion netflix,124.8,Ocio
12050,2715,utiles escolares,203.85,Educacion
12051,1107,pintura habitacion,1164.65,Vivienda
12052,1210,fac transferencia ahorro mensual,1440.98,Ahorros
12053,2579,pago de intereses,864.32,Deudas
12054,1372,cuota universidad,436.59,Alimentacion
12055,423,cqrniceria central,269.51,Alimentacion
12056,2006,pago de intereses,932.13,Deudas
12057,454,cuota prestamo auto,323.12,Deudas
12058,2315,abono telefonia movil,33.6,Servicios
12059,507,impuestos municipales,87.93,Servicios
12060,1166,pago de intereses,724.44,Ocio
12061,316,compra panaderia,72.03,Alimentacion
12062,1700,opticq lentes,239.95,Deudas
12063,764,pago alquiler mensual,316.62,Vivienda
12064,1256,salida al cine,136.95,Ocio
12065,898,inversion en acciones,185.67,Ahorros
12066,953,compra ferreteria,769.28,Vivienda
12067,2923,sqlida al cine,33.35,Ocio
12068,1596,transferencia ahorro mensual,370.83,Ahorros
12069,2964,transferencia ahorro mensual,955.36,Ahorros
12070,2070,compra cafeteria,132.21,Ocio
12071,384,cuotq universidad,121.8,Educacion
12072,103,consulta medica de control,62.02,Salud
12073,900,compra libros de texto,568.82,Educacion
12074,2781,estudios clinicos,104.43,Salud
12075,110,cuota jardin de infantes,397.38,Educacion
12076,1496,compra supermercado dia,308.16,Alimentacion
12077,670,juegos de consola,136.16,Ocio
12078,384,servicio de agua aysa,62.37,Servicios
12079,2021,combustible ypf,26.19,Transporte
12080,2238,cuota prepaga osde,300.36,Salud
12081,762,inversion en acciones,1356.35,Servicios
12082,2408,cuota prestamo auto,404.08,Deudas
12083,2923,pintura habitacion,993.86,Vivienda
12084,886,cuota prestamo banco,210.74,Deudas
12085,2127,pago saldo refinanciado,261.37,Deudas
12086,2644,suscripcion netflix,138.81,Deudas
12087,1236,supermercado coto,319.14,Alimentacion
12088,2934,viaje uber,71.41,Transporte
12089,1015,servicio de plomeria,1072.84,Vivienda
12090,1469,expensas comunes,733.46,Vivienda
12091,2197,pago de carga sube,73.04,Transporte
12092,10,fondo comun de inversion,801.34,Ahorros
12093,1566,viaje cabify,54.72,Educacion
12094,792,juegos de consola,33.1,Ocio
12095,1968,taller de ingles,167.42,Educacion
12096,1079,reparacion electrica,337.4,Vivienda
12097,2920,juegos de consola,139.24,Ocio
12098,1663,pinturq habitacion,988.21,Vivienda
12099,2228,plazo fijo,1199.53,Ahorros
12100,744,abono internet fibertel,187.92,Servicios
12101,2429,optica lentes,272.29,Salud
12102,451,compra reparacion de cerradura,225.91,Vivienda
12103,1117,pago de supermercado carrefour,156.57,Alimentacion
12104,2442,cerveceria artesanal,114.76,Ocio
12105,1355,compra combustible ypf,10.17,Transporte
12106,1732,movimiento: expensas del edificio,278.66,Alimentacion
12107,2481,compra libros de texto,397.21,Educacion
12108,1187,cuota prestamo auto,716.97,Deudas
12109,2994,movimiento: estudios clinicos,459.7,Salud
12110,2814,salida al cine,137.62,Salud
12111,908,supermercado carrefour,280.72,Alimentacion
12112,2133,plazo fijo,1400.86,Ahorros
12113,2832,verduleriq de la esquina,362.35,Alimentacion
12114,1749,tarjeta viaje cabify,15.01,Transporte
12115,2864,supermercado coto,197.33,Alimentacion
12116,1115,cuota prestamo banco,399.35,Deudas
12117,1508,comprq ferreteria,540.29,Vivienda
12118,1277,combustible ypf,40.11,Transporte
12119,1814,factura gas metrogas,95.28,Servicios
12120,1679,cuota prestamo auto,956.75,Deudas
12121,1268,fondo comun de inversion,966.25,Ahorros
12122,2755,taller de ingles,226.56,Educacion
12123,2318,dentista limpieza,398.05,Salud
12124,2889,compra panaderia,376.72,Alimentacion
12125,1064,pago saldo refinanciado,272.75,Deudas
12126,1634,suscripcion spotify,81.97,Educacion
12127,2564,utiles escolqres,579.81,Educacion
12128,1057,impuestos municipales,99.15,Servicios
12129,450,cuotq jardin de infantes,695.29,Educacion
12130,2733,reparacion de cerradura,851.87,Vivienda
12131,1873,utiles escolares,786.61,Educacion
12132,625,abono internet fibertel,119.4,Servicios
12133,1970,suscripcion netflix,30.06,Ocio
12134,885,transferencia ahorro mensual,220.08,Ahorros
12135,319,peqje autopista,44.85,Transporte
12136,1396,fac factura gas metrogas,125.48,Servicios
12137,1375,compra panaderia,126.68,Alimentacion
12138,1347,pago de cuota prestamo auto,463.83,Deudas
12139,488,compra pago alquiler mensual,1159.66,Vivienda
12140,451,pago saldo refinanciado,312.57,Deudas
12141,353,pago de intereses,741.68,Deudas
12142,1140,pago alquiler mensual,602.91,Vivienda
12143,1941,reparacion de cerradura,905.01,Vivienda
12144,2368,pago de cuota universidad,364.6,Educacion
12145,2133,fac factura gas metrogas,78.53,Servicios
12146,248,fac cena restaurante,67.12,Ocio
12147,568,supermercado carrefour,218.68,Alimentacion
12148,684,movimiento: suscripcion netflix,51.41,Ocio
12149,644,cuota prepaga osde,138.43,Educacion
12150,479,fondo comun de inversion,1107.63,Ahorros
12151,2761,fac estudios clinicos,73.93,Salud
12152,368,inversion en acciones,602.45,Ahorros
12153,1845,curso de programacion,201.98,Educacion
12154,357,cuota prestamo banco,366.22,Deudas
12155,2456,plazo fijo,419.09,Ahorros
12156,1369,compra transferencia ahorro mensual,785.77,Ahorros
12157,2227,servicio de agua aysa,37.75,Servicios
12158,1467,verduleria y fruteria,96.48,Alimentacion
12159,1843,pago de intereses,174.22,Deudas
12160,2415,impuestos municipales,112.62,Servicios
12161,1060,reparacion de cerradura,1049.74,Vivienda
12162,2511,entradas recital,50.29,Ocio
12163,1645,combustible ypf,77.94,Transporte
12164,828,pintura habitacion,792.68,Vivienda
12165,1170,cuota prestamo auto,746.0,Deudas
12166,1812,tarjeta expensas comunes,741.29,Vivienda
12167,1925,pago alquiler mensual,328.3,Vivienda
12168,2194,reparacion electrica,511.73,Vivienda
12169,2428,transferencia ahorro mensual,1219.75,Ahorros
12170,168,combustible shell,33.7,Transporte
12171,87,impuestos municipqles,66.75,Servicios
12172,154,dentista limpieza,256.36,Salud
12173,2545,expensas comunes,1078.69,Vivienda
12174,315,supermercado coto,85.86,Alimentacion
12175,1855,cuota prepaga osde,58.27,Salud
12176,723,viqje cabify,68.97,Transporte
12177,1982,abono internet fibertel,114.6,Servicios
12178,1854,juegos de consola,34.52,Salud
12179,1730,supermercado carrefour,75.64,Alimentacion
12180,2812,cuotq prestamo banco,810.18,Deudas
12181,2310,compra dolares banco,467.25,Ahorros
12182,2535,comprq supermercado dia,220.46,Alimentacion
12183,2502,cuota jardin de infantes,270.6,Educacion
12184,2491,abono telefonia movil,194.08,Servicios
12185,2591,compra colectivo linea 60,30.31,Transporte
12186,1129,cerveceria artesanal,86.47,Ocio
12187,2024,pago saldo refinanciado,604.54,Deudas
12188,350,cuota prestamo banco,431.54,Transporte
12189,824,fac cuota prestamo banco,257.26,Deudas
12190,438,pago de suscripcion netflix,138.13,Ocio
12191,2005,cena restaurante,73.27,Ocio
12192,169,analisis de sangre,85.41,Salud
12193,23,peaje autopista,66.71,Transporte
12194,2724,matricula del colegio,786.29,Educacion
12195,281,fondo comun de inversion,1219.99,Ahorros
12196,2770,reparacion de cerradura,450.4,Vivienda
12197,2301,cuota jardin de infantes,586.32,Educacion
12198,404,pago de cena restaurante,20.21,Ocio
12199,2181,juegos de consola,45.84,Ocio
12200,2666,compra ferreteria,718.16,Vivienda
12201,232,expensas comunes,966.31,Vivienda
12202,2593,pago saldo refinanciado,306.99,Deudas
12203,79,taller de ingles,342.88,Educacion
12204,1059,taller de ingles,761.92,Educacion
12205,2543,pago de fondo comun de inversion,1312.39,Ahorros
12206,1134,reparacion electrica,698.54,Vivienda
12207,1345,impuestos municipales,75.96,Transporte
12208,2376,taller de ingles,688.48,Educacion
12209,2738,plqzo fijo,667.25,Ahorros
12210,2432,pago tarjeta de credito,498.99,Ahorros
12211,1388,cuota prestamo auto,729.82,Deudas
12212,1640,consulta medica de control,74.8,Salud
12213,1438,inversion en acciones,219.53,Transporte
12214,547,tarjeta pago de intereses,553.61,Deudas
12215,1730,medicamentos recetados,493.19,Salud
12216,2440,verduleria y fruteria,96.5,Alimentacion
12217,1317,movimiento: cuota universidad,131.55,Educacion
12218,1109,pago de expensas del edificio,960.44,Vivienda
12219,909,cuotq prestamo auto,567.74,Deudas
12220,1225,entradas recital,146.98,Deudas
12221,685,curso de programacion,460.31,Educacion
12222,2589,comprq dolares banco,1401.02,Ahorros
12223,2345,entrqdas recital,43.8,Ocio
12224,2104,compra farmacia,133.77,Salud
12225,1676,comprq cafeteria,54.41,Ocio
12226,2114,fac compra ferreteria,1005.34,Vivienda
12227,958,compra libros de texto,351.9,Educacion
12228,1683,compra cafeteria,58.26,Ocio
12229,1933,inversion en acciones,283.29,Ahorros
12230,1605,dentista limpieza,329.97,Salud
12231,702,compra supermercado dia,118.6,Alimentacion
12232,2808,colectivo linea 60,23.15,Transporte
12233,2534,cuota prestamo banco,391.26,Deudas
12234,821,servicio de plomeria,705.26,Vivienda
12235,888,impuestos municipales,159.6,Salud
12236,1920,viaje uber,10.27,Transporte
12237,1329,movimiento: cuota prestamo banco,857.48,Deudas
12238,2225,comprq dolares banco,750.66,Ahorros
12239,2243,factura luz edesur,84.04,Servicios
12240,876,supermercado coto,196.01,Salud
12241,166,movimiento: peaje autopista,38.51,Transporte
12242,1174,movimiento: fondo comun de inversion,1148.25,Ahorros
12243,557,abono internet fibertel,30.45,Servicios
12244,1198,estudios clinicos,369.71,Salud
12245,2215,cuota universidad,122.39,Educacion
12246,709,compra panaderia,239.34,Alimentacion
12247,718,cuota prepaga osde,283.19,Salud
12248,1604,expensas del edificio,1195.42,Vivienda
12249,2145,servicio de plomeria,836.25,Vivienda
12250,2727,abono telefonia movil,47.26,Servicios
12251,2452,cuota universidad,545.99,Educacion
12252,1101,fondo comun de inversion,357.81,Ahorros
12253,2020,qbono telefonia movil,49.56,Transporte
12254,1261,combustible ypf,22.22,Transporte
12255,291,pago de cuota prestamo banco,847.64,Deudas
12256,2184,carga sube,37.15,Transporte
12257,2937,fac factura gas metrogas,174.55,Servicios
12258,2929,curso de programacion,138.13,Educacion
12259,2415,cena restaurante,135.5,Ocio
12260,2596,expensas del edificio,241.44,Vivienda
12261,2950,taller de ingles,111.76,Educacion
12262,2296,curso de programacion,781.89,Educacion
12263,2814,impuestos municipales,180.16,Servicios
12264,1238,reparacion electrica,379.81,Vivienda
12265,2118,taller de ingles,700.27,Educacion
12266,746,expensas comunes,495.24,Vivienda
12267,2377,servicio de plomeria,1090.2,Vivienda
12268,1198,cuota prestamo auto,782.24,Deudas
12269,699,mqtricula del colegio,359.67,Vivienda
12270,2854,transferencia ahorro mensual,1388.92,Ahorros
12271,2322,compra libros de texto,350.33,Educacion
12272,524,pago tarjeta de credito,521.05,Deudas
12273,1846,dentista limpieza,311.88,Servicios
12274,2267,tarjeta servicio de agua aysa,129.32,Servicios
12275,1024,supermercado carrefour,260.71,Educacion
12276,2561,fac taller de ingles,592.2,Educacion
12277,2011,fac colectivo linea 60,20.6,Transporte
12278,464,cuota prestamo banco,441.77,Deudas
12279,1665,suscripcion spotify,91.52,Ocio
12280,451,compra cuota jardin de infantes,200.17,Educacion
12281,1420,optica lentes,212.82,Salud
12282,1916,fac compra panaderia,341.63,Alimentacion
12283,924,movimiento: pago de intereses,490.12,Salud
12284,2981,fac taller de ingles,602.85,Deudas
12285,2527,transferencia ahorro mensual,1230.63,Deudas
12286,316,impuestos municipales,54.71,Servicios
12287,671,compras fiambreria,358.59,Alimentacion
12288,698,compra panaderia,308.18,Alimentacion
12289,993,movimiento: servicio de agua aysa,121.66,Servicios
12290,1377,servicio de agua aysa,191.2,Servicios
12291,2816,transferencia ahorro mensual,1373.07,Ahorros
12292,1263,compra combustible shell,57.38,Transporte
12293,1128,abono telefonia movil,149.72,Deudas
12294,907,viaje uber,56.62,Vivienda
12295,2926,colectivo linea 60,69.18,Transporte
12296,1053,compra libros de texto,405.84,Educacion
12297,89,fondo comun de inversion,915.0,Ahorros
12298,2423,compra dolares banco,460.38,Ahorros
12299,1587,compra supermercado dia,210.38,Alimentacion
12300,364,tarjeta impuestos municipales,114.45,Servicios
12301,2195,fac compra farmacia,69.88,Salud
12302,314,almacen san martin,75.25,Alimentacion
12303,548,colectivo linea 60,12.92,Transporte
12304,796,salida al cine,96.77,Ocio
12305,2947,viaje uber,55.35,Transporte
12306,1530,taxis de la ciudad,71.36,Transporte
12307,1510,movimiento: expensas comunes,610.56,Vivienda
12308,2149,dentista limpieza,370.35,Salud
12309,107,pago de intereses,453.83,Deudas
12310,857,cuota prestamo auto,342.63,Deudas
12311,2985,cerveceria artesanal,113.2,Deudas
12312,291,expensqs del edificio,1003.74,Vivienda
12313,1373,abono telefonia movil,81.78,Servicios
12314,617,fac fondo comun de inversion,1337.42,Ahorros
12315,1757,peaje autopista,64.9,Transporte
12316,2636,salida al cine,74.18,Ocio
12317,1251,abono telefonia movil,137.77,Servicios
12318,2644,supermercado coto,183.63,Alimentacion
12319,977,suscripcion spotify,119.69,Ocio
12320,2037,pago tarjeta de credito,186.52,Deudas
12321,1612,factura gas metrogas,88.55,Servicios
12322,1791,combustible ypf,35.52,Transporte
12323,868,fac combustible shell,46.42,Transporte
12324,2770,compra ferreteria,586.67,Vivienda
12325,158,cuota jardin de infantes,704.25,Educacion
12326,328,cuota jardin de infantes,492.33,Educacion
12327,2783,peaje autopista,56.54,Transporte
12328,2681,abono telefonia movil,181.93,Ocio
12329,1478,pago tarjeta de credito,712.54,Servicios
12330,2375,combustible ypf,60.77,Transporte
12331,2556,servicio de plomeriq,850.2,Alimentacion
12332,870,cuota prepaga osde,96.61,Salud
12333,1131,reparacion de cerradura,581.7,Vivienda
12334,241,compra taller de ingles,201.69,Educacion
12335,2483,cerveceria artesanal,27.04,Ocio
12336,2752,taxis de la ciudad,25.69,Transporte
12337,1388,suscripcion netflix,123.63,Ocio
12338,1749,compra dolares banco,1249.38,Ahorros
12339,1557,cuota prestamo auto,202.73,Deudas
12340,1691,verduleria y fruteria,193.03,Alimentacion
12341,1563,transferencia ahorro mensual,418.42,Ahorros
12342,2637,taxis de la ciudad,21.37,Transporte
12343,413,movimiento: verduleria y fruteria,218.69,Alimentacion
12344,1959,entradas recital,96.12,Ocio
12345,569,compras fiambreria,280.34,Alimentacion
12346,1655,suscripcion spotify,131.51,Ocio
12347,1600,combustible ypf,12.28,Transporte
12348,2532,impuestos municipales,48.08,Servicios
12349,2716,movimiento: fqctura luz edesur,96.48,Servicios
12350,151,reparacion de cerradura,671.18,Vivienda
12351,2273,colectivo linea 60,16.02,Transporte
12352,1284,abono internet fibertel,185.42,Servicios
12353,256,compra compra panaderia,334.91,Alimentacion
12354,2109,viaje cabify,15.81,Transporte
12355,1796,colectivo linea 60,62.81,Transporte
12356,2444,supermercado carrefour,209.63,Alimentacion
12357,1421,transferencia ahorro mensual,168.91,Ahorros
12358,1186,fac entradas recital,43.46,Ocio
12359,2428,medicamentos recetados,155.15,Salud
12360,349,suscripcion netflix,63.94,Ocio
12361,2079,qbono internet fibertel,37.62,Servicios
12362,2119,cuota prepaga osde,210.3,Salud
12363,397,reparacion de cerradura,891.62,Vivienda
12364,2050,compra panaderia,214.16,Ocio
12365,2977,juegos de consola,48.43,Ocio
12366,2610,movimiento: cena restaurante,40.21,Ocio
12367,1159,compra dolares banco,1477.8,Ahorros
12368,146,taxis de la ciudad,74.77,Transporte
12369,2227,cuota jardin de infantes,341.79,Educacion
12370,264,mqtricula del colegio,267.41,Educacion
12371,1335,abono telefonia movil,78.71,Salud
12372,204,compra libros de texto,495.72,Educacion
12373,1835,fac pintura habitacion,456.14,Vivienda
12374,2747,peaje autopista,66.8,Transporte
12375,2107,pago de intereses,987.59,Servicios
12376,988,utiles escolares,500.39,Educacion
12377,1348,pago alquiler mensual,805.99,Vivienda
12378,2215,plazo fijo,1069.42,Ahorros
12379,1361,peaje autopista,73.13,Transporte
12380,2955,fac cuota prepaga osde,144.24,Salud
12381,2946,tarjeta pago saldo refinanciado,748.42,Deudas
12382,2839,expensas del edificio,1065.22,Salud
12383,1727,pago de transferencia ahorro mensual,188.47,Ahorros
12384,2290,compra dolares banco,924.12,Ahorros
12385,1981,plazo fijo,1364.38,Ahorros
12386,1690,compra panaderia,108.84,Alimentacion
12387,908,compra juegos de consola,61.36,Ocio
12388,1184,suscripcion spotify,43.7,Ocio
12389,2825,cuota prestamo banco,455.37,Deudas
12390,1259,factura luz edesur,143.13,Servicios
12391,1477,abono internet fibertel,98.25,Servicios
12392,199,viaje uber,37.36,Transporte
12393,1501,tarjeta servicio de plomeria,440.26,Transporte
12394,1057,carniceria central,267.48,Salud
12395,2456,factura luz edesur,197.42,Servicios
12396,1113,expensas del edificio,415.36,Vivienda
12397,2269,inversion en acciones,1410.86,Ahorros
12398,1261,suscripcion netflix,74.69,Ocio
12399,1184,compra cafeteria,38.47,Ocio
12400,1856,plazo fijo,456.51,Ahorros
12401,2888,pago de intereses,482.99,Deudas
12402,2836,suscripcion spotify,136.97,Ocio
12403,1314,salida al cine,65.34,Ocio
12404,1903,compra cafeteria,25.67,Ocio
12405,2602,expensas comunes,319.31,Vivienda
12406,578,matricula del colegio,210.33,Educacion
12407,2581,cuotq prepaga osde,273.03,Salud
12408,335,compra dolares banco,1130.52,Ahorros
12409,1021,colectivo linea 60,18.57,Transporte
12410,2294,factura gas metrogas,139.02,Servicios
12411,1347,compra supermercado dia,229.38,Alimentacion
12412,1963,servicio de agua aysa,68.57,Servicios
12413,611,movimiento: viaje cabify,36.51,Servicios
12414,329,cuota universidad,270.72,Educacion
12415,547,verduleria de la esquina,129.9,Alimentacion
12416,339,matricula del colegio,162.89,Educacion
12417,807,pqgo de reparacion electrica,1091.7,Alimentacion
12418,1034,compra supermercado dia,150.64,Alimentacion
12419,2741,compra verduleria de la esquina,387.62,Alimentacion
12420,430,impuestos municipales,133.12,Servicios
12421,1531,estudios clinicos,190.84,Ahorros
12422,806,inversion en acciones,571.19,Ahorros
12423,1697,fondo comun de inversion,1427.9,Ahorros
12424,2660,inversion en acciones,691.1,Ahorros
12425,1613,almacen san martin,50.88,Alimentacion
12426,2083,pintura habitacion,1172.11,Vivienda
12427,1999,supermercado coto,373.09,Deudas
12428,557,fac verduleria y fruteria,273.08,Alimentacion
12429,1686,transferencia ahorro mensual,1490.85,Ahorros
12430,491,cuota universidad,613.96,Educacion
12431,1604,compras fiambreria,256.65,Alimentacion
12432,254,medicamentos recetados,495.09,Salud
12433,17,impuestos municipales,84.8,Servicios
12434,261,colectivo linea 60,32.62,Transporte
12435,1849,expensas del edificio,758.54,Vivienda
12436,1280,viaje uber,66.98,Transporte
12437,2776,fondo comun de inversion,350.74,Ahorros
12438,1887,plazo fijo,545.07,Ahorros
12439,1448,factura luz edesur,195.02,Servicios
12440,501,abono internet fibertel,167.35,Servicios
12441,1016,colectivo linea 60,51.62,Transporte
12442,2334,pago tarjeta de credito,315.0,Deudas
12443,2055,almacen san martin,339.27,Alimentacion
12444,1223,pago tarjeta de credito,726.6,Deudas
12445,2707,pago de compra libros de texto,717.02,Educacion
12446,2985,compra ferreteria,880.29,Vivienda
12447,2040,tarjeta combustible ypf,47.46,Transporte
12448,1686,consulta medica de control,224.14,Ahorros
12449,2100,carga sube,50.43,Transporte
12450,2291,expensas del edificio,493.8,Vivienda
12451,1243,tqrjeta optica lentes,428.08,Salud
12452,2566,cuota universidad,646.86,Educacion
12453,109,abono telefonia movil,65.45,Servicios
12454,921,compra dolares banco,420.07,Ahorros
12455,66,utiles escolares,492.38,Ahorros
12456,202,pago tarjeta de credito,848.5,Deudas
12457,1818,movimiento: taxis de la ciudad,15.51,Transporte
12458,2949,suscripcion spotify,107.24,Ocio
12459,214,pago tarjeta de credito,938.91,Deudas
12460,2116,inversion en acciones,815.27,Ahorros
12461,2807,expensas comunes,935.75,Vivienda
12462,2914,expensas del edificio,530.62,Vivienda
12463,327,tarjeta abono telefonia movil,198.06,Salud
12464,1074,pago alquiler mensual,1196.82,Vivienda
12465,1041,matricula del colegio,778.94,Educacion
12466,523,taxis de la ciudad,79.0,Transporte
12467,988,compra carga sube,43.81,Transporte
12468,1004,movimiento: taller de ingles,600.07,Educacion
12469,504,carga sube,70.64,Transporte
12470,1249,entradas recital,82.07,Ocio
12471,756,juegos de consolq,107.7,Ocio
12472,1342,fac pago saldo refinanciado,847.27,Deudas
12473,2521,compras fiambreria,222.92,Alimentacion
12474,1868,compra servicio de agua aysa,75.82,Servicios
12475,1915,factura luz edesur,130.55,Servicios
12476,2906,plazo fijo,123.55,Educacion
12477,2589,comprq ferreteria,232.93,Vivienda
12478,1382,servicio de agua aysa,36.17,Servicios
12479,1507,cena restaurante,45.94,Ocio
12480,2917,reparacion electrica,885.43,Vivienda
12481,2926,pago de intereses,438.85,Deudas
12482,2988,compra farmacia,373.77,Salud
12483,2925,pago de intereses,211.56,Deudas
12484,1453,utiles escolares,489.03,Educacion
12485,2845,compra ferreteria,969.31,Ahorros
12486,1521,tarjeta cuota prepaga osde,260.27,Salud
12487,2520,abono telefonia movil,166.09,Servicios
12488,1595,factura gas metrogas,181.9,Servicios
12489,2886,tarjeta cerveceria artesanal,72.43,Ocio
12490,1888,consulta medica de control,58.12,Salud
12491,1324,comprq dolares banco,1022.57,Ahorros
12492,2132,viaje uber,58.68,Transporte
12493,2425,estudios clinicos,261.38,Salud
12494,1653,supermercado coto,268.86,Alimentacion
12495,1344,servicio de agua aysa,134.42,Servicios
12496,2252,colectivo linea 60,77.3,Transporte
12497,1379,cuota prestamo auto,543.57,Deudas
12498,1009,transferencia ahorro mensual,636.68,Ahorros
12499,1318,movimiento: combustible ypf,17.73,Transporte
12500,2552,juegos de consola,22.76,Ocio
12501,539,compra supermercado dia,187.13,Alimentacion
12502,17,tarjeta cuota prestamo auto,376.38,Deudas
12503,575,taller de ingles,694.67,Alimentacion
12504,1803,transferencia ahorro mensual,139.4,Ahorros
12505,2624,estudios clinicos,389.11,Salud
12506,1063,combustible ypf,67.3,Transporte
12507,130,factura gas metrogas,71.37,Servicios
12508,2163,factura luz edesur,83.95,Servicios
12509,1474,compra libros de texto,697.39,Educacion
12510,950,factura gas metrogas,120.49,Servicios
12511,1069,suscripcion nwtflix,46.13,Ocio
12512,216,transferencia ahorro mensual,675.91,Ahorros
12513,1624,compra dentista limpieza,182.08,Transporte
12514,2896,expensas del edificio,905.19,Vivienda
12515,1439,fondo comun de inversion,126.1,Ahorros
12516,2737,cuota prestamo banco,481.93,Ocio
12517,1003,pago de entradas recital,22.12,Ocio
12518,2313,consulta medica de control,262.97,Salud
12519,1947,compra dolares banco,869.55,Ahorros
12520,1464,transferencia ahorro mensual,927.1,Ahorros
12521,617,salida al cine,49.63,Ocio
12522,1870,colectivo linea 60,32.79,Transporte
12523,301,abono internet fibertel,148.73,Servicios
12524,985,inversion en acciones,339.55,Ahorros
12525,1195,plqzo fijo,101.36,Educacion
12526,406,compra cuota prepaga osde,265.85,Salud
12527,161,viaje uber,38.16,Transporte
12528,1819,compra libros de texto,151.37,Educacion
12529,1576,fac servicio de agua aysa,80.68,Servicios
12530,26,analisis de sangre,171.96,Salud
12531,83,reparacion de cerradura,631.52,Vivienda
12532,173,fac peaje autopista,73.28,Transporte
12533,999,combustible shell,42.63,Transporte
12534,1709,servicio de agua aysa,31.83,Servicios
12535,2842,pago de carga sube,14.71,Transporte
12536,2883,verduleria de la esquina,142.73,Alimentacion
12537,6,servicio de plomeria,609.89,Vivienda
12538,2844,suscripcion netflix,70.96,Ocio
12539,525,expensas comunes,740.11,Vivienda
12540,2111,supermercqdo carrefour,225.74,Alimentacion
12541,2046,verduleria y fruteria,163.05,Alimentacion
12542,761,pago de plazo fijo,550.76,Ahorros
12543,205,tarjeta compras fiambreria,328.28,Alimentacion
12544,897,impuestos municipales,135.21,Servicios
12545,1789,fac factura gas metrogas,147.93,Servicios
12546,2088,compra supermercado dia,124.85,Alimentacion
12547,1189,verduleria de la esquina,370.93,Alimentacion
12548,2036,juegos de consola,35.06,Ocio
12549,1553,pago saldo refinanciado,654.66,Deudas
12550,877,servicio de agua aysa,169.61,Servicios
12551,825,compra cafeteria,75.08,Ocio
12552,2957,optica lentes,298.26,Salud
12553,2446,abono internet fibertel,31.56,Servicios
12554,1483,compra suscripcion netflix,126.87,Ocio
12555,1817,pago tarjeta de credito,464.4,Deudas
12556,2682,reparacion de cerradura,1024.48,Vivienda
12557,1102,trqnsferencia ahorro mensual,1284.18,Vivienda
12558,839,verduleria de la esquina,334.96,Alimentacion
12559,600,abono telefonia movil,153.39,Servicios
12560,2673,inversion en acciones,1288.32,Ahorros
12561,1962,compra panaderia,246.47,Alimentacion
12562,938,fac analisis de sangre,270.02,Salud
12563,2932,factura luz edesur,39.31,Servicios
12564,425,compra dolares banco,1053.83,Ahorros
12565,2435,compra panaderia,228.9,Alimentacion
12566,2906,juegos de consola,73.72,Ocio
12567,2671,combustiblw shell,46.56,Transporte
12568,2138,matricula del colegio,532.74,Educacion
12569,2433,abono telefonia movil,59.74,Servicios
12570,997,abono telefonia movil,32.77,Servicios
12571,2695,abono internet fibertel,175.83,Alimentacion
12572,1268,expensas del edificio,252.18,Vivienda
12573,422,suscripcion spotify,26.91,Ocio
12574,1206,suscripcion netflix,57.82,Ocio
12575,2922,pago de servicio de agua aysa,184.8,Servicios
12576,1658,compra dolares banco,906.37,Ahorros
12577,2101,suscripcion spotify,139.84,Ocio
12578,1014,compra carniceria central,72.16,Alimentacion
12579,685,compra pago tarjeta de credito,465.19,Deudas
12580,2227,viaje cabify,35.86,Ahorros
12581,293,estudios clinicos,147.51,Salud
12582,2423,cuota universidad,752.74,Alimentacion
12583,1078,salida al cine,53.58,Servicios
12584,2844,servicio de agua aysa,47.26,Servicios
12585,16,reparacion de cerradura,482.94,Vivienda
12586,176,analisis de sangre,302.13,Educacion
12587,1564,fondo comun de inversion,1243.12,Ahorros
12588,1430,compra reparacion electrica,1100.0,Vivienda
12589,1491,transferencia ahorro mensual,1015.14,Transporte
12590,1904,plazo fijo,665.0,Vivienda
12591,129,estudios clinicos,117.87,Salud
12592,884,optica lentes,282.1,Salud
12593,1268,cuota prestamo banco,694.89,Deudas
12594,426,compras fiambreria,132.13,Alimentacion
12595,2402,cerveceriq artesanal,118.9,Ocio
12596,750,compra cafeteria,57.83,Ocio
12597,744,transferencia ahorro mensual,197.31,Ahorros
12598,1027,cqrga sube,71.68,Transporte
12599,479,pago de intereses,625.59,Deudas
12600,976,impuestos municipqles,189.93,Servicios
12601,44,colectivo lineq 60,71.76,Transporte
12602,2203,verduleria y fruteria,314.48,Transporte
12603,947,expensas comunes,909.36,Vivienda
12604,1560,colectivo linea 60,15.98,Transporte
12605,1940,compra farmacia,164.33,Salud
12606,2976,compra combustible shell,61.79,Transporte
12607,99,tarjeta inversion en acciones,1001.37,Ahorros
12608,171,reparacion electrica,1108.92,Vivienda
12609,148,cqrniceria central,145.82,Servicios
12610,2171,tqrjeta pago tarjeta de credito,230.75,Deudas
12611,112,expensas comunes,1168.75,Vivienda
12612,1023,movimiento: pago de intereses,996.72,Deudas
12613,68,tarjeta cuota prestamo banco,847.37,Deudas
12614,828,inversion en acciones,1238.84,Ahorros
12615,1753,tqrjeta factura gas metrogas,80.11,Servicios
12616,2940,expensas del edificio,387.99,Vivienda
12617,1632,combustible ypf,61.27,Transporte
12618,1310,cerveceria artesanal,142.82,Ocio
12619,2278,tqrjeta expensas del edificio,845.6,Vivienda
12620,160,salida al cine,67.88,Ocio
12621,1785,pago de intereses,717.3,Deudas
12622,1809,optica lentes,307.43,Salud
12623,2234,supermercado carrefour,348.02,Alimentacion
12624,1014,cuota universidad,591.93,Educacion
12625,877,movimiento: optica lentes,97.32,Salud
12626,552,suscripcion spotify,59.52,Vivienda
12627,1176,compra farmacia,147.53,Salud
12628,1164,fac supermercado carrefour,356.51,Alimentacion
12629,1391,plazo fijo,355.75,Deudas
12630,1152,movimiento: cuota jardin de infantes,328.57,Educacion
12631,2195,viaje cabify,13.01,Transporte
12632,1309,combustible shell,28.82,Transporte
12633,1493,comprq dolares banco,513.03,Ahorros
12634,1242,compras fiambreria,382.55,Alimentacion
12635,436,cuota prepaga osde,211.95,Alimentacion
12636,732,factura gas metrogas,150.91,Servicios
12637,1169,compra supermercado dia,102.76,Alimentacion
12638,1865,combustible ypf,24.65,Transporte
12639,1301,salida al cine,142.81,Ocio
12640,1778,compra dolares banco,738.51,Ahorros
12641,60,fac plazo fijo,483.95,Ahorros
12642,1634,pago saldo refinanciado,683.2,Deudas
12643,2891,tarjeta cuota prepaga osde,88.84,Salud
12644,2452,combustible ypf,15.49,Deudas
12645,2929,compra panaderia,286.23,Alimentacion
12646,1138,plazo fijo,1117.76,Ahorros
12647,1519,pago de compra libros de texto,732.01,Educacion
12648,2663,optica lentes,133.68,Salud
12649,336,curso de programacion,200.63,Servicios
12650,831,cuota prepaga osde,95.68,Salud
12651,1593,transferencia ahorro mensual,418.15,Ahorros
12652,285,almacen san martin,137.19,Alimentacion
12653,2177,compra panaderia,133.38,Alimentacion
12654,1916,dentista limpieza,355.61,Salud
12655,2002,juegos de consola,67.62,Deudas
12656,2363,viaje cabify,43.41,Transporte
12657,960,compra supermercado dia,331.32,Alimentacion
12658,1622,compra pago saldo refinanciado,881.67,Deudas
12659,71,plazo fijo,1067.99,Ahorros
12660,2393,compra supermercado dia,58.3,Alimentacion
12661,1122,compra farmacia,319.47,Salud
12662,1324,taller de ingles,501.73,Educacion
12663,2224,factura luz edesur,140.02,Servicios
12664,884,expensas del edificio,828.04,Vivienda
12665,1099,entradas recital,143.0,Ocio
12666,143,carniceria central,161.71,Alimentacion
12667,2979,pintura habitacion,994.28,Vivienda
12668,1047,pago saldo refinanciado,179.93,Deudas
12669,2229,utiles escolares,218.85,Educacion
12670,1069,pago tarjeta de credito,958.51,Deudas
12671,92,compra panaderia,366.58,Alimentacion
12672,2082,transferencia ahorro mensual,659.07,Ahorros
12673,678,compra ferreteria,495.34,Vivienda
12674,2807,compra fondo comun de inversion,615.58,Ahorros
12675,382,pago de intereses,454.12,Deudas
12676,1704,pago tarjeta de credito,738.81,Deudas
12677,966,colectivo linea 60,11.6,Transporte
12678,1180,optica lentes,308.61,Salud
12679,2435,pago de plazo fijo,1389.35,Ahorros
12680,2583,estudios clinicos,281.76,Salud
12681,2248,cuota prestamo auto,801.71,Deudas
12682,2323,utiles escolares,798.88,Educacion
12683,501,factura luz edesur,96.84,Servicios
12684,459,expensqs del edificio,1079.58,Vivienda
12685,50,pago tarjeta de credito,842.01,Deudas
12686,970,expensas comunes,455.45,Vivienda
12687,988,matricula del colegio,651.12,Educacion
12688,532,comprqs fiambreria,241.9,Alimentacion
12689,1004,movimiento: cuota prestamo banco,960.87,Deudas
12690,2676,impuestos municipales,83.28,Servicios
12691,1116,taller de ingles,259.47,Educacion
12692,1480,entradas recital,80.32,Ocio
12693,339,carniceria central,94.94,Alimentacion
12694,1659,fqc cuota prestamo auto,602.31,Deudas
12695,1877,fondo comun de inversion,611.54,Servicios
12696,1874,taller de ingles,297.99,Educacion
12697,2052,factura luz edesur,85.74,Servicios
12698,1705,reparacion de cerradura,901.8,Vivienda
12699,281,juegos de consola,75.7,Ocio
12700,1314,pago de colectivo linea 60,25.1,Transporte
12701,2121,pago de reparacion electrica,716.12,Vivienda
12702,1161,compra libros de texto,195.2,Educacion
12703,2816,fondo comun de inversion,1401.45,Ahorros
12704,971,inversion en acciones,193.84,Ahorros
12705,998,cuota prestamo banco,154.73,Deudas
12706,1417,repqracion electrica,526.46,Vivienda
12707,208,salida al cine,149.1,Ocio
12708,260,abono internet fibertel,87.58,Servicios
12709,930,compra verduleria y fruteria,161.68,Alimentacion
12710,263,verduleria y fruteria,167.62,Alimentacion
12711,783,expensas del edificio,460.0,Vivienda
12712,505,tarjeta medicamentos recetados,171.37,Salud
12713,1574,movimiento: compra ferreteria,230.43,Vivienda
12714,203,inversion en qcciones,1064.86,Ahorros
12715,1760,pago de colectivo linea 60,71.0,Transporte
12716,2014,pago alquiler mensual,998.16,Vivienda
12717,2100,abono internet fibertel,70.43,Servicios
12718,1380,carga sube,43.09,Transporte
12719,2411,pago saldo refinanciado,442.39,Deudas
12720,45,repqracion de cerradura,858.8,Vivienda
12721,2875,fondo comun de inversion,133.13,Ahorros
12722,1402,comprqs fiambreria,344.65,Alimentacion
12723,789,servicio de qgua aysa,128.58,Servicios
12724,1436,verduleria y fruteria,86.64,Alimentacion
12725,2819,transferencia ahorro mensual,989.01,Educacion
12726,2190,verduleria de la esquina,330.65,Alimentacion
12727,2845,medicamentos recetados,256.34,Salud
12728,2085,servicio de agua aysa,177.46,Servicios
12729,2093,carniceria central,293.44,Alimentacion
12730,2968,fac compra libros de texto,119.88,Educacion
12731,1656,suscripcion spotify,28.06,Ocio
12732,1070,fac analisis de sangre,215.57,Salud
12733,1676,movimiento: salida al cine,82.29,Ocio
12734,2613,compra ferreteria,811.97,Vivienda
12735,301,movimiento: juegos de consola,122.01,Ocio
12736,288,juegos de consola,24.45,Ocio
12737,786,compra ferreteria,962.02,Vivienda
12738,2317,almacen san martin,370.07,Alimentacion
12739,2839,dentista limpieza,422.67,Salud
12740,2629,factura gas metrogas,138.54,Servicios
12741,1266,carga sube,26.38,Transporte
12742,2984,servicio de plomeria,463.27,Vivienda
12743,1806,suscripcion netflix,50.59,Ocio
12744,2402,matricula del colegio,698.03,Educacion
12745,1820,suscripcion spotify,85.94,Servicios
12746,71,taller de ingles,628.47,Educacion
12747,835,transferencia ahorro mensual,430.65,Ahorros
12748,2461,cqrga sube,29.88,Transporte
12749,612,pintura habitacion,696.96,Vivienda
12750,2663,verduleria y fruteria,267.79,Alimentacion
12751,1417,abono telefonia movil,93.36,Servicios
12752,2577,verduleria y fruteria,68.13,Alimentacion
12753,1329,cena restaurante,122.8,Ocio
12754,191,plazo fijo,286.41,Ahorros
12755,1748,combustible ypf,59.84,Transporte
12756,2126,verduleria y fruteria,221.62,Alimentacion
12757,1582,cuota prepaga osde,497.25,Salud
12758,1629,cena restaurante,112.44,Ocio
12759,889,abono internet fibertel,64.7,Servicios
12760,2997,tarjeta cuota prestamo auto,829.13,Deudas
12761,17,pintura habitacion,1039.66,Vivienda
12762,815,pago saldo refinanciado,910.38,Educacion
12763,1598,factura luz edesur,168.35,Servicios
12764,2482,fac cuota prestamo banco,725.49,Deudas
12765,1067,mqtricula del colegio,737.94,Educacion
12766,2260,abono telefonia movil,187.79,Servicios
12767,2251,reparacion de cerradura,749.79,Vivienda
12768,2026,compra supermercado dia,77.72,Alimentacion
12769,2774,tqrjeta estudios clinicos,211.96,Salud
12770,109,compra compra dolares banco,842.15,Ahorros
12771,284,expensas comunes,1088.16,Vivienda
12772,2989,compra libros de texto,581.88,Educacion
12773,1961,tarjeta cuota prepaga osde,120.93,Salud
12774,1630,compra cafeteria,41.75,Ocio
12775,737,reparacion de cerradura,370.89,Vivienda
12776,1142,taller de ingles,315.44,Educacion
12777,932,abono internet fibertel,150.68,Servicios
12778,603,factura luz edesur,196.98,Servicios
12779,1364,fondo comun de inversion,275.61,Ahorros
12780,1825,combustible shell,12.34,Transporte
12781,491,reparacion de cerradura,966.24,Vivienda
12782,2067,cuota prestamo auto,441.44,Deudas
12783,1199,tarjeta pintura habitacion,953.25,Vivienda
12784,1642,cuota prepaga osde,143.11,Salud
12785,801,suscripcion netflix,74.22,Ocio
12786,760,fac medicamentos recetados,410.47,Salud
12787,1166,pago de peaje autopista,24.69,Transporte
12788,1487,fondo comun de inversion,188.19,Ahorros
12789,2977,estudios clinicos,452.09,Salud
12790,2346,comprqs fiambreria,374.53,Alimentacion
12791,1494,inversion en acciones,215.08,Ahorros
12792,705,taller de ingles,337.65,Educacion
12793,815,abono telefonia movil,147.47,Servicios
12794,803,carga sube,74.61,Transporte
12795,373,fqc supermercado coto,357.29,Alimentacion
12796,1492,sqlida al cine,89.49,Ocio
12797,2976,utiles escolares,289.95,Educacion
12798,2999,suscripcion netflix,104.91,Ocio
12799,1462,viaje cabify,44.85,Transporte
12800,2892,impuestos municipales,39.21,Servicios
12801,2995,supermercado carrefour,288.62,Alimentacion
12802,2491,pqgo saldo refinanciado,520.2,Transporte
12803,2190,factura gas metrogas,182.66,Servicios
12804,2450,factura gas metrogas,118.09,Servicios
12805,823,cena restaurante,24.74,Ocio
12806,222,compra libros de texto,784.48,Educacion
12807,2785,plazo fijo,135.67,Ahorros
12808,1388,fqc cuota prepaga osde,295.83,Salud
12809,994,inversion en acciones,198.26,Ahorros
12810,1212,cuota jardin de infantes,508.88,Educacion
12811,2161,pago de intereses,280.24,Deudas
12812,1205,analisis de sangre,439.53,Salud
12813,1926,servicio de agua aysa,85.78,Servicios
12814,598,pago alquiler mensual,1093.63,Vivienda
12815,2952,curso de programacion,419.99,Educacion
12816,485,servicio de plomeria,487.88,Vivienda
12817,2599,plazo fijo,347.14,Ahorros
12818,1667,impuestos municipales,129.95,Servicios
12819,2051,juegos de consola,110.89,Educacion
12820,1502,compra cafeteria,128.43,Ocio
12821,662,fac abono internet fibertel,137.97,Servicios
12822,2115,cuota universidad,356.01,Educacion
12823,2753,consulta medica de control,380.24,Salud
12824,1555,medicamentos recetados,485.16,Salud
12825,2020,factura gas metrogas,30.05,Servicios
12826,1342,verduleria y fruteria,280.75,Alimentacion
12827,2146,servicio de plomeria,287.53,Vivienda
12828,1081,fac pago saldo refinanciado,657.19,Deudas
12829,88,pago alquiler mensual,773.4,Vivienda
12830,2701,verduleria de la esquina,56.45,Alimentacion
12831,2704,compra cuota universidad,656.15,Educacion
12832,2960,fac verduleria de la esquina,374.01,Alimentacion
12833,2419,inversion en acciones,1331.02,Ahorros
12834,2423,pago saldo refinanciado,338.44,Deudas
12835,52,factura luz edesur,164.64,Servicios
12836,1748,compra curso de programacion,307.04,Educacion
12837,41,expensas del edificio,665.67,Vivienda
12838,2864,movimiento: fqctura luz edesur,156.66,Servicios
12839,2139,estudios clinicos,377.57,Salud
12840,39,cuota prestamo auto,178.52,Deudas
12841,2948,matricula del colegio,580.24,Educacion
12842,2669,taller de ingles,584.0,Educacion
12843,2152,almacen san martin,248.27,Alimentacion
12844,2791,pago saldo refinanciado,342.43,Deudas
12845,2091,factura gas metrogas,33.1,Servicios
12846,209,supermercado coto,219.64,Alimentacion
12847,600,expensas del edificio,615.14,Vivienda
12848,605,compra servicio de plomeria,524.08,Vivienda
12849,1710,transferencia ahorro mensual,498.79,Ocio
12850,2524,tarjeta viaje uber,40.98,Transporte
12851,2157,reparacion de cerradura,1025.24,Vivienda
12852,214,compra farmacia,412.14,Salud
12853,1628,compra libros de texto,272.46,Educacion
12854,1717,movimiento: factura gas metrogas,166.38,Servicios
12855,2457,cuota jardin de infantes,748.25,Educacion
12856,1577,cuota universidad,549.39,Educacion
12857,2819,servicio de plomeria,1075.98,Vivienda
12858,2681,tarjeta transferencia ahorro mensual,874.38,Deudas
12859,2125,movimiento: cerveceria artesanal,85.67,Ocio
12860,2143,suscripcion netflix,117.64,Ocio
12861,269,fac suscripcion netflix,106.97,Ocio
12862,2409,entradas recital,40.57,Ocio
12863,2578,verduleria de la esquina,54.26,Alimentacion
12864,683,salida al cine,112.66,Ocio
12865,162,expensas comunes,987.57,Vivienda
12866,465,combustible ypf,24.88,Transporte
12867,823,cerveceria artesanal,85.68,Ocio
12868,2005,compra supermercado dia,204.92,Alimentacion
12869,2596,compra supermercado dia,209.34,Alimentacion
12870,2100,curso de programacion,301.66,Educacion
12871,488,compra cafeteria,87.5,Ocio
12872,2140,viaje uber,43.11,Transporte
12873,651,compra pago saldo refinanciado,814.1,Deudas
12874,2405,reparacion electrica,611.11,Vivienda
12875,1756,reparacion electrica,967.96,Vivienda
12876,1635,taller de ingles,407.54,Educacion
12877,1772,expensas del edificio,812.12,Vivienda
12878,719,fac curso de programacion,716.33,Educacion
12879,1168,medicamentos recetados,240.54,Deudas
12880,199,pago de intereses,673.24,Deudas
12881,2863,tarjeta juegos de consola,144.78,Ocio
12882,1347,cuota prestamo banco,333.14,Deudas
12883,1823,utiles escolares,489.1,Educacion
12884,1356,factura gas metrogas,135.12,Servicios
12885,2265,factura luz edesur,74.09,Servicios
12886,1725,pago de cerveceria artesanal,84.32,Transporte
12887,2604,reparacion electrica,1105.47,Vivienda
12888,803,juegos de consola,44.16,Ocio
12889,701,plazo fijo,770.2,Ahorros
12890,503,pintura habitacion,404.4,Vivienda
12891,469,compra cafeteria,109.51,Ocio
12892,2010,salida al cine,111.61,Ocio
12893,1975,cuota prepaga osde,161.83,Salud
12894,1730,servicio de plomeria,1185.1,Vivienda
12895,2414,optica lentes,80.29,Salud
12896,1937,consulta medica de control,277.54,Salud
12897,624,expensas comunes,330.23,Ocio
12898,2968,servicio de plomeriq,384.57,Vivienda
12899,2609,juegos de consola,87.58,Ocio
12900,2871,expensas comunes,949.66,Vivienda
12901,967,entradas recital,70.82,Ocio
12902,663,peaje autopista,14.83,Transporte
12903,751,reparacion electrica,959.04,Vivienda
12904,1873,combustible ypf,15.73,Deudas
12905,1419,cuota prestamo auto,399.44,Deudas
12906,1099,inversion en acciones,916.08,Ahorros
12907,383,servicio de agua aysa,179.67,Servicios
12908,1394,sqlida al cine,20.31,Ocio
12909,2357,pago tarjeta de credito,578.88,Transporte
12910,1653,pinturq habitacion,932.44,Vivienda
12911,176,colectivo linea 60,12.9,Transporte
12912,228,pago alquiler mensual,374.74,Educacion
12913,2395,cuota jardin de infantes,317.8,Educacion
12914,2039,inversion en acciones,274.18,Transporte
12915,1366,curso de programacion,365.94,Educacion
12916,1986,fondo comun de inversion,271.48,Ahorros
12917,1263,transferencia ahorro mensual,448.75,Ahorros
12918,1636,tarjeta pago de intereses,905.26,Deudas
12919,1021,movimiento: utiles escolares,607.34,Educacion
12920,1712,viaje uber,77.81,Transporte
12921,350,taller de ingles,566.26,Educacion
12922,2503,supermercqdo carrefour,334.69,Alimentacion
12923,441,pago tarjeta de credito,549.95,Deudas
12924,2809,colectivo linea 60,26.08,Transporte
12925,1612,abono internet fibertel,101.65,Servicios
12926,2563,fac peaje autopista,79.63,Transporte
12927,1385,taller de ingles,740.52,Educacion
12928,288,impuestos municipales,182.73,Servicios
12929,2056,juegos de consolq,34.85,Ocio
12930,2135,movimiento: cuota universidad,573.84,Educacion
12931,998,entradas recital,121.08,Ocio
12932,2334,peaje autopista,60.4,Transporte
12933,1423,verduleria de la esquina,260.99,Alimentacion
12934,74,compra panaderia,85.6,Alimentacion
12935,1463,pago tarjeta de credito,937.95,Deudas
12936,2854,estudios clinicos,185.54,Transporte
12937,2206,cuota prepaga osde,232.69,Salud
12938,430,compra dolares banco,863.84,Ahorros
12939,1472,compra cafeteria,57.01,Ocio
12940,846,reparacion de cerradura,338.16,Vivienda
12941,1731,fac servicio de plomeria,406.97,Vivienda
12942,36,factura gas metrogas,52.11,Servicios
12943,1114,compra cafeteria,106.72,Ocio
12944,1021,combustible shell,79.6,Transporte
12945,1439,compra dolares banco,983.66,Ahorros
12946,1998,viaje cabify,41.15,Transporte
12947,1320,pago tarjeta de credito,612.19,Deudas
12948,2761,servicio de plomeria,669.92,Vivienda
12949,2536,movimiento: carniceria central,108.39,Salud
12950,619,almacen san martin,126.66,Alimentacion
12951,170,comprq dolares banco,375.67,Ahorros
12952,146,compra ferreteria,664.6,Educacion
12953,868,almacen san martin,373.57,Alimentacion
12954,420,opticq lentes,267.01,Salud
12955,1996,cuotq prepaga osde,146.31,Salud
12956,1714,fac factura luz edesur,34.96,Servicios
12957,573,cenq restaurante,145.39,Ocio
12958,1960,cuota prestamo banco,601.21,Deudas
12959,1027,servicio de agua aysa,69.88,Servicios
12960,1287,supermercado coto,262.06,Alimentacion
12961,2847,consulta medica de control,177.56,Salud
12962,321,plazo fijo,996.28,Ahorros
12963,1600,reparacion electrica,569.69,Vivienda
12964,2294,consulta medica de control,367.75,Salud
12965,1613,cuota universidad,512.78,Educacion
12966,477,tarjeta pago de intereses,549.95,Deudas
12967,1827,verduleria de la esquina,225.85,Alimentacion
12968,783,viaje cabify,75.4,Transporte
12969,533,fqctura luz edesur,124.42,Ocio
12970,1363,supermercado coto,236.41,Alimentacion
12971,1948,compra libros de texto,469.69,Educacion
12972,2285,cuota prestamo auto,520.21,Deudas
12973,1165,cerveceria artesanal,43.16,Ocio
12974,1971,estudios clinicos,62.66,Salud
12975,2727,tqrjeta impuestos municipales,45.14,Educacion
12976,579,opticq lentes,482.18,Salud
12977,1374,curso de programacion,192.29,Educacion
12978,1594,qbono telefonia movil,134.49,Servicios
12979,1748,viaje uber,47.68,Transporte
12980,2178,compra reparacion electrica,594.91,Vivienda
12981,2034,viaje uber,38.74,Transporte
12982,2059,abono telefonia movil,197.62,Servicios
12983,257,compra farmacia,442.66,Salud
12984,2864,inversion en acciones,905.71,Ahorros
12985,2417,juegos de consolq,46.09,Ocio
12986,2992,almacen san martin,56.56,Alimentacion
12987,1418,cuota prestamo auto,385.23,Deudas
12988,1443,movimiento: impuestos municipales,79.74,Servicios
12989,882,verduleria y fruteria,227.17,Deudas
12990,19,cuota prepaga osde,97.17,Salud
12991,110,fac medicamentos recetados,154.31,Salud
12992,1461,dentista limpieza,310.53,Salud
12993,2553,qbono telefonia movil,151.03,Servicios
12994,1058,movimiento: suscripcion netflix,48.74,Ocio
12995,1312,peaje autopista,27.84,Transporte
12996,1868,curso de programacion,174.88,Educacion
12997,1003,compra cafeteria,105.64,Ocio
12998,255,pago de viaje uber,20.66,Transporte
12999,638,carniceria central,265.35,Alimentacion
13000,2043,reparacion electrica,962.57,Vivienda
13001,2182,comprq ferreteria,264.11,Vivienda
13002,2547,reparacion electrica,584.99,Vivienda
13003,397,verduleria y fruteria,179.43,Alimentacion
13004,1622,dentista limpieza,230.84,Salud
13005,2695,compra abono internet fibertel,132.88,Servicios
13006,685,compra ferreteria,257.04,Vivienda
13007,1857,viaje cabify,73.43,Transporte
13008,2067,cuota prestamo auto,473.52,Deudas
13009,1011,verduleria de la esquina,329.18,Servicios
13010,2167,compra dolares banco,1296.62,Ahorros
13011,302,utiles escolares,526.87,Educacion
13012,227,viaje cabify,75.06,Transporte
13013,1531,comprq ferreteria,644.31,Vivienda
13014,1236,medicamentos recetados,278.77,Educacion
13015,356,abono internet fibertel,61.99,Servicios
13016,701,pqgo de suscripcion netflix,108.38,Ocio
13017,2535,transferencia ahorro mensual,882.5,Ahorros
13018,2271,reparacion de cerradura,1113.87,Vivienda
13019,1784,optica lentes,238.19,Salud
13020,1587,factura luz edesur,38.4,Servicios
13021,1215,tarjeta entradas recital,60.37,Ocio
13022,2548,cuota universidad,756.37,Educacion
13023,1046,movimiento: abono telefonia movil,115.19,Servicios
13024,1646,movimiento: utiles escolares,537.24,Educacion
13025,1351,inversion en qcciones,1441.54,Ahorros
13026,365,expensqs comunes,421.66,Vivienda
13027,1068,supermercado coto,207.37,Alimentacion
13028,519,utiles escolares,194.64,Educacion
13029,1627,supermercado coto,165.1,Alimentacion
13030,2577,verduleria de la esquina,63.78,Alimentacion
13031,1345,carniceria central,390.19,Alimentacion
13032,2234,compra supermercado dia,184.03,Alimentacion
13033,1646,cuota prestamo banco,585.33,Deudas
13034,2846,tarjeta peaje autopista,51.32,Transporte
13035,982,fac fondo comun de inversion,544.45,Ahorros
13036,2396,impuestos municipales,73.46,Servicios
13037,2037,medicamentos recetados,474.18,Salud
13038,922,movimiento: transferencia ahorro mensual,848.03,Ahorros
13039,2969,reparacion de cerradura,1044.06,Vivienda
13040,957,qbono internet fibertel,123.11,Servicios
13041,361,fac cuota prepaga osde,415.8,Salud
13042,1311,compra libros de texto,321.38,Educacion
13043,182,pinturq habitacion,1166.36,Vivienda
13044,1475,salida al cine,23.0,Ocio
13045,2145,inversion en qcciones,1281.69,Ahorros
13046,563,taller de ingles,115.07,Vivienda
13047,314,supermercado carrefour,155.59,Alimentacion
13048,2069,compra libros de texto,592.53,Educacion
13049,2853,utiles escolares,185.8,Educacion
13050,2624,fondo comun de inversion,1161.08,Ahorros
13051,403,movimiento: cuota prestamo banco,990.75,Deudas
13052,1148,taller de ingles,142.3,Educacion
13053,613,tqller de ingles,596.12,Educacion
13054,1877,peaje autopista,63.34,Transporte
13055,1614,plazo fijo,1015.84,Ahorros
13056,693,pago alquiler mensual,830.09,Vivienda
13057,1735,fqc abono telefonia movil,89.87,Servicios
13058,2920,tarjeta compra cafeteria,82.4,Ocio
13059,1726,cuota universidad,448.86,Ocio
13060,840,utiles escolqres,771.69,Educacion
13061,2151,factura gas metrogas,121.3,Servicios
13062,2381,colectivo linea 60,33.85,Transporte
13063,1811,plazo fijo,668.52,Ahorros
13064,753,taxis de la ciudad,45.27,Transporte
13065,2182,fondo comun de inversion,339.56,Ahorros
13066,2473,expensas del edificio,984.86,Vivienda
13067,1459,pago de juegos de consola,120.7,Ocio
13068,937,supermercado coto,312.11,Alimentacion
13069,1342,cuota jardin de infantes,139.52,Educacion
13070,1694,entradas recital,137.36,Educacion
13071,505,fondo comun de inversion,298.49,Ocio
13072,2919,compra dolares banco,986.87,Ahorros
13073,2238,plazo fijo,817.45,Ahorros
13074,2660,optica lentes,346.72,Salud
13075,1970,pintura habitacion,272.6,Vivienda
13076,52,cuota prestamo auto,412.27,Deudas
13077,1470,movimiento: pago tarjeta de credito,885.04,Deudas
13078,2660,colectivo linea 60,74.0,Transporte
13079,1406,pago de intereses,440.65,Deudas
13080,2422,abono telefonia movil,57.45,Servicios
13081,2000,plazo fijo,155.71,Ahorros
13082,2423,taller de ingles,523.86,Educacion
13083,389,peaje autopista,52.3,Transporte
13084,1673,cuota jardin de infantes,638.53,Educacion
13085,674,combustible ypf,31.93,Transporte
13086,1890,utiles escolares,499.41,Educacion
13087,2852,fac fondo comun de inversion,1224.91,Transporte
13088,1503,factura luz edesur,35.39,Alimentacion
13089,2452,factura luz edesur,94.05,Servicios
13090,593,fac almacen san martin,352.15,Servicios
13091,2780,plazo fijo,848.62,Ahorros
13092,2553,suscripcion spotify,113.34,Ocio
13093,83,abono telefonia movil,154.67,Servicios
13094,2367,viaje uber,40.89,Transporte
13095,414,supermercado coto,389.71,Alimentacion
13096,2501,pintura habitacion,526.12,Transporte
13097,2794,compra dolares banco,1435.06,Ahorros
13098,198,transferencia ahorro mensual,1249.69,Ahorros
13099,2307,optica lentes,402.43,Salud
13100,1713,verduleria y fruteria,54.68,Alimentacion
13101,2346,viaje cabify,15.01,Transporte
13102,1304,compra dolares banco,1173.03,Ahorros
13103,300,trqnsferencia ahorro mensual,215.7,Ahorros
13104,129,almacen san martin,120.09,Alimentacion
13105,2546,plazo fijo,803.54,Ahorros
13106,1907,compras fiambreria,164.67,Alimentacion
13107,2486,servicio de plomeria,676.65,Vivienda
13108,1716,curso de programacion,258.38,Educacion
13109,207,pago tarjeta de credito,388.74,Deudas
13110,2025,taller de ingles,111.14,Educacion
13111,294,taller de ingles,522.14,Educacion
13112,1964,expensas del edificio,1198.76,Vivienda
13113,1874,fondo comun de inversion,677.91,Salud
13114,2007,pago tarjeta de credito,684.39,Deudas
13115,2077,inversion en acciones,1498.28,Ahorros
13116,2227,servicio de agua aysa,145.68,Servicios
13117,2089,abono telefonia movil,154.29,Servicios
13118,1216,cuota universidad,368.22,Educacion
13119,2392,compras fiambreria,240.23,Alimentacion
13120,1773,suscripcion spotify,121.75,Ocio
13121,2864,suscripcion spotify,48.16,Ocio
13122,2785,fqc pago alquiler mensual,288.28,Vivienda
13123,626,peaje autopista,44.9,Transporte
13124,278,carniceria central,264.92,Alimentacion
13125,529,opticq lentes,162.9,Salud
13126,2134,transferencia ahorro mensual,679.95,Ahorros
13127,1925,supermercado carrefour,390.62,Alimentacion
13128,2365,matricula del colegio,614.55,Educacion
13129,1881,salida al cine,148.47,Salud
13130,1926,transferencia ahorro mensual,1294.98,Ahorros
13131,693,verduleria y fruteria,114.45,Alimentacion
13132,1361,utiles escolares,529.1,Educacion
13133,863,compra supermercado dia,167.16,Alimentacion
13134,2363,combustible shell,55.12,Transporte
13135,225,carga sube,75.14,Transporte
13136,1918,tarjeta matricula del colegio,694.56,Ahorros
13137,1968,pago alquiler mensual,458.51,Vivienda
13138,1957,suscripcion spotify,121.48,Ocio
13139,1840,compra libros de texto,397.67,Vivienda
13140,68,viaje cabify,41.27,Ocio
13141,1643,fondo comun de inversion,749.47,Ahorros
13142,1021,cuota prestamo banco,775.38,Deudas
13143,1101,plazo fijo,1397.41,Ahorros
13144,1563,entradas recital,137.2,Ocio
13145,2904,cuota universidad,356.65,Ocio
13146,1525,cuota jardin de infantes,706.36,Educacion
13147,1471,combustible ypf,62.53,Transporte
13148,1716,reparacion electrica,744.17,Vivienda
13149,1583,carga sube,58.06,Ocio
13150,1383,peqje autopista,33.55,Transporte
13151,1301,pago tarjeta de credito,520.78,Deudas
13152,2931,expensas comunes,599.26,Vivienda
13153,1337,tarjeta reparacion electrica,571.31,Vivienda
13154,1243,fac servicio de agua aysa,110.46,Servicios
13155,1706,pago alquiler mensual,720.06,Vivienda
13156,1902,inversion en acciones,1075.1,Ahorros
13157,1968,fondo comun de inversion,900.23,Ahorros
13158,2248,analisis de sangre,436.17,Salud
13159,2380,suscripcion spotify,41.18,Ocio
13160,2595,abono telefonia movil,171.02,Servicios
13161,1680,dentista limpieza,115.91,Transporte
13162,1316,comprq ferreteria,386.99,Vivienda
13163,2114,verduleria de la esquina,251.45,Alimentacion
13164,731,comprq dolares banco,987.25,Ahorros
13165,568,servicio de agua aysa,56.74,Servicios
13166,2705,factura gas metrogas,60.14,Deudas
13167,2452,transferencia ahorro mensual,1057.25,Ahorros
13168,1749,suscripcion spotify,63.52,Ocio
13169,1630,movimiento: pago tarjeta de credito,912.52,Deudas
13170,2666,taller de ingles,738.51,Educacion
13171,596,pago de intereses,816.41,Deudas
13172,648,carniceria central,63.78,Alimentacion
13173,2194,optica lentes,463.26,Salud
13174,2809,reparacion de cerradura,998.57,Servicios
13175,1554,compra dolares banco,1223.27,Ahorros
13176,125,pago saldo refinanciado,672.66,Deudas
13177,1538,cuotq prestamo banco,281.81,Deudas
13178,1356,comprq colectivo linea 60,48.11,Transporte
13179,480,abono internet fibertel,61.8,Servicios
13180,1002,analisis de sangre,457.08,Salud
13181,712,juegos de consola,49.36,Ocio
13182,1971,pago alquiler mensual,905.57,Ahorros
13183,2763,cerveceria artesanal,44.25,Ocio
13184,1422,expensas del edificio,995.94,Vivienda
13185,1818,estudios clinicos,367.4,Salud
13186,815,peaje autopista,27.38,Transporte
13187,56,compra ferreteria,552.15,Vivienda
13188,1655,carga sube,34.6,Transporte
13189,132,factura luz edesur,122.18,Ahorros
13190,231,compras fiambreria,97.73,Alimentacion
13191,395,supermercqdo coto,73.9,Alimentacion
13192,982,cuota universidad,158.29,Educacion
13193,933,tarjeta factura luz edesur,68.2,Servicios
13194,1530,verduleria de la esquina,366.18,Alimentacion
13195,1410,expensas comunes,216.48,Salud
13196,2956,pago de cuota universidad,145.27,Alimentacion
13197,533,fqc carga sube,43.12,Transporte
13198,965,abono telefonia movil,56.87,Servicios
13199,2496,pago alquiler mensual,666.14,Vivienda
13200,2174,cuotq prestamo banco,668.97,Deudas
13201,555,verduleria de la esquina,231.53,Alimentacion
13202,2742,compras fiambreria,83.41,Alimentacion
13203,2537,verduleria y fruteria,136.76,Alimentacion
13204,2660,servicio de plomeriq,306.2,Vivienda
13205,2939,comprqs fiambreria,71.7,Alimentacion
13206,2494,cuota jardin de infantes,231.19,Educacion
13207,1494,entradas recital,76.1,Ocio
13208,2556,servicio de agua aysa,151.42,Servicios
13209,2505,cuota prestamo auto,414.14,Deudas
13210,385,pago saldo refinanciado,198.6,Salud
13211,712,viaje uber,52.06,Transporte
13212,2977,expensas del edificio,1114.83,Vivienda
13213,1472,impuestos municipales,79.92,Servicios
13214,2500,pago de fondo comun de inversion,1439.81,Ahorros
13215,654,plazo fijo,387.67,Ahorros
13216,1143,dentista limpieza,449.47,Salud
13217,1117,factura gas metrogas,95.64,Servicios
13218,2569,pintura habitacion,489.54,Vivienda
13219,1609,compra dolares banco,914.27,Ahorros
13220,538,movimiento: fqctura gas metrogas,155.53,Servicios
13221,1457,suscripcion spotify,56.09,Ocio
13222,1898,transferencia ahorro mensual,246.79,Ahorros
13223,2193,abono telefonia movil,159.86,Servicios
13224,1092,pago tarjeta de credito,955.66,Deudas
13225,700,cuota jardin de infantes,160.18,Educacion
13226,1902,pago alquiler mensual,249.4,Vivienda
13227,2179,fqc verduleria y fruteria,371.28,Alimentacion
13228,733,cuotq prestamo banco,661.72,Deudas
13229,1305,cerveceria artesanal,78.81,Ocio
13230,1813,pago de pintura habitacion,818.82,Vivienda
13231,1676,medicamentos recetados,448.1,Salud
13232,513,compra curso de programacion,591.28,Educacion
13233,2688,pintura habitacion,1127.92,Vivienda
13234,1,factura gas metrogas,65.89,Servicios
13235,1966,entradas recital,112.55,Ocio
13236,432,optica lentes,67.67,Salud
13237,2439,supermercado carrefour,57.15,Alimentacion
13238,1290,abono telefonia movil,77.35,Servicios
13239,399,utiles escolares,373.84,Educacion
13240,808,compra supermercado dia,165.9,Alimentacion
13241,1280,compra supermercado dia,151.02,Deudas
13242,2443,entrqdas recital,21.72,Ocio
13243,952,reparacion de cerradura,686.96,Vivienda
13244,2222,cuota prestamo auto,830.96,Deudas
13245,1069,carga sube,68.45,Transporte
13246,855,pqgo de expensas comunes,638.41,Vivienda
13247,2587,cuotq prestamo auto,208.54,Deudas
13248,745,pago tarjeta de credito,743.82,Deudas
13249,2769,tqller de ingles,758.97,Educacion
13250,2098,movimiento: optica lentes,420.87,Salud
13251,243,reparacion de cerradura,971.07,Vivienda
13252,1164,consulta medica de control,451.52,Salud
13253,2645,movimiento: viqje cabify,78.29,Transporte
13254,1620,reparacion de cerradura,630.53,Servicios
13255,276,plqzo fijo,900.63,Ahorros
13256,8,cerveceria artesanal,115.33,Deudas
13257,715,servicio de plomeria,339.58,Vivienda
13258,1959,carniceria central,312.06,Alimentacion
13259,2081,factura luz edesur,115.84,Educacion
13260,810,compra combustible ypf,34.72,Transporte
13261,1473,suscripcion spotify,86.17,Ocio
13262,928,verduleria de la esquina,219.71,Vivienda
13263,862,comprq servicio de agua aysa,104.09,Servicios
13264,37,fac pintura habitacion,481.53,Vivienda
13265,2082,estudios clinicos,213.28,Ahorros
13266,455,factura gas metrogas,180.66,Servicios
13267,444,fac consulta medica de control,446.77,Salud
13268,212,cuota prestamo auto,883.82,Deudas
13269,2750,pago alquiler mensual,1096.15,Vivienda
13270,2656,estudios clinicos,188.04,Salud
13271,1730,servicio de agua aysa,186.28,Servicios
13272,982,fqctura luz edesur,71.99,Servicios
13273,2409,compra dolares banco,1400.87,Ahorros
13274,2352,factura gas metrogas,133.05,Servicios
13275,296,entradas recital,63.46,Ocio
13276,152,tarjeta cuota prepaga osde,122.46,Salud
13277,1970,expensas comunes,720.6,Vivienda
13278,1220,pago tarjeta de credito,488.7,Deudas
13279,600,movimiento: cerveceria artesanal,117.34,Ocio
13280,1323,compra dolares banco,950.05,Transporte
13281,1553,movimiento: pago saldo refinanciado,894.27,Deudas
13282,1512,tqrjeta cuota prestamo auto,198.26,Deudas
13283,2259,factura gas metrogas,78.75,Servicios
13284,232,compras fiambreria,384.31,Salud
13285,2918,cuotq universidad,333.43,Educacion
13286,2743,compra abono internet fibertel,123.06,Transporte
13287,367,compra dolares banco,290.72,Ahorros
13288,481,pago de compra ferreteria,738.5,Vivienda
13289,572,cuota prestamo auto,420.5,Deudas
13290,1203,compras fiambreria,335.9,Alimentacion
13291,1508,reparacion electrica,937.9,Vivienda
13292,1613,compra pintura habitacion,790.58,Vivienda
13293,1571,combustible shell,76.14,Transporte
13294,930,medicamentos recetados,419.6,Salud
13295,1040,medicamentos recetados,120.85,Salud
13296,2514,fac compra dolares banco,1382.44,Ahorros
13297,1426,factura gas metrogas,191.86,Servicios
13298,2342,carga sube,45.94,Transporte
13299,171,compra dolares banco,903.51,Ahorros
13300,1056,pago de intereses,228.65,Deudas
13301,2311,suscripcion netflix,40.66,Ocio
13302,1239,compra cena restaurante,62.54,Ocio
13303,2007,tqxis de la ciudad,78.2,Transporte
13304,2606,consulta medica de control,487.22,Salud
13305,189,suscripcion netflix,73.67,Ocio
13306,786,fac optica lentes,156.16,Salud
13307,583,factura gas metrogas,178.22,Servicios
13308,1832,cuota universidad,148.93,Educacion
13309,600,reparacion electrica,449.11,Vivienda
13310,846,cuotq prestamo auto,290.7,Deudas
13311,2030,taxis de la ciudad,40.66,Transporte
13312,1206,estudios clinicos,214.02,Salud
13313,2390,compra ferreteria,935.48,Vivienda
13314,954,cerveceria artesanal,106.43,Ocio
13315,2070,tarjeta compra libros de texto,598.18,Educacion
13316,1098,fac cuota jardin de infantes,237.42,Educacion
13317,1626,impuestos municipqles,138.43,Servicios
13318,1871,pago de intereses,664.58,Transporte
13319,166,cena restaurante,111.61,Vivienda
13320,2025,medicamentos recetados,227.47,Salud
13321,234,compra expensas del edificio,402.58,Vivienda
13322,1399,verduleria de la esquina,268.15,Alimentacion
13323,1457,tarjeta cuota jardin de infantes,703.48,Educacion
13324,641,cuota prestamo banco,629.2,Ocio
13325,1358,fqc medicamentos recetados,269.64,Salud
13326,1828,compra ferreteria,486.9,Vivienda
13327,607,expensas del edificio,696.56,Vivienda
13328,540,cena restaurante,93.46,Ocio
13329,1468,transferencia ahorro mensual,342.65,Ahorros
13330,2366,optica lentes,305.26,Vivienda
13331,343,expensas comunes,638.19,Vivienda
13332,637,cerveceria artesanal,47.25,Ocio
13333,79,juegos de consola,109.86,Ocio
13334,2941,abono telefonia movil,116.82,Servicios
13335,2621,carniceria central,113.99,Alimentacion
13336,2497,fac inversion en acciones,250.17,Ahorros
13337,2330,viqje cabify,28.56,Transporte
13338,2723,pintura habitacion,260.66,Vivienda
13339,2105,analisis de sangre,464.84,Salud
13340,191,pqgo de estudios clinicos,239.09,Salud
13341,644,taller de ingles,315.36,Servicios
13342,1487,fac abono internet fibertel,108.04,Deudas
13343,2090,abono internet fibertel,93.0,Servicios
13344,1510,servicio de agua aysa,108.47,Servicios
13345,2727,consulta medica de control,111.98,Vivienda
13346,2550,inversion en acciones,323.45,Alimentacion
13347,1217,entradas recital,101.52,Ocio
13348,790,tarjeta pago de intereses,767.5,Deudas
13349,2798,compra panaderia,210.66,Alimentacion
13350,742,expensas del edificio,1138.21,Vivienda
13351,2213,fqctura gas metrogas,92.99,Servicios
13352,2803,plazo fijo,922.38,Educacion
13353,90,consulta medica de control,204.57,Salud
13354,1715,suscripcion netflix,74.48,Ocio
13355,987,pago saldo refinanciado,390.29,Deudas
13356,648,dentista limpieza,355.14,Salud
13357,2798,salida al cine,33.6,Ocio
13358,819,inversion en acciones,463.54,Ahorros
13359,243,compra plazo fijo,1428.4,Ahorros
13360,2711,sqlida al cine,110.94,Ocio
13361,2906,matricula del colegio,772.88,Educacion
13362,1900,almacen san martin,88.58,Alimentacion
13363,219,dentista limpieza,493.66,Salud
13364,9,dentista limpieza,228.16,Salud
13365,430,servicio de plomeria,1162.69,Vivienda
13366,13,cuota jardin de infantes,776.29,Educacion
13367,1799,pago de intereses,520.65,Deudas
13368,2955,compra dolares banco,337.51,Ahorros
13369,690,factura luz edesur,60.19,Servicios
13370,1783,cena restaurante,95.11,Ocio
13371,677,wstudios clinicos,146.17,Salud
13372,2232,fondo comun de inversion,781.58,Ahorros
13373,1005,almacen san martin,391.96,Alimentacion
13374,208,compra dolares banco,374.46,Salud
13375,2576,cuota prepaga osde,366.39,Salud
13376,1324,fac transferencia ahorro mensual,1327.72,Ahorros
13377,2866,verduleria y fruteria,228.32,Servicios
13378,1003,cuota prestamo banco,432.92,Deudas
13379,2503,tarjeta cena restaurante,97.46,Ocio
13380,1766,compra plazo fijo,820.79,Ahorros
13381,2950,comprq ferreteria,208.48,Vivienda
13382,1554,cuota jardin de infantes,622.12,Educacion
13383,1683,movimiento: cena restaurante,138.51,Ocio
13384,2292,plazo fijo,1046.79,Ahorros
13385,1986,suscripcion netflix,123.66,Ocio
13386,771,transferencia ahorro mensual,792.11,Ahorros
13387,238,colectivo linea 60,39.17,Transporte
13388,2393,tarjeta reparacion de cerradura,751.7,Vivienda
13389,2358,consulta medica de control,259.26,Salud
13390,1585,expensas del edificio,624.97,Vivienda
13391,1308,supermercado carrefour,205.95,Alimentacion
13392,2086,cqrga sube,40.1,Transporte
13393,1820,comprq ferreteria,381.25,Vivienda
13394,32,pago alquiler mensual,719.08,Vivienda
13395,292,compra libros de texto,313.02,Educacion
13396,292,compra dolares banco,999.4,Ahorros
13397,1643,qlmacen san martin,255.46,Alimentacion
13398,2806,cuota prestamo banco,647.65,Deudas
13399,1406,movimiento: optica lentes,235.61,Salud
13400,578,fondo comun de inversion,364.63,Ahorros
13401,1162,cuota prestamo auto,228.81,Deudas
13402,1224,fac cuota prestamo auto,560.16,Deudas
13403,2653,inversion en acciones,524.31,Ahorros
13404,447,tarjeta reparacion de cerradura,1004.21,Vivienda
13405,278,matricula del colegio,728.87,Educacion
13406,2580,servicio de agua aysa,128.58,Servicios
13407,1825,viaje cabify,64.42,Transporte
13408,1423,impuestos municipales,82.1,Servicios
13409,984,optica lentes,221.37,Salud
13410,2650,compra cafeteria,92.0,Ocio
13411,2610,juegos de consola,116.17,Ocio
13412,2639,compra cafeteria,62.55,Ocio
13413,1573,viaje cabify,47.3,Transporte
13414,59,inversion en qcciones,1490.45,Ahorros
13415,459,fac pago de intereses,430.34,Deudas
13416,104,abono telefonia movil,93.26,Servicios
13417,831,fondo comun de inversion,936.6,Ahorros
13418,789,expensas comunes,215.24,Ahorros
13419,2152,combustible shell,55.16,Transporte
13420,742,reparacion electrica,205.02,Vivienda
13421,1573,analisis de sangre,465.83,Salud
13422,2349,combustible shell,42.43,Transporte
13423,2702,movimiento: colectivo linea 60,16.49,Transporte
13424,555,cuota prestamo auto,263.73,Deudas
13425,628,utiles escolares,399.59,Educacion
13426,1108,tarjeta cerveceria artesanal,146.64,Ahorros
13427,2977,tarjeta pago tarjeta de credito,658.41,Deudas
13428,2408,qbono telefonia movil,164.11,Servicios
13429,2135,factura gas metrogas,165.11,Servicios
13430,428,compra servicio de agua aysa,129.7,Alimentacion
13431,2415,compra impuestos municipales,116.59,Servicios
13432,2391,cuota prestamo auto,774.55,Deudas
13433,2395,supermercado coto,96.14,Alimentacion
13434,1827,estudios clinicos,336.71,Salud
13435,1945,carniceria central,145.39,Alimentacion
13436,2144,pago tarjeta de credito,325.39,Deudas
13437,1878,combustible ypf,29.65,Transporte
13438,1160,tarjeta factura luz edesur,122.9,Servicios
13439,1272,fac cena restaurante,22.02,Vivienda
13440,884,tarjeta almacen san martin,155.09,Alimentacion
13441,486,cerveceria artesanal,86.2,Ocio
13442,1426,fqc transferencia ahorro mensual,1273.49,Ahorros
13443,604,analisis de sangre,251.18,Salud
13444,412,abono telefonia movil,122.61,Transporte
13445,1995,reparacion electrica,219.4,Vivienda
13446,1932,carniceria central,221.45,Alimentacion
13447,2496,abono telefonia movil,146.65,Servicios
13448,247,compras fiambreria,312.78,Alimentacion
13449,2818,expensas del edificio,822.41,Vivienda
13450,2747,compra dolares banco,885.15,Ahorros
13451,2469,utiles escolares,136.83,Educacion
13452,2172,factura gas metrogas,63.48,Servicios
13453,2989,movimiento: abono internet fibertel,185.86,Servicios
13454,2925,comprq farmacia,124.13,Servicios
13455,1623,pago de pago tarjeta de credito,739.44,Deudas
13456,2061,carniceria central,138.54,Alimentacion
13457,800,comprq ferreteria,618.73,Vivienda
13458,945,compra pago alquiler mensual,971.93,Vivienda
13459,2248,combustible shell,59.94,Transporte
13460,1266,entrqdas recital,148.37,Ocio
13461,1263,compra supermercado dia,376.26,Alimentacion
13462,2351,movimiento: estudios clinicos,297.98,Salud
13463,1189,trqnsferencia ahorro mensual,868.06,Ahorros
13464,2786,cerveceria artesanal,31.73,Ocio
13465,176,movimiento: combustible ypf,41.47,Transporte
13466,1053,transferencia ahorro mensual,941.66,Ahorros
13467,2725,combustible shell,42.75,Transporte
13468,2583,factura gas metrogas,112.35,Salud
13469,1318,compra supermercado dia,355.29,Alimentacion
13470,477,cuota jardin de infantes,513.84,Educacion
13471,2431,servicio de agua aysa,83.04,Vivienda
13472,2604,optica lentes,265.98,Salud
13473,1716,expensas del edificio,754.05,Vivienda
13474,1675,taller de ingles,317.47,Educacion
13475,334,cuota prepaga osde,72.73,Salud
13476,1272,fac cena restaurante,79.96,Ocio
13477,1265,estudios clinicos,425.68,Salud
13478,2946,cuota prestamo auto,573.96,Deudas
13479,931,qbono telefonia movil,67.45,Servicios
13480,685,compra panaderia,357.22,Alimentacion
13481,561,taxis de la ciudad,35.25,Transporte
13482,123,expensas del edificio,494.25,Vivienda
13483,1059,utiles escolares,495.11,Educacion
13484,2666,reparacion electrica,576.44,Vivienda
13485,840,expensas del edificio,500.53,Vivienda
13486,416,fondo comun dw inversion,152.82,Ahorros
13487,708,pago de reparacion electrica,940.57,Vivienda
13488,2685,compra ferreteria,273.64,Vivienda
13489,347,pintura habitacion,585.24,Vivienda
13490,2085,tarjeta peaje autopista,74.69,Transporte
13491,1724,cuota prestamo banco,221.16,Servicios
13492,2560,servicio de plomeria,291.59,Vivienda
13493,849,curso de programacion,585.56,Educacion
13494,535,cuota prestamo banco,215.99,Deudas
13495,2958,pintura habitacion,620.97,Vivienda
13496,2821,movimiento: taller de ingles,429.56,Educacion
13497,1730,fac utiles escolares,225.82,Educacion
13498,1902,salida al cine,133.3,Ocio
13499,664,factura luz edesur,63.14,Servicios
13500,1042,consultq medica de control,492.01,Salud
13501,27,compra farmacia,330.28,Salud
13502,2584,fac compra dolares banco,218.55,Ahorros
13503,1053,compra supermercado dia,159.23,Alimentacion
13504,1675,pago de intereses,500.01,Deudas
13505,2706,medicamentos recetados,476.76,Salud
13506,1659,cuota jardin de infantes,642.81,Educacion
13507,640,medicamentos recetados,240.54,Salud
13508,1742,compra verduleria y fruteria,176.74,Alimentacion
13509,42,cuota universidad,615.35,Educacion
13510,1715,pago tarjeta de credito,475.38,Deudas
13511,2261,compra libros de texto,680.95,Educacion
13512,1987,pago alquiler mensual,1171.34,Vivienda
13513,2884,tarjeta inversion en acciones,362.7,Ahorros
13514,702,compra verduleria y fruteria,146.17,Alimentacion
13515,1455,utiles escolqres,109.03,Educacion
13516,2128,almacen san martin,133.15,Alimentacion
13517,1252,cena restaurante,86.14,Ocio
13518,2950,plazo fijo,1279.02,Ahorros
13519,2472,combustible shell,65.83,Transporte
13520,1997,expensas comunes,566.11,Vivienda
13521,919,pqgo de intereses,706.57,Deudas
13522,2564,pago de medicamentos recetados,356.41,Salud
13523,165,abono telefonia movil,105.82,Servicios
13524,1450,factura luz edesur,169.7,Servicios
13525,2941,taxis de la ciudad,17.21,Transporte
13526,1066,servicio de plomeria,1034.9,Ocio
13527,1821,verduleria de la esquina,200.37,Alimentacion
13528,2789,cuota prestamo banco,213.75,Deudas
13529,2803,plqzo fijo,618.4,Ahorros
13530,2464,almacen san martin,338.01,Alimentacion
13531,336,impuestos municipales,193.04,Servicios
13532,1925,verduleria de la esquina,135.95,Alimentacion
13533,881,verduleria y fruteria,152.87,Alimentacion
13534,1454,fondo comun dw inversion,1149.53,Ahorros
13535,972,juegos de consola,138.23,Ocio
13536,2733,supermercado coto,148.55,Vivienda
13537,2789,factura luz edesur,189.66,Servicios
13538,30,pago de dentista limpieza,337.11,Salud
13539,1541,servicio de plomeria,789.84,Vivienda
13540,575,servicio de plomeria,989.02,Vivienda
13541,221,pqgo saldo refinanciado,759.36,Deudas
13542,827,qlmacen san martin,75.16,Alimentacion
13543,2014,fac pago tarjeta de credito,856.53,Deudas
13544,2642,fondo comun de inversion,605.91,Ahorros
13545,1518,abono telefonia movil,144.56,Servicios
13546,754,fac almacen san martin,199.68,Alimentacion
13547,1277,factura gas metrogas,73.0,Servicios
13548,1588,cerveceria artesanal,47.32,Ocio
13549,1021,compra libros de texto,372.97,Educacion
13550,1489,compra libros de texto,227.98,Educacion
13551,1962,verduleria y fruteria,276.83,Alimentacion
13552,1863,salida al cine,133.01,Ocio
13553,2540,compra ferreteria,621.41,Vivienda
13554,438,compras fiambreria,142.79,Alimentacion
13555,479,pago tarjeta de credito,770.18,Deudas
13556,783,compra cuota prestamo auto,349.13,Deudas
13557,2997,compra ferreteria,462.73,Vivienda
13558,1008,impuestos municipales,54.79,Servicios
13559,72,cuotq prepaga osde,149.26,Salud
13560,582,pago saldo refinanciado,587.31,Deudas
13561,220,pago de factura gas metrogas,173.42,Servicios
13562,1028,utiles escolares,566.55,Educacion
13563,290,compra libros de texto,616.3,Educacion
13564,380,compra dolares banco,398.3,Servicios
13565,2852,entradas recital,64.92,Ocio
13566,1379,cerveceria artesanal,98.33,Ocio
13567,2791,tqxis de la ciudad,11.1,Transporte
13568,1959,movimiento: matricula del colegio,640.37,Educacion
13569,2128,compra ferreteria,1059.6,Vivienda
13570,66,compra farmacia,293.28,Salud
13571,2184,trqnsferencia ahorro mensual,232.5,Ahorros
13572,399,impuestos municipales,137.17,Servicios
13573,347,pago de reparacion de cerradura,820.24,Vivienda
13574,1985,plazo fijo,176.87,Ocio
13575,2107,fondo comun de inversion,875.23,Ahorros
13576,778,factura luz edesur,97.67,Servicios
13577,2567,tqrjeta cuota jardin de infantes,518.06,Educacion
13578,1904,fac plazo fijo,350.02,Ahorros
13579,2762,abono internet fibertel,47.03,Servicios
13580,79,transferencia ahorro mensual,911.19,Ahorros
13581,1582,analisis de sangre,204.54,Salud
13582,1779,transferencia ahorro mensual,416.54,Ahorros
13583,2163,verduleria de la esquina,161.58,Alimentacion
13584,986,curso de programacion,553.6,Educacion
13585,1486,combustible ypf,41.14,Transporte
13586,1650,tarjeta carniceria central,221.01,Alimentacion
13587,2174,cuota prepaga osde,259.76,Salud
13588,1626,impuestos municipales,182.26,Servicios
13589,2621,cuota prepaga osde,136.2,Salud
13590,965,fondo comun de inversion,798.16,Ahorros
13591,2548,dentista limpieza,157.81,Salud
13592,829,salida al cine,102.41,Ocio
13593,2674,tarjeta combustible ypf,53.02,Transporte
13594,1198,cuota prestamo auto,611.9,Deudas
13595,2500,taller de ingles,540.58,Educacion
13596,1719,combustible ypf,37.77,Transporte
13597,2433,fac servicio de agua aysa,45.79,Deudas
13598,1229,medicamentos recetados,432.39,Salud
13599,2411,utiles escolares,653.99,Educacion
13600,1841,compra dolares banco,308.45,Ahorros
13601,498,compras fiambreria,203.04,Alimentacion
13602,537,viaje uber,25.08,Transporte
13603,2064,cuota universidad,110.69,Educacion
13604,1165,reparacion de cerradura,837.03,Ahorros
13605,1972,supermercado carrefour,306.75,Educacion
13606,2668,impuestos municipales,95.77,Servicios
13607,300,transferencia ahorro mensual,1488.2,Ahorros
13608,2387,compra supermercado dia,141.85,Alimentacion
13609,303,pago tarjeta de credito,470.48,Deudas
13610,592,fqc inversion en acciones,1018.53,Ahorros
13611,76,taxis de la ciudad,17.59,Transporte
13612,914,compra supermercado dia,157.46,Alimentacion
13613,780,tarjeta compra cafeteria,43.67,Ocio
13614,921,impuestos municipales,67.73,Servicios
13615,1524,viaje uber,15.96,Transporte
13616,1750,curso de programacion,317.13,Educacion
13617,2036,comprq libros de texto,570.16,Educacion
13618,2414,servicio de agua aysa,126.41,Ocio
13619,2701,comprqs fiambreria,377.99,Ahorros
13620,1006,cuotq prestamo banco,153.09,Deudas
13621,1702,curso de programacion,659.71,Educacion
13622,2444,compra farmacia,231.35,Salud
13623,804,plqzo fijo,634.53,Ahorros
13624,1052,consulta medica de control,174.77,Salud
13625,2893,factura gas metrogas,78.06,Vivienda
13626,872,abono telefonia movil,107.64,Servicios
13627,115,movimiento: pago tarjeta de credito,903.68,Servicios
13628,373,pago de intereses,454.26,Deudas
13629,850,pinturq habitacion,794.16,Vivienda
13630,2138,supermercado coto,234.75,Alimentacion
13631,757,compra ferreteria,988.55,Vivienda
13632,1322,cerveceria artesanal,45.01,Ocio
13633,31,cena restaurante,65.72,Alimentacion
13634,1853,suscripcion netflix,120.78,Ocio
13635,2406,factura gas metrogas,31.81,Servicios
13636,2518,supermercado coto,210.28,Alimentacion
13637,1806,compras fiambreria,359.44,Alimentacion
13638,2318,fqctura luz edesur,85.2,Servicios
13639,1437,expensas del edificio,503.14,Vivienda
13640,2257,salida al cine,127.31,Ocio
13641,690,suscripcion nwtflix,131.06,Vivienda
13642,1215,fac plazo fijo,1265.57,Ahorros
13643,457,viaje cabify,17.54,Transporte
13644,449,reparacion de cerradura,266.22,Vivienda
13645,68,servicio de plomeria,210.83,Deudas
13646,1863,tarjeta servicio de agua aysa,198.65,Servicios
13647,1803,tarjeta supermercado carrefour,134.59,Salud
13648,1806,cuota jardin de infantes,456.87,Transporte
13649,874,reparacion de cerradura,1159.37,Vivienda
13650,467,combustible ypf,11.66,Transporte
13651,128,compra libros de texto,153.8,Educacion
13652,1800,plazo fijo,1031.44,Ahorros
13653,733,pago saldo refinanciado,756.26,Deudas
13654,1268,compra dolares banco,445.79,Salud
13655,1929,abono telefonia movil,194.45,Servicios
13656,1043,abono internet fibertel,30.75,Servicios
13657,1420,carga sube,59.14,Transporte
13658,368,consulta medica de control,347.75,Educacion
13659,2106,movimiento: cuotq prestamo auto,898.94,Deudas
13660,2605,colectivo lineq 60,56.53,Transporte
13661,2096,factura luz edesur,186.77,Servicios
13662,2610,salida al cine,84.93,Ocio
13663,2641,expensas del edificio,969.45,Vivienda
13664,812,reparacion de cerradura,634.05,Vivienda
13665,59,analisis de sangre,155.96,Deudas
13666,161,cena restaurante,139.55,Ocio
13667,103,estudios clinicos,247.42,Salud
13668,846,compra dolares banco,181.58,Ahorros
13669,412,pintura habitacion,680.36,Vivienda
13670,786,compra ferreteria,825.52,Vivienda
13671,183,viaje uber,79.93,Transporte
13672,2465,compra viaje uber,45.54,Transporte
13673,2047,abono internet fibertel,98.44,Servicios
13674,2447,matricula del colegio,366.76,Educacion
13675,957,medicamentos recetados,311.84,Salud
13676,2827,suscripcion netflix,31.51,Ocio
13677,2703,entradas recital,121.78,Ocio
13678,437,compra panaderia,161.26,Alimentacion
13679,2366,dentista limpieza,258.42,Salud
13680,1840,matricula del colegio,447.35,Educacion
13681,606,factura gas metrogas,49.88,Servicios
13682,2959,compra ferreteria,1052.59,Vivienda
13683,1471,movimiento: pago de intereses,191.99,Deudas
13684,497,consulta medica de control,338.64,Salud
13685,1367,cerveceria artesanal,89.13,Ocio
13686,2475,cerveceria artesanal,24.29,Ocio
13687,2866,transferencia ahorro mensual,1172.89,Alimentacion
13688,1852,fac reparacion electrica,333.71,Vivienda
13689,1023,servicio de qgua aysa,128.25,Servicios
13690,2288,carniceria central,323.44,Alimentacion
13691,2845,supermercqdo coto,73.72,Alimentacion
13692,2251,combustible shell,75.34,Transporte
13693,1773,reparacion electrica,668.88,Vivienda
13694,1490,sqlida al cine,79.93,Ocio
13695,1320,pago alquiler mensual,528.82,Vivienda
13696,2335,juegos de consola,109.48,Ocio
13697,2121,peaje autopista,13.37,Transporte
13698,2774,inversion en acciones,166.73,Ahorros
13699,337,cuota prepaga osde,67.65,Salud
13700,203,servicio de qgua aysa,96.22,Servicios
13701,231,fac compra supermercado dia,200.63,Alimentacion
13702,2952,pago saldo refinanciado,722.56,Deudas
13703,2692,pintura habitacion,1146.77,Vivienda
13704,2963,matricula del colegio,419.23,Educacion
13705,2328,abono internet fibertel,76.44,Servicios
13706,809,optica lentes,491.82,Salud
13707,1329,compra dolares banco,444.36,Ahorros
13708,466,transferencia ahorro mensual,901.59,Ahorros
13709,2785,pago saldo refinanciado,989.33,Servicios
13710,1198,compra supermercado dia,171.91,Alimentacion
13711,804,pago de carga sube,73.38,Transporte
13712,266,colectivo linea 60,38.43,Transporte
13713,2295,compra compra farmacia,289.03,Salud
13714,2126,viaje cabify,70.33,Transporte
13715,1671,supermercado coto,111.39,Alimentacion
13716,2902,cuotq universidad,400.19,Educacion
13717,2301,juegos de consolq,137.46,Ocio
13718,2523,impuestos municipales,79.66,Servicios
13719,176,compra impuestos municipales,61.67,Servicios
13720,1445,tarjeta combustible shell,16.87,Transporte
13721,1596,tarjeta factura gas metrogas,128.35,Servicios
13722,254,viaje uber,49.25,Transporte
13723,1544,combustible ypf,19.94,Transporte
13724,903,entradas recital,106.31,Ocio
13725,2155,entradas recital,44.29,Ocio
13726,1195,cuota prestamo auto,478.31,Deudas
13727,2106,fac cuota universidad,193.95,Educacion
13728,1361,matricula del colegio,396.48,Educacion
13729,2990,carniceria central,305.15,Alimentacion
13730,84,comprq ferreteria,282.75,Vivienda
13731,1141,verduleria de la esquina,305.81,Alimentacion
13732,712,cuota jardin de infantes,163.07,Educacion
13733,1558,pago de intereses,211.67,Deudas
13734,1762,supermercado carrefour,269.03,Alimentacion
13735,1941,qnalisis de sangre,77.84,Salud
13736,1807,compras fiambreria,297.62,Alimentacion
13737,901,cerveceria artesanal,110.5,Ocio
13738,657,pago de almacen san martin,230.33,Alimentacion
13739,2504,cuota prepaga osde,55.83,Salud
13740,659,curso de programacion,274.41,Educacion
13741,2821,pago de taller de ingles,139.12,Educacion
13742,2839,viaje cabify,39.86,Transporte
13743,851,compra farmacia,370.02,Salud
13744,2574,plazo fijo,417.7,Ahorros
13745,2314,almacen san martin,104.24,Alimentacion
13746,141,supermercado carrefour,275.34,Educacion
13747,2943,movimiento: combustible ypf,56.75,Transporte
13748,2454,pqgo tarjeta de credito,425.69,Deudas
13749,2341,comprq cafeteria,46.17,Ocio
13750,1930,expensas comunes,767.87,Vivienda
13751,1055,abono internet fibertel,178.09,Servicios
13752,2403,juegos de consola,48.28,Ocio
13753,2253,fondo comun dw inversion,138.28,Ahorros
13754,1502,cerveceria artesanal,67.2,Ocio
13755,2339,colectivo linea 60,55.45,Transporte
13756,111,optica lentes,245.99,Salud
13757,1092,fondo comun de inversion,371.3,Educacion
13758,1719,factura gas metrogas,179.94,Servicios
13759,2421,entradas recital,35.87,Ocio
13760,196,tqller de ingles,184.81,Educacion
13761,126,fac analisis de sangre,444.23,Salud
13762,262,compra ferreteria,471.2,Vivienda
13763,2935,verduleria y fruteria,176.56,Alimentacion
13764,924,utiles escolares,132.14,Educacion
13765,1822,factura luz edesur,199.23,Servicios
13766,2203,fqc viaje uber,54.5,Transporte
13767,1605,cuota prestamo auto,927.04,Deudas
13768,108,tarjeta suscripcion spotify,98.17,Ocio
13769,2083,medicamentos recetados,311.42,Salud
13770,655,carga sube,60.99,Transporte
13771,2771,pago saldo refinanciado,252.44,Deudas
13772,2014,comprq ferreteria,809.37,Vivienda
13773,998,factura luz edesur,143.5,Servicios
13774,2464,abono internet fibertel,92.52,Servicios
13775,285,plazo fijo,462.9,Salud
13776,1471,pago tarjeta de credito,731.68,Deudas
13777,2566,cuota prestamo auto,515.27,Alimentacion
13778,27,abono telefonia movil,122.86,Servicios
13779,2275,comprq libros de texto,471.87,Educacion
13780,1592,trqnsferencia ahorro mensual,1386.77,Ahorros
13781,1392,factura gas metrogas,182.46,Servicios
13782,848,movimiento: estudios clinicos,364.1,Salud
13783,1129,juegos de consola,35.16,Ocio
13784,18,compra farmacia,498.78,Salud
13785,2091,entradas recital,30.07,Ocio
13786,2137,pago de pago saldo refinanciado,431.26,Deudas
13787,2634,compra dolares banco,643.36,Ahorros
13788,157,combustible shell,60.66,Transporte
13789,1290,entradas recital,142.73,Ocio
13790,2182,cuota prepaga osde,277.05,Salud
13791,2512,impuestos municipales,86.03,Servicios
13792,1625,servicio de plomeria,951.66,Vivienda
13793,1772,compra libros de texto,713.61,Educacion
13794,1156,juegos de consola,58.81,Ocio
13795,2789,tarjeta cuota prestamo banco,487.15,Deudas
13796,1058,viaje cabify,72.18,Transporte
13797,2131,compra servicio de plomeria,946.21,Vivienda
13798,2977,tqrjeta expensas comunes,696.45,Vivienda
13799,1156,compra suscripcion netflix,91.06,Ocio
13800,2914,expensas comunes,445.05,Vivienda
13801,204,curso de programacion,751.49,Educacion
13802,1823,cuota universidad,232.36,Educacion
13803,1360,pago de cuota prestamo banco,911.54,Deudas
13804,962,compra pintura habitacion,406.55,Vivienda
13805,2545,suscripcion netflix,99.0,Ocio
13806,442,movimiento: servicio de agua aysa,72.23,Servicios
13807,2876,cuota prestamo banco,426.4,Deudas
13808,1316,fondo comun de inversion,267.09,Ahorros
13809,1149,pago de intereses,668.61,Deudas
13810,1687,servicio de plomeria,340.18,Vivienda
13811,871,pago de compra ferreteria,636.94,Vivienda
13812,1199,matricula del colegio,551.64,Educacion
13813,1908,optica lentes,211.76,Salud
13814,1516,peaje autopista,25.4,Transporte
13815,2917,combustible shell,73.57,Alimentacion
13816,80,pago de compra dolares banco,1186.24,Deudas
13817,2860,pago saldo refinanciado,499.25,Deudas
13818,2963,entradas recital,92.86,Educacion
13819,1329,plazo fijo,280.22,Ahorros
13820,1368,utiles escolares,521.83,Educacion
13821,570,verduleria de la esquina,74.01,Alimentacion
13822,1115,pago tarjeta de credito,255.37,Deudas
13823,2910,tarjeta estudios clinicos,243.62,Salud
13824,2217,fondo comun de inversion,1183.65,Ahorros
13825,2284,verduleria de la esquina,160.1,Vivienda
13826,399,cuota prepaga osde,133.89,Salud
13827,2636,tarjeta supermercado coto,147.38,Alimentacion
13828,821,pago de verduleria y fruteria,325.83,Alimentacion
13829,2525,suscripcion netflix,34.94,Ocio
13830,845,fac reparacion de cerradura,1142.02,Vivienda
13831,2633,expensas del edificio,461.31,Vivienda
13832,2663,tarjeta compra libros de texto,570.15,Vivienda
13833,2654,compra farmacia,44.18,Salud
13834,2826,peaje autopista,62.02,Transporte
13835,1277,tarjeta pago saldo refinanciado,898.01,Deudas
13836,358,factura gas metrogas,80.49,Educacion
13837,1423,pinturq habitacion,714.32,Servicios
13838,521,viaje cabify,22.96,Transporte
13839,2573,compra dolares banco,1242.78,Ahorros
13840,393,cuota prestamo banco,408.73,Deudas
13841,1667,comprq ferreteria,619.05,Vivienda
13842,1396,compra libros de texto,273.08,Educacion
13843,2201,cerveceria artesanal,144.59,Ocio
13844,893,compra pintura habitacion,469.89,Vivienda
13845,984,movimiento: combustible ypf,45.86,Transporte
13846,2528,matricula del colegio,367.82,Educacion
13847,583,supermercado carrefour,55.21,Alimentacion
13848,1956,servicio de agua aysa,117.06,Servicios
13849,2905,comprq dolares banco,659.69,Ahorros
13850,20,movimiento: opticq lentes,371.03,Salud
13851,2641,juegos de consola,59.65,Ocio
13852,1974,plazo fijo,427.35,Ahorros
13853,2276,pintura habitacion,359.99,Vivienda
13854,19,entradas recital,114.69,Ocio
13855,2492,fac compra farmacia,110.95,Salud
13856,2416,compra dolares banco,604.13,Ahorros
13857,2947,factura luz edesur,73.72,Servicios
13858,1643,abono telefonia movil,192.48,Servicios
13859,889,compra expensas comunes,357.83,Vivienda
13860,1884,fac entradas recital,90.37,Ocio
13861,726,movimiento: pago saldo refinanciado,753.46,Deudas
13862,147,salida al cine,44.78,Ocio
13863,1717,pago de suscripcion spotify,146.83,Ocio
13864,1528,pago alquiler mensual,912.34,Vivienda
13865,2478,pago saldo refinanciado,832.25,Deudas
13866,848,cuota prestamo auto,758.19,Deudas
13867,1464,compra dolares banco,1279.62,Ahorros
13868,2246,compra cafeteria,41.65,Ocio
13869,1311,combustible ypf,60.01,Transporte
13870,565,compra ferreteria,571.6,Vivienda
13871,369,expensas comunes,788.24,Vivienda
13872,1264,cuota prestamo banco,211.82,Deudas
13873,2850,taller de ingles,183.77,Educacion
13874,1311,movimiento: pago alquiler mensual,498.92,Vivienda
13875,2748,compra pago de intereses,927.41,Deudas
13876,2566,optica lentes,143.95,Salud
13877,1819,viaje cabify,52.58,Transporte
13878,2823,pago alquiler mensual,656.45,Vivienda
13879,2609,compra panaderia,152.94,Alimentacion
13880,1888,carniceria central,245.53,Alimentacion
13881,60,fac utiles escolares,737.16,Educacion
13882,545,almacen san martin,97.34,Alimentacion
13883,2351,expensas del edificio,460.63,Vivienda
13884,1268,tarjeta cuota prestamo auto,583.61,Deudas
13885,1708,fac pago de intereses,821.16,Deudas
13886,1231,fac viaje cabify,60.56,Transporte
13887,2331,compra dentista limpieza,358.07,Salud
13888,2526,fac cuota prepaga osde,384.78,Salud
13889,1046,verduleria y fruteria,311.14,Alimentacion
13890,559,fac cuota prepaga osde,270.86,Salud
13891,2397,pago tarjeta de credito,429.59,Deudas
13892,1513,suscripcion netflix,78.3,Ocio
13893,1968,compra cuota universidad,554.85,Servicios
13894,670,trqnsferencia ahorro mensual,1317.32,Ahorros
13895,258,qbono telefonia movil,89.86,Vivienda
13896,2703,suscripcion netflix,121.38,Ocio
13897,1071,utiles escolares,432.85,Educacion
13898,1051,cuota jardin de infantes,136.76,Educacion
13899,1051,compra transferencia ahorro mensual,329.42,Ahorros
13900,2005,salida al cine,147.06,Ocio
13901,145,pago alquiler mensual,366.39,Vivienda
13902,2635,servicio de plomeria,673.59,Vivienda
13903,2570,pqgo de compra ferreteria,989.59,Vivienda
13904,801,suscripcion netflix,59.52,Ocio
13905,1486,verduleria y fruteria,378.89,Alimentacion
13906,2430,compra dolares banco,519.34,Vivienda
13907,2824,taxis de la ciudad,61.65,Transporte
13908,673,peaje autopista,26.01,Salud
13909,327,tarjeta taller de ingles,587.82,Educacion
13910,1415,expensas comunes,204.23,Ocio
13911,630,tarjeta analisis de sangre,494.83,Salud
13912,2020,taller de ingles,402.98,Educacion
13913,2132,abono telefonia movil,51.01,Servicios
13914,2194,tqxis de la ciudad,47.37,Transporte
13915,2029,salida al cine,78.43,Ocio
13916,1195,reparacion electrica,527.58,Vivienda
13917,2025,fac peaje autopista,60.49,Transporte
13918,1358,verduleria de la esquina,175.28,Alimentacion
13919,2472,cuota prestamo auto,934.98,Deudas
13920,1550,matricula del colegio,427.21,Educacion
13921,2709,viaje uber,46.55,Transporte
13922,2811,pago de cuota prestamo banco,152.99,Deudas
13923,569,movimiento: compra farmacia,84.84,Salud
13924,2395,servicio de agua aysa,91.17,Servicios
13925,1946,peaje autopista,69.61,Transporte
13926,347,servicio de agua aysa,173.14,Servicios
13927,408,reparacion electrica,911.23,Vivienda
13928,133,supermercado carrefour,57.11,Alimentacion
13929,614,taller de ingles,445.5,Educacion
13930,106,reparacion de cerradura,635.08,Vivienda
13931,2219,pago de intereses,405.67,Deudas
13932,2688,compra verduleria y fruteria,103.94,Alimentacion
13933,262,combustiblw ypf,22.45,Transporte
13934,494,cuota jardin de infantes,699.35,Educacion
13935,1475,combustible shell,47.55,Transporte
13936,2951,carniceria central,267.25,Alimentacion
13937,290,compra cafeteria,71.89,Ocio
13938,1869,movimiento: reparacion electrica,263.43,Vivienda
13939,1338,mqtricula del colegio,458.95,Educacion
13940,2133,dentista limpieza,46.61,Salud
13941,1439,compra juegos de consola,21.01,Ocio
13942,1353,servicio de plomeria,595.27,Vivienda
13943,45,suscripcion spotify,69.32,Ocio
13944,815,cuota jardin de infantes,640.95,Deudas
13945,2381,viaje uber,34.2,Transporte
13946,465,pintura habitacion,539.4,Salud
13947,200,colectivo linea 60,34.43,Transporte
13948,329,cuota jardin de infantes,341.54,Educacion
13949,2288,compra farmacia,309.9,Salud
13950,1908,entradas recital,124.49,Ocio
13951,798,cuotq jardin de infantes,659.87,Educacion
13952,702,combustible shell,51.55,Transporte
13953,2631,pago saldo refinanciado,552.21,Deudas
13954,2705,movimiento: cerveceriq artesanal,143.37,Ocio
13955,2022,fondo comun de inversion,205.37,Deudas
13956,1925,medicamentos recetados,381.18,Salud
13957,2769,expensas comunes,974.1,Vivienda
13958,2408,cuotq prestamo banco,971.98,Deudas
13959,1402,abono telefonia movil,89.39,Servicios
13960,2433,cuota prestamo auto,325.65,Deudas
13961,2847,compra dolares banco,693.43,Transporte
13962,2413,pago de intereses,414.14,Servicios
13963,2120,pago de intereses,841.94,Deudas
13964,2552,compra suscripcion spotify,43.61,Ocio
13965,1438,peaje autopista,54.93,Transporte
13966,127,servicio de agua aysa,85.83,Servicios
13967,1511,reparacion electrica,1063.56,Vivienda
13968,1621,compra farmacia,364.9,Salud
13969,482,reparacion electrica,483.36,Vivienda
13970,1336,fac pintura habitacion,739.16,Vivienda
13971,283,tarjeta medicamentos recetados,137.29,Salud
13972,2122,fondo comun dw inversion,205.19,Ahorros
13973,2821,wstudios clinicos,166.8,Salud
13974,2395,combustible ypf,39.66,Transporte
13975,2045,verduleria de la esquina,223.43,Alimentacion
13976,2372,supermercqdo carrefour,135.63,Alimentacion
13977,239,fac compra libros de texto,400.37,Educacion
13978,1421,matricula del colegio,165.68,Educacion
13979,2385,transferencia ahorro mensual,323.55,Ahorros
13980,341,compra ferreteria,530.43,Salud
13981,2994,matricula del colegio,123.49,Educacion
13982,892,juegos de consola,64.75,Ocio
13983,1487,tarjeta servicio de agua aysa,93.11,Salud
13984,462,inversion en acciones,973.9,Ahorros
13985,1317,suscripcion netflix,149.79,Ocio
13986,798,compras fiambreria,59.31,Alimentacion
13987,733,cuota prestamo auto,201.57,Deudas
13988,162,viaje uber,72.82,Transporte
13989,2496,inversion en acciones,1404.81,Ahorros
13990,1479,compra factura luz edesur,163.97,Servicios
13991,2313,abono internet fibertel,60.51,Servicios
13992,1010,fqc taller de ingles,468.41,Educacion
13993,132,cuota prestamo auto,880.51,Deudas
13994,1858,verduleria y fruteria,82.08,Alimentacion
13995,2168,cuota prepaga osde,238.87,Deudas
13996,1916,inversion en acciones,1336.6,Ahorros
13997,1243,carniceria central,109.56,Alimentacion
13998,672,cuotq prestamo auto,968.75,Deudas
13999,505,juegos de consola,147.36,Ocio
14000,2157,cuota universidad,504.56,Educacion
14001,1262,entradas recital,124.84,Transporte
14002,293,curso de programacion,369.25,Educacion
14003,2011,plazo fijo,449.5,Ahorros
14004,828,taxis de la ciudad,69.51,Transporte
14005,187,suscripcion netflix,143.98,Ocio
14006,1060,pago alquiler mensual,841.44,Vivienda
14007,2304,cuota prepaga osde,390.41,Salud
14008,1459,utiles escolares,207.04,Educacion
14009,1643,pago de carga sube,21.08,Transporte
14010,1032,analisis de sangre,394.26,Salud
14011,2796,abono telefonia movil,41.63,Servicios
14012,1202,verduleria y fruteria,153.52,Alimentacion
14013,2089,carga sube,77.28,Transporte
14014,2805,movimiento: dentista limpieza,127.22,Salud
14015,2161,servicio de agua aysa,41.87,Servicios
14016,2816,servicio de plomeria,805.42,Vivienda
14017,854,pago tarjeta de credito,276.27,Deudas
14018,2126,pago de intereses,872.04,Deudas
14019,719,comprqs fiambreria,127.11,Alimentacion
14020,1847,cuota universidad,151.02,Ahorros
14021,878,carniceria central,71.88,Alimentacion
14022,402,factura gas metrogas,191.66,Servicios
14023,2881,expensas comunes,541.74,Vivienda
14024,64,pago de intereses,987.78,Deudas
14025,2700,pqgo tarjeta de credito,905.01,Deudas
14026,2934,movimiento: compra dolares banco,247.11,Ahorros
14027,1449,cena restaurante,66.07,Ocio
14028,373,servicio de agua aysa,197.37,Servicios
14029,306,abono internet fibertel,105.9,Servicios
14030,2257,taller de ingles,702.95,Educacion
14031,2515,servicio de agua aysa,173.83,Servicios
14032,932,fondo comun de inversion,1212.75,Ahorros
14033,1991,reparacion electrica,738.67,Vivienda
14034,1416,combustible ypf,38.87,Transporte
14035,2695,cuota prestamo auto,712.83,Deudas
14036,362,abono internet fibertel,66.95,Servicios
14037,1288,juegos de consola,94.43,Deudas
14038,2769,servicio de agua aysa,176.09,Servicios
14039,716,medicamentos recetados,40.79,Salud
14040,1646,compra suscripcion spotify,55.84,Ocio
14041,543,factura gas metrogas,150.19,Servicios
14042,1548,factura gas metrogas,176.92,Servicios
14043,1663,utiles escolqres,329.77,Educacion
14044,2242,pago de compra farmacia,410.43,Salud
14045,652,tqxis de la ciudad,69.39,Transporte
14046,1051,impuestos municipales,76.04,Servicios
14047,1070,pintura habitacion,448.37,Vivienda
14048,647,viaje cabify,50.09,Transporte
14049,1853,pago tarjeta de credito,407.49,Deudas
14050,1082,taxis de la ciudad,71.27,Transporte
14051,949,sqlida al cine,82.64,Ocio
14052,961,servicio de plomeriq,668.25,Vivienda
14053,2097,compra dolares banco,210.01,Ahorros
14054,803,cuota universidad,744.84,Educacion
14055,2655,reparacion electrica,616.45,Vivienda
14056,1681,pago de intereses,777.77,Deudas
14057,1608,medicamentos recetados,442.25,Salud
14058,1403,compra dolares banco,1417.44,Ahorros
14059,2058,pago de intereses,337.61,Deudas
14060,2722,pago saldo refinanciado,773.24,Deudas
14061,726,comprq libros de texto,230.18,Educacion
14062,2564,carniceria central,249.97,Vivienda
14063,2272,fondo comun de inversion,808.65,Ahorros
14064,1405,viaje uber,13.04,Transporte
14065,203,verduleria y fruteria,169.8,Ahorros
14066,942,juegos de consola,120.65,Alimentacion
14067,589,verduleriq de la esquina,347.65,Alimentacion
14068,571,abono telefonia movil,83.2,Servicios
14069,196,fac abono internet fibertel,120.52,Servicios
14070,1346,movimiento: compra supermercado dia,86.26,Alimentacion
14071,418,utiles escolares,222.97,Educacion
14072,1643,medicamentos recetados,109.12,Salud
14073,1366,viaje cabify,12.62,Transporte
14074,9,compra matricula del colegio,666.85,Educacion
14075,532,cuotq jardin de infantes,555.65,Educacion
14076,149,carga sube,57.45,Transporte
14077,2431,cena restaurante,21.27,Ahorros
14078,1553,servicio de agua aysa,142.81,Servicios
14079,1036,movimiento: almacen san martin,54.63,Alimentacion
14080,476,cuota prepaga osde,372.85,Salud
14081,1618,reparacion de cerradura,1146.77,Vivienda
14082,2627,peaje autopista,61.4,Transporte
14083,1980,taller de ingles,316.4,Educacion
14084,1077,fqc pintura habitacion,1105.72,Vivienda
14085,206,viaje cabify,77.19,Transporte
14086,2963,compra panaderia,134.02,Alimentacion
14087,745,pago de intereses,450.88,Deudas
14088,913,viaje cabify,66.79,Transporte
14089,54,pintura habitacion,1079.08,Vivienda
14090,1604,cuota jardin de infantes,722.5,Educacion
14091,1827,peaje autopista,20.26,Transporte
14092,344,compra dolares banco,339.83,Ahorros
14093,1193,colectivo linea 60,31.96,Transporte
14094,1933,compra cafeteria,68.99,Ocio
14095,1185,qbono internet fibertel,187.33,Servicios
14096,703,suscripcion netflix,47.93,Ocio
14097,2575,expensas del edificio,969.94,Deudas
14098,1311,compras fiambreria,288.41,Alimentacion
14099,1899,viqje uber,66.46,Transporte
14100,2460,suscripcion netflix,104.9,Ocio
14101,2617,pqgo tarjeta de credito,400.61,Deudas
14102,199,estudios clinicos,96.17,Salud
14103,2823,servicio de agua aysa,36.64,Servicios
14104,389,fondo comun de inversion,538.96,Ahorros
14105,474,compra ferreteria,452.84,Vivienda
14106,1405,factura gas metrogas,49.17,Servicios
14107,765,fac factura luz edesur,118.62,Servicios
14108,1655,pago de inversion en acciones,1499.58,Ahorros
14109,592,analisis de sangre,394.65,Salud
14110,1849,compra panaderia,378.15,Deudas
14111,1096,cuota prestamo banco,178.56,Deudas
14112,982,reparacion electrica,403.88,Vivienda
14113,168,combustible ypf,39.95,Alimentacion
14114,284,movimiento: cuota universidad,585.9,Educacion
14115,2872,movimiento: expensas comunes,839.97,Vivienda
14116,1199,carniceria central,83.98,Alimentacion
14117,1244,servicio de agua aysa,37.53,Servicios
14118,891,compra ferreteria,677.69,Vivienda
14119,2182,pago tarjeta de credito,805.35,Deudas
14120,1655,fondo comun de inversion,180.91,Ahorros
14121,122,pago tarjeta de credito,388.33,Deudas
14122,833,movimiento: almacen san martin,134.04,Alimentacion
14123,1923,pago tarjeta de credito,635.21,Deudas
14124,1022,cuota universidad,528.73,Educacion
14125,1994,almacen san martin,292.65,Alimentacion
14126,895,compra fondo comun de inversion,253.46,Ahorros
14127,1516,compra plazo fijo,395.89,Ahorros
14128,289,abono telefonia movil,87.64,Servicios
14129,1077,servicio de agua aysa,70.6,Servicios
14130,1372,movimiento: supermercado coto,320.24,Alimentacion
14131,1075,fondo comun de inversion,850.9,Ahorros
14132,839,compras fiambreria,119.58,Alimentacion
14133,2960,factura gas metrogas,134.31,Servicios
14134,40,transferencia ahorro mensual,501.37,Ahorros
14135,2298,plazo fijo,606.75,Ahorros
14136,2266,matricula del colegio,339.04,Alimentacion
14137,179,salida al cine,147.87,Ocio
14138,183,tarjeta carga sube,76.31,Transporte
14139,1760,carga sube,64.1,Transporte
14140,1188,transferencia ahorro mensual,1353.11,Ahorros
14141,1770,compras fiambreria,296.76,Alimentacion
14142,1401,taller de ingles,299.35,Educacion
14143,705,abono telefonia movil,126.23,Transporte
14144,497,cerveceria artesanal,146.48,Ocio
14145,597,juegos de consola,89.61,Ocio
14146,2509,suscripcion netflix,72.09,Ocio
14147,474,cuotq prestamo auto,372.61,Deudas
14148,685,impuestos municipales,129.66,Servicios
14149,1061,tarjeta compra libros de texto,199.18,Educacion
14150,1623,combustible shell,78.25,Transporte
14151,1665,compra cafeteria,140.21,Ocio
14152,319,movimiento: utiles escolares,214.06,Educacion
14153,1436,repqracion electrica,209.86,Vivienda
14154,2404,compra utiles escolares,148.77,Educacion
14155,1695,compra dolares banco,459.58,Ahorros
14156,2665,combustible ypf,46.59,Transporte
14157,1989,cena restaurante,93.91,Ocio
14158,229,inversion en acciones,609.99,Ahorros
14159,729,utiles escolares,688.68,Educacion
14160,1288,cena restaurante,38.96,Ocio
14161,1511,compra ferreteria,1077.65,Vivienda
14162,561,matricula del colegio,568.27,Educacion
14163,1376,pago tarjeta de credito,226.81,Deudas
14164,1466,supermercado coto,138.43,Alimentacion
14165,2683,compras fiambreria,103.13,Alimentacion
14166,2507,reparacion de cerradura,1180.98,Vivienda
14167,25,cuotq prepaga osde,345.27,Salud
14168,1155,pago de taller de ingles,417.22,Educacion
14169,370,compra pago de intereses,702.98,Deudas
14170,1460,fac compra panaderia,140.37,Alimentacion
14171,1012,matricula del colegio,124.85,Educacion
14172,611,curso de programacion,715.5,Educacion
14173,1376,fac carga sube,52.66,Transporte
14174,1826,pago de utiles escolares,489.68,Educacion
14175,2036,fqc pago tarjeta de credito,168.35,Deudas
14176,1221,abono telefonia movil,143.09,Servicios
14177,2157,combustible ypf,75.51,Transporte
14178,1884,suscripcion netflix,126.27,Ocio
14179,1947,verduleria y fruteria,330.42,Alimentacion
14180,720,compra farmacia,111.02,Salud
14181,1106,comprq cafeteria,77.31,Ocio
14182,1561,plazo fijo,929.85,Ahorros
14183,2480,carniceria central,94.44,Alimentacion
14184,1921,suscripcion spotify,31.81,Ocio
14185,636,colectivo linea 60,43.2,Transporte
14186,1173,inversion en acciones,1235.15,Ahorros
14187,1754,combustible ypf,54.47,Transporte
14188,2415,dentista limpieza,188.75,Salud
14189,2973,combustible ypf,10.31,Transporte
14190,2462,comprq ferreteria,927.3,Vivienda
14191,1927,compra ferreteria,954.06,Vivienda
14192,356,verduleriq y fruteria,380.78,Alimentacion
14193,2059,pago tarjeta de credito,317.9,Deudas
14194,1440,cuota jardin de infantes,210.02,Educacion
14195,1595,pago tarjeta de credito,963.0,Deudas
14196,1676,tarjeta cerveceria artesanal,75.8,Ocio
14197,1871,viaje cabify,33.79,Transporte
14198,1146,abono internet fibertel,160.9,Servicios
14199,2113,compra dolares banco,700.25,Transporte
14200,125,abono telefonia movil,145.73,Servicios
14201,312,cuota universidad,579.73,Educacion
14202,775,expensas del edificio,659.93,Vivienda
14203,2921,tarjeta pago de intereses,545.82,Deudas
14204,1474,movimiento: entradas recital,20.29,Ocio
14205,1832,compra utiles escolares,476.89,Educacion
14206,694,servicio de agua aysa,116.2,Servicios
14207,1183,dentista limpieza,177.73,Salud
14208,1377,fondo comun de inversion,176.18,Ahorros
14209,1844,reparacion de cerradura,264.51,Educacion
14210,990,expensas del edificio,945.56,Servicios
14211,2847,pago de intereses,389.88,Deudas
14212,2722,suscripcion netflix,66.52,Ocio
14213,1753,compras fiambreria,176.87,Alimentacion
14214,2960,colectivo lineq 60,26.89,Transporte
14215,2454,pago de transferencia ahorro mensual,1080.3,Ahorros
14216,1717,salida al cine,39.16,Ocio
14217,1627,abono telefonia movil,45.28,Servicios
14218,2685,transferencia ahorro mensual,177.41,Ahorros
14219,890,analisis de sangre,248.6,Salud
14220,1379,matricula del colegio,722.41,Educacion
14221,489,compra libros de texto,703.66,Vivienda
14222,2287,factura gas metrogas,180.0,Servicios
14223,180,viaje uber,27.13,Transporte
14224,1443,pago alquiler mensual,264.09,Vivienda
14225,1708,movimiento: expensqs del edificio,553.2,Vivienda
14226,2365,pqgo saldo refinanciado,900.18,Alimentacion
14227,1268,analisis de sangre,117.1,Salud
14228,232,taxis de la ciudad,69.86,Transporte
14229,1813,compra dolares banco,429.38,Ahorros
14230,1613,compra ferreteria,1047.84,Vivienda
14231,1327,fac transferencia ahorro mensual,771.11,Ahorros
14232,331,suscripcion netflix,76.98,Ocio
14233,561,movimiento: verduleria y fruteria,139.0,Alimentacion
14234,2997,compra compra farmacia,280.99,Salud
14235,248,impuestos municipqles,73.86,Servicios
14236,283,inversion en acciones,1183.97,Ahorros
14237,1311,fac cuota prestamo auto,422.42,Deudas
14238,940,tarjeta taller de ingles,213.96,Educacion
14239,2080,cuota prestamo banco,575.56,Deudas
14240,1524,viaje cabify,16.16,Transporte
14241,530,consulta medica de control,366.72,Salud
14242,381,pago saldo refinanciado,983.72,Deudas
14243,63,compra dolares banco,665.54,Ahorros
14244,128,pago de pago saldo refinanciado,157.08,Deudas
14245,1552,pago alquiler mensual,419.76,Vivienda
14246,2211,entradas recital,128.1,Ocio
14247,295,taller de ingles,692.19,Educacion
14248,179,expensas comunes,301.59,Vivienda
14249,229,plqzo fijo,1037.14,Educacion
14250,883,estudios clinicos,274.8,Salud
14251,394,supermercqdo carrefour,186.49,Alimentacion
14252,2740,impuestos municipales,171.09,Servicios
14253,72,pago tarjeta de credito,700.59,Deudas
14254,318,compra farmacia,68.4,Salud
14255,595,movimiento: cuota prepaga osde,266.71,Salud
14256,379,compra juegos de consola,119.42,Ocio
14257,907,peaje autopista,63.32,Transporte
14258,136,suscripcion spotify,35.66,Ocio
14259,2778,matricula del colegio,272.24,Educacion
14260,1402,abono internet fibertel,38.03,Servicios
14261,1143,fondo comun de inversion,368.72,Ahorros
14262,906,trqnsferencia ahorro mensual,408.01,Ahorros
14263,530,almacen san martin,118.47,Alimentacion
14264,2983,servicio de agua aysa,129.01,Servicios
14265,2714,dentista limpieza,334.32,Salud
14266,523,pago alquiler mensual,1068.77,Vivienda
14267,387,carga sube,40.25,Transporte
14268,2622,compras fiambreria,326.9,Alimentacion
14269,2631,compra farmacia,401.99,Salud
14270,573,plazo fijo,551.91,Ahorros
14271,644,supermercado coto,331.62,Alimentacion
14272,2621,cuota prepaga osde,369.65,Salud
14273,2918,compra libros de texto,773.58,Educacion
14274,1293,consulta medica de control,229.74,Salud
14275,547,pago alquiler mensual,746.34,Vivienda
14276,1510,reparacion de cerradura,962.92,Vivienda
14277,2486,compra supermercado dia,55.71,Alimentacion
14278,1587,pago de suscripcion spotify,22.17,Ahorros
14279,555,abono telefonia movil,35.82,Servicios
14280,1764,abono internet fibertel,119.27,Servicios
14281,2159,cerveceria artesanal,123.08,Ocio
14282,2575,factura luz edesur,149.25,Ocio
14283,2225,fac consulta medica de control,409.36,Salud
14284,2722,cuotq jardin de infantes,598.27,Educacion
14285,1575,servicio de agua aysa,99.71,Servicios
14286,624,cuota universidad,659.65,Educacion
14287,1989,tarjeta combustible shell,26.73,Transporte
14288,944,tarjeta suscripcion spotify,91.52,Ocio
14289,473,abono telefonia movil,55.51,Servicios
14290,1587,fqc carga sube,16.98,Transporte
14291,994,tarjeta pago saldo refinanciado,839.39,Educacion
14292,2927,cuota universidad,526.86,Educacion
14293,1122,pqgo de cuota prestamo banco,720.36,Vivienda
14294,1435,optica lentes,201.34,Salud
14295,170,carga sube,77.02,Transporte
14296,1014,factura gas metrogas,49.59,Servicios
14297,56,compra libros de texto,247.55,Educacion
14298,1757,cuota jardin de infantes,733.37,Educacion
14299,2373,pago de cuota prestamo auto,676.84,Deudas
14300,658,compra dolares banco,1399.0,Ahorros
14301,957,pago de pago tarjeta de credito,453.98,Deudas
14302,260,carga sube,62.71,Transporte
14303,641,abono internet fibertel,182.54,Servicios
14304,2610,tarjeta compra libros de texto,779.88,Educacion
14305,2388,impuestos municipales,36.06,Servicios
14306,404,analisis de sangre,492.83,Educacion
14307,2580,expensas del edificio,229.41,Vivienda
14308,795,impuestos municipales,189.28,Servicios
14309,1562,peaje autopista,41.68,Transporte
14310,1184,colectivo linea 60,26.91,Transporte
14311,2642,compra supermercado dia,67.49,Salud
14312,2665,supermercado carrefour,376.12,Alimentacion
14313,2700,verduleria y fruteria,281.05,Alimentacion
14314,714,salida al cine,81.1,Ocio
14315,2392,curso de programacion,192.51,Educacion
14316,1397,pqgo tarjeta de credito,246.7,Deudas
14317,1958,cuota universidad,214.75,Educacion
14318,2094,supermercqdo coto,79.97,Alimentacion
14319,1753,cuota prestamo banco,766.43,Deudas
14320,904,suscripcion netflix,44.38,Ocio
14321,2103,cuota prestamo banco,455.41,Deudas
14322,1102,carga sube,50.37,Transporte
14323,1695,cuota prestamo banco,883.07,Deudas
14324,856,pago de compra cafeteria,130.8,Ocio
14325,1296,compra supermercado carrefour,357.34,Alimentacion
14326,660,pago de verduleria de la esquina,383.81,Alimentacion
14327,111,fac cuota universidad,123.78,Educacion
14328,1039,factura luz edesur,38.36,Servicios
14329,2126,expensas del edificio,717.99,Vivienda
14330,501,taller de ingles,100.25,Educacion
14331,2636,cuota prepaga osde,198.43,Salud
14332,418,colectivo linea 60,11.0,Transporte
14333,1864,compra colectivo linea 60,32.66,Transporte
14334,275,taller de ingles,198.18,Educacion
14335,1221,pago alquiler mensual,396.14,Vivienda
14336,1755,movimiento: viaje cabify,45.43,Transporte
14337,1769,matricula del colegio,361.81,Educacion
14338,1134,transferencia ahorro mensual,556.51,Ahorros
14339,2242,pago tarjeta de credito,323.3,Deudas
14340,1543,transferencia ahorro mensual,204.51,Ahorros
14341,1968,fondo comun de inversion,403.98,Deudas
14342,2903,pago de intereses,553.68,Ahorros
14343,799,transferencia ahorro mensual,774.88,Ahorros
14344,1964,pago alquiler mensual,934.47,Vivienda
14345,2349,cuota prestamo auto,372.44,Deudas
14346,2616,colectivo linea 60,29.75,Transporte
14347,2720,fondo comun de inversion,209.02,Ahorros
14348,2197,plazo fijo,505.85,Ahorros
14349,769,cuota prepaga osde,194.79,Salud
14350,1485,comprq juegos de consola,65.17,Ocio
14351,139,compra factura gas metrogas,197.92,Servicios
14352,861,analisis de sangre,370.61,Salud
14353,1860,compra libros de texto,580.4,Educacion
14354,2340,almacen san martin,391.27,Alimentacion
14355,335,analisis de sangre,454.83,Salud
14356,2747,pago de intereses,219.47,Deudas
14357,1859,compra farmacia,216.16,Salud
14358,1208,pago de intereses,663.65,Deudas
14359,2355,inversion en acciones,525.17,Ahorros
14360,925,entrqdas recital,114.57,Ocio
14361,981,abono telefonia movil,165.93,Servicios
14362,2946,entradas recital,110.55,Ocio
14363,1286,pqgo tarjeta de credito,859.08,Deudas
14364,2975,compra factura gas metrogas,123.18,Servicios
14365,1334,verduleria y fruteria,198.91,Alimentacion
14366,344,tarjeta estudios clinicos,308.29,Salud
14367,657,analisis de sangre,99.3,Salud
14368,1797,cuota prepaga osde,84.08,Salud
14369,1850,expensas del edificio,979.11,Vivienda
14370,261,compras fiambreria,351.0,Alimentacion
14371,1386,carga sube,34.45,Alimentacion
14372,169,taller de ingles,130.4,Educacion
14373,660,entradas recital,67.0,Ocio
14374,200,plazo fijo,529.8,Ahorros
14375,1409,compra combustible shell,32.81,Transporte
14376,582,inversion en acciones,1441.39,Ahorros
14377,566,factura luz edesur,195.77,Servicios
14378,2443,transferencia ahorro mensual,763.12,Ahorros
14379,2399,reparacion electrica,1124.46,Vivienda
14380,28,factura gas metrogas,37.18,Servicios
14381,1899,fac verduleria y fruteria,161.55,Alimentacion
14382,632,fqc pago tarjeta de credito,429.51,Deudas
14383,2428,abono telefonia movil,192.45,Servicios
14384,1626,fac abono internet fibertel,45.09,Servicios
14385,2576,tarjeta viaje cabify,66.14,Transporte
14386,2037,plazo fijo,708.3,Ahorros
14387,1311,pago saldo refinanciado,270.15,Deudas
14388,2951,supermercado coto,128.01,Alimentacion
14389,1766,tarjeta verduleria de la esquina,112.23,Alimentacion
14390,807,fac cuota jardin de infantes,394.5,Educacion
14391,2275,fac taxis de la ciudad,22.07,Transporte
14392,2075,supermercado coto,166.99,Alimentacion
14393,1141,pago de intereses,947.38,Deudas
14394,89,pago de servicio de plomeria,1185.14,Vivienda
14395,2667,carga sube,63.81,Transporte
14396,1759,curso de programacion,386.18,Educacion
14397,122,cena restaurante,51.71,Ocio
14398,1918,cuotq prestamo auto,757.07,Deudas
14399,866,servicio de agua aysa,45.67,Servicios
14400,33,abono telefonia movil,35.29,Servicios
14401,603,compra compras fiambreria,157.11,Alimentacion
14402,696,compra farmacia,457.9,Salud
14403,2936,estudios clinicos,254.28,Salud
14404,525,comprq abono internet fibertel,57.43,Servicios
14405,1048,viaje cabify,67.8,Transporte
14406,1349,abono telefonia movil,121.43,Servicios
14407,2082,plazo fijo,669.3,Ahorros
14408,247,supermercado carrefour,153.14,Alimentacion
14409,2097,carga sube,43.09,Transporte
14410,1963,sqlida al cine,142.1,Ocio
14411,2960,viaje uber,45.09,Transporte
14412,2228,taxis de la ciudad,40.09,Ocio
14413,1394,compra libros de texto,338.31,Educacion
14414,1908,factura gas metrogas,131.59,Servicios
14415,2024,pintura habitacion,593.59,Vivienda
14416,738,juegos de consola,113.91,Salud
14417,1969,estudios clinicos,463.33,Salud
14418,2638,pago alquiler mensual,656.49,Vivienda
14419,2544,compra ferreteria,952.46,Vivienda
14420,2479,pintura habitacion,1175.29,Vivienda
14421,1437,carniceria central,55.96,Salud
14422,364,expensas del edificio,683.95,Ocio
14423,2358,compra ferreteria,1119.49,Vivienda
14424,982,suscripcion spotify,132.93,Ocio
14425,1303,inversion en acciones,1277.97,Ahorros
14426,227,compra cafeteria,114.19,Ocio
14427,1267,juegos de consola,65.44,Ocio
14428,2058,impuestos municipales,150.23,Servicios
14429,1416,factura luz edesur,144.23,Servicios
14430,2096,carniceria central,103.63,Alimentacion
14431,1648,pago de intereses,539.19,Deudas
14432,2252,qlmacen san martin,325.6,Alimentacion
14433,2942,plazo fijo,1227.92,Ahorros
14434,157,fac pago alquiler mensual,910.08,Vivienda
14435,2903,compra fondo comun de inversion,1157.57,Ahorros
14436,2074,fac pago tarjeta de credito,825.21,Deudas
14437,2469,compra dolares banco,560.89,Ahorros
14438,1702,suscripcion nwtflix,149.06,Ocio
14439,761,compra dolares banco,1400.84,Ahorros
14440,774,expensqs comunes,729.19,Vivienda
14441,2312,dentista limpieza,338.83,Salud
14442,1553,medicamentos recetados,321.17,Salud
14443,2636,cuota prestamo auto,738.06,Deudas
14444,958,peaje autopista,45.59,Transporte
14445,2518,compra cafeteria,94.94,Ocio
14446,254,compra dolares banco,1230.25,Ahorros
14447,1570,plazo fijo,181.0,Deudas
14448,2788,pago saldo refinanciado,405.47,Transporte
14449,118,cuota prestamo auto,640.23,Deudas
14450,550,comprq supermercado dia,88.12,Alimentacion
14451,911,abono telefonia movil,68.72,Servicios
14452,870,compras fiambreria,226.48,Alimentacion
14453,808,fondo comun de inversion,961.37,Ahorros
14454,1673,dentista limpieza,267.2,Salud
14455,821,carniceria central,273.22,Alimentacion
14456,1782,pago de intereses,616.37,Deudas
14457,1222,pqgo de abono telefonia movil,181.26,Servicios
14458,1602,viaje uber,27.46,Transporte
14459,2612,factura luz edesur,95.51,Servicios
14460,2462,utiles escolares,318.58,Educacion
14461,880,impuestos municipales,42.07,Servicios
14462,993,tarjeta impuestos municipales,133.96,Servicios
14463,1,combustiblw shell,40.34,Transporte
14464,167,combustible shell,78.36,Transporte
14465,2064,tarjeta servicio de agua aysa,130.89,Servicios
14466,2705,analisis de sangre,301.95,Salud
14467,112,compra compra ferreteria,663.06,Vivienda
14468,1126,servicio de agua aysa,45.6,Servicios
14469,2642,compra peaje autopista,47.67,Transporte
14470,1430,colectivo linea 60,70.91,Alimentacion
14471,2006,compra dolares banco,810.16,Ahorros
14472,2044,verduleria y fruteria,64.66,Alimentacion
14473,507,dentista limpieza,176.98,Salud
14474,1635,expensas del edificio,1170.23,Vivienda
14475,671,comprq libros de texto,378.49,Educacion
14476,1691,cuota prepaga osde,229.35,Salud
14477,2807,inversion en acciones,1250.07,Ahorros
14478,2545,tqller de ingles,660.82,Educacion
14479,965,abono internet fibertel,37.79,Servicios
14480,281,fac impuestos municipales,138.74,Servicios
14481,351,inversion en acciones,551.02,Ahorros
14482,2382,peaje autopista,43.7,Transporte
14483,1950,optica lentes,288.17,Salud
14484,1967,expensas del edificio,630.64,Vivienda
14485,2809,pago saldo refinanciado,330.6,Deudas
14486,1548,compra panaderia,203.84,Alimentacion
14487,1307,compra dolares banco,583.08,Ahorros
14488,1965,cuota jardin de infantes,166.53,Educacion
14489,728,servicio de plomeria,622.94,Vivienda
14490,823,pago saldo refinanciado,635.48,Deudas
14491,1438,fondo comun de inversion,1186.51,Ahorros
14492,2062,cuotq prepaga osde,338.29,Salud
14493,1080,movimiento: expensqs comunes,449.63,Vivienda
14494,2390,compra supermercado dia,378.97,Alimentacion
14495,199,cuota prepaga osde,431.28,Salud
14496,1884,cuota jardin de infantes,255.06,Educacion
14497,678,pago saldo refinanciado,850.98,Deudas
14498,2706,supermercado carrefour,289.96,Alimentacion
14499,1465,verduleria de la esquina,245.64,Alimentacion
14500,78,cuota prepaga osde,139.03,Salud
14501,2160,fac fondo comun de inversion,1476.15,Ahorros
14502,535,movimiento: transferencia ahorro mensual,1145.21,Ahorros
14503,1399,verduleria de la esquina,118.97,Alimentacion
14504,1166,reparacion de cerradura,907.33,Vivienda
14505,1221,cuota prestamo banco,613.38,Deudas
14506,790,viaje uber,50.59,Transporte
14507,1564,servicio de plomeria,876.82,Vivienda
14508,1323,impuestos municipales,117.68,Servicios
14509,1100,movimiento: servicio de agua aysa,37.81,Servicios
14510,2578,utiles escolares,514.45,Educacion
14511,2148,abono telefonia movil,31.6,Servicios
14512,1503,cerveceria artesanal,68.01,Ocio
14513,1492,pago de colectivo linea 60,50.7,Transporte
14514,1660,inversion en acciones,179.07,Ahorros
14515,1901,compra libros de texto,332.49,Educacion
14516,1316,viaje cabify,63.51,Transporte
14517,125,suscripcion spotify,57.73,Ocio
14518,519,cuota jardin de infantes,603.76,Educacion
14519,2071,carga sube,22.8,Transporte
14520,162,impuestos municipales,69.38,Servicios
14521,2677,viaje uber,72.42,Transporte
14522,2554,servicio de agua aysa,175.74,Servicios
14523,882,cena restaurante,105.33,Ocio
14524,1045,expensas comunes,253.37,Transporte
14525,1788,reparacion de cerradura,1198.58,Ahorros
14526,1862,cerveceria artesanal,39.62,Educacion
14527,483,inversion en qcciones,1456.83,Ahorros
14528,1526,salida al cine,31.62,Ocio
14529,1967,cena restaurante,139.15,Ocio
14530,2357,verduleria y fruteria,50.72,Alimentacion
14531,874,cuota jardin de infantes,734.94,Educacion
14532,1577,fac supermercado carrefour,252.58,Alimentacion
14533,2251,movimiento: plazo fijo,770.36,Ahorros
14534,2688,movimiento: reparacion electrica,678.91,Vivienda
14535,142,carga sube,57.83,Transporte
14536,1880,transferencia ahorro mensual,1342.66,Ahorros
14537,1004,suscripcion netflix,138.83,Ocio
14538,2663,estudios clinicos,332.63,Salud
14539,2155,movimiento: peaje autopista,77.32,Transporte
14540,2015,salida al cine,116.88,Ocio
14541,529,entrqdas recital,46.68,Ocio
14542,2624,plazo fijo,914.76,Ahorros
14543,969,fac curso de programacion,512.52,Educacion
14544,1773,compra dolares banco,1014.04,Ahorros
14545,2736,compra curso de programacion,308.22,Educacion
14546,2339,movimiento: peaje autopista,51.89,Transporte
14547,805,supermercado carrefour,398.18,Alimentacion
14548,1335,compra dolares banco,506.74,Ahorros
14549,668,abono internet fibertel,111.34,Servicios
14550,385,optica lentes,321.22,Salud
14551,1609,cerveceria artesanal,58.46,Ocio
14552,2749,servicio de plomeria,716.41,Vivienda
14553,13,compra dolares banco,1113.7,Ahorros
14554,2208,viaje cabify,10.36,Transporte
14555,1308,pago de servicio de plomeria,1127.66,Vivienda
14556,2613,supermercado carrefour,118.34,Ocio
14557,2056,compra abono telefonia movil,182.33,Servicios
14558,72,reparacion de cerradura,544.08,Vivienda
14559,2940,curso de programacion,219.93,Educacion
14560,2146,carniceria central,195.3,Alimentacion
14561,2135,combustible ypf,78.81,Transporte
14562,1866,repqracion electrica,678.98,Transporte
14563,101,combustible shell,36.1,Transporte
14564,281,movimiento: almacen san martin,87.02,Alimentacion
14565,883,verduleria de la esquina,90.98,Alimentacion
14566,1313,salida al cine,140.39,Ocio
14567,2797,colectivo linea 60,45.58,Transporte
14568,2244,fac dentista limpieza,191.04,Salud
14569,2439,cuotq jardin de infantes,778.84,Educacion
14570,609,cuotq prepaga osde,188.14,Salud
14571,450,juegos de consola,141.17,Ocio
14572,1285,factura luz edesur,184.46,Servicios
14573,1536,compra cafeteria,145.84,Ocio
14574,121,colectivo linea 60,25.85,Transporte
14575,2380,fondo comun de inversion,788.01,Ahorros
14576,1076,movimiento: peaje autopista,18.59,Transporte
14577,318,salida al cine,143.15,Ocio
14578,2723,fondo comun de inversion,1149.02,Ahorros
14579,702,fondo comun de inversion,1024.73,Ahorros
14580,2741,pago de viaje cabify,30.04,Ahorros
14581,1017,transferencia ahorro mensual,417.09,Ahorros
14582,21,cuota prestamo banco,177.4,Deudas
14583,2447,servicio de agua aysa,189.61,Servicios
14584,1739,pago tarjeta de credito,374.63,Deudas
14585,2250,cuota prestamo auto,317.36,Deudas
14586,2514,verduleria y fruteria,367.51,Servicios
14587,896,trqnsferencia ahorro mensual,1438.42,Ahorros
14588,1183,pago de salida al cine,28.43,Ocio
14589,2358,pago de compra supermercado dia,85.48,Alimentacion
14590,2552,supermercado carrefour,135.25,Alimentacion
14591,2074,factura luz edesur,160.31,Servicios
14592,66,fqc colectivo linea 60,20.1,Transporte
14593,263,suscripcion netflix,137.85,Ocio
14594,472,cuota jardin de infantes,588.07,Educacion
14595,2215,cuota universidad,386.42,Alimentacion
14596,2848,tarjeta salida al cine,62.64,Ocio
14597,343,pqgo de intereses,723.46,Deudas
14598,718,taller de ingles,350.91,Educacion
14599,2461,pago de intereses,325.01,Deudas
14600,1695,movimiento: mqtricula del colegio,597.99,Vivienda
14601,1239,cena restaurante,145.4,Ocio
14602,2735,pago saldo refinanciado,486.11,Deudas
14603,2845,tarjeta carga sube,55.22,Transporte
14604,2026,servicio de agua aysa,147.36,Servicios
14605,2531,dentista limpieza,52.05,Salud
14606,1056,fondo comun de inversion,106.83,Ahorros
14607,15,abono telefonia movil,179.39,Servicios
14608,1870,estudios clinicos,260.39,Salud
14609,17,cuota prestamo banco,592.83,Deudas
14610,2582,colectivo linea 60,63.48,Transporte
14611,1780,pago de pago de intereses,151.58,Deudas
14612,1950,servicio de agua aysa,84.62,Servicios
14613,81,utiles escolqres,254.02,Educacion
14614,2704,reparacion de cerradura,981.69,Vivienda
14615,2484,supermercado carrefour,366.9,Alimentacion
14616,1019,expensas del edificio,572.64,Vivienda
14617,2727,cerveceria artesanal,96.33,Ocio
14618,780,suscripcion netflix,38.54,Ocio
14619,1825,fac combustible shell,28.56,Transporte
14620,2234,movimiento: plazo fijo,630.93,Ahorros
14621,2470,verduleria de la esquina,336.01,Alimentacion
14622,2514,reparacion electrica,1169.99,Alimentacion
14623,2131,compra expensas del edificio,1057.37,Servicios
14624,2615,colectivo linea 60,22.05,Transporte
14625,2691,cuota prestamo auto,298.45,Deudas
14626,325,taxis de la ciudad,23.28,Educacion
14627,2099,viaje cabify,15.84,Transporte
14628,1051,combustible ypf,67.97,Transporte
14629,677,compra compra panaderia,244.47,Alimentacion
14630,2030,cuota jardin de infantes,564.95,Educacion
14631,2012,movimiento: compra ferreteria,1066.95,Vivienda
14632,793,peaje autopista,67.3,Transporte
14633,2705,almacen san martin,66.65,Alimentacion
14634,1195,tarjeta compra panaderia,333.93,Alimentacion
14635,2165,colectivo linea 60,32.16,Transporte
14636,905,comprq panaderia,140.15,Alimentacion
14637,502,inversion en acciones,1454.13,Ahorros
14638,799,combustible shell,42.41,Educacion
14639,2905,tarjeta consulta medica de control,360.04,Salud
14640,1124,transferencia ahorro mensual,235.54,Ahorros
14641,1143,cuota universidad,470.16,Educacion
14642,2117,pago saldo refinanciado,795.3,Deudas
14643,2712,abono internet fibertel,89.57,Servicios
14644,2840,pago de salida al cine,121.39,Ocio
14645,221,compra peaje autopista,47.67,Transporte
14646,2271,pintura habitacion,1056.3,Ahorros
14647,2725,inversion en acciones,330.82,Ahorros
14648,2259,factura luz edesur,103.0,Servicios
14649,931,dentista limpieza,387.44,Salud
14650,886,fac salida al cine,92.09,Ocio
14651,2930,cuota prestamo auto,237.5,Deudas
14652,262,cuotq prestamo auto,786.54,Deudas
14653,2566,pago de intereses,269.43,Deudas
14654,1272,cuota prestamo banco,932.92,Deudas
14655,798,cena restaurante,28.09,Ocio
14656,1281,tqrjeta compra farmacia,62.82,Salud
14657,2588,fondo comun de inversion,1222.2,Ahorros
14658,417,dentista limpieza,64.82,Salud
14659,2101,expensas comunes,780.96,Vivienda
14660,1788,supermercqdo carrefour,383.62,Alimentacion
14661,38,combustiblw shell,45.39,Transporte
14662,2356,cena restaurante,93.38,Ocio
14663,846,compra supermercado dia,90.97,Alimentacion
14664,898,movimiento: compra dolares banco,200.96,Ahorros
14665,53,pago tarjeta de credito,410.42,Servicios
14666,606,peaje autopista,48.84,Transporte
14667,452,pago de combustible shell,49.25,Transporte
14668,461,pago de pago saldo refinanciado,713.22,Deudas
14669,775,pago de pago saldo refinanciado,207.22,Deudas
14670,1859,carniceria central,243.86,Alimentacion
14671,1161,utiles escolares,621.06,Educacion
14672,1396,comprq viaje cabify,72.22,Transporte
14673,2443,supermercado carrefour,201.7,Alimentacion
14674,1061,cuota prepaga osde,71.47,Salud
14675,1678,estudios clinicos,112.32,Vivienda
14676,2695,transferencia ahorro mensual,414.35,Ahorros
14677,2311,verduleria y fruteria,219.12,Alimentacion
14678,2680,carga sube,57.11,Transporte
14679,1283,fac inversion en acciones,423.14,Ahorros
14680,1347,pago de utiles escolares,635.92,Educacion
14681,2578,compra dolares banco,308.43,Ahorros
14682,2349,fac cerveceria artesanal,21.32,Ocio
14683,1889,optica lentes,246.86,Salud
14684,485,cuota prestamo banco,276.66,Deudas
14685,92,inversion en acciones,1114.64,Ahorros
14686,1188,combustible ypf,12.6,Transporte
14687,1359,inversion en acciones,448.22,Alimentacion
14688,2363,servicio de plomeria,888.75,Vivienda
14689,1938,pago tarjeta de credito,225.41,Deudas
14690,2993,taller de ingles,287.62,Educacion
14691,2286,cenq restaurante,22.21,Ocio
14692,1710,compra ferreteria,1171.93,Vivienda
14693,2131,utiles escolares,718.86,Educacion
14694,2717,compra supermercado dia,301.02,Alimentacion
14695,1990,cuotq prepaga osde,224.82,Salud
14696,178,pago alquiler mensual,498.33,Vivienda
14697,250,carniceria central,259.48,Alimentacion
14698,765,estudios clinicos,326.9,Salud
14699,2715,servicio de plomeria,1158.14,Vivienda
14700,2951,compra dolares banco,407.2,Ahorros
14701,91,estudios clinicos,313.02,Vivienda
14702,339,cuota prepaga osde,225.66,Salud
14703,1662,reparacion de cerradura,323.19,Vivienda
14704,1873,comprq dolares banco,400.54,Ahorros
14705,169,fondo comun de inversion,569.1,Ahorros
14706,2626,supermercqdo carrefour,193.54,Alimentacion
14707,780,cuota prestamo auto,962.31,Deudas
14708,170,supermercado carrefour,98.32,Alimentacion
14709,2410,combustible ypf,52.98,Transporte
14710,2292,utiles escolares,278.86,Educacion
14711,138,compra cerveceria artesanal,49.25,Ocio
14712,519,colectivo linea 60,44.62,Transporte
14713,1422,utiles escolares,698.58,Educacion
14714,2381,estudios clinicos,220.51,Salud
14715,2611,impuestos municipales,191.45,Servicios
14716,2474,verduleria de la esquina,260.76,Alimentacion
14717,1160,utiles escolares,333.96,Educacion
14718,2689,optica lentes,100.54,Salud
14719,709,combustiblw shell,32.75,Transporte
14720,1291,medicamentos recetados,284.35,Salud
14721,2036,servicio de plomeria,455.07,Vivienda
14722,107,viaje uber,13.32,Transporte
14723,2608,combustible shell,22.0,Deudas
14724,2186,optica lentes,271.92,Salud
14725,2663,viaje uber,22.88,Transporte
14726,2095,entradas recital,77.04,Ocio
14727,2013,peqje autopista,73.35,Transporte
14728,1689,almacen san martin,105.6,Alimentacion
14729,2416,cuota prestamo auto,558.9,Deudas
14730,6,fac expensas del edificio,956.92,Vivienda
14731,523,combustible shell,29.4,Transporte
14732,2577,pqgo alquiler mensual,614.65,Vivienda
14733,1679,peaje autopista,29.77,Transporte
14734,66,compra libros de texto,504.66,Educacion
14735,2468,factura gas metrogas,53.61,Servicios
14736,2982,cena restaurante,94.29,Ocio
14737,498,compra taxis de la ciudad,79.0,Transporte
14738,1493,pago alquiler mensual,1066.75,Vivienda
14739,2379,compra cuota prestamo banco,498.79,Deudas
14740,2816,abono telefonia movil,178.39,Servicios
14741,1001,abono telefonia movil,67.26,Servicios
14742,1663,expensqs del edificio,338.21,Vivienda
14743,2018,compra supermercado dia,252.0,Alimentacion
14744,2578,impuestos municipales,152.85,Servicios
14745,1743,pago de salida al cine,55.92,Ocio
14746,1625,pago saldo refinanciado,203.52,Ocio
14747,2291,curso de programacion,619.37,Educacion
14748,2398,cuota prestamo banco,767.56,Deudas
14749,1041,pago tarjeta de credito,373.26,Deudas
14750,1490,transferencia ahorro mensual,399.39,Ahorros
14751,2783,supermercado coto,378.19,Alimentacion
14752,2930,tarjeta consulta medica de control,121.37,Salud
14753,363,cena restaurante,43.53,Salud
14754,1635,reparacion electrica,1136.39,Vivienda
14755,525,cuotq prestamo banco,506.98,Deudas
14756,831,compra panaderia,354.0,Alimentacion
14757,2830,cuota universidad,539.87,Educacion
14758,1723,servicio de plomeria,454.51,Vivienda
14759,420,compras fiambreria,157.41,Alimentacion
14760,2834,entrqdas recital,95.71,Ocio
14761,133,dentista limpieza,437.67,Salud
14762,2062,cuota jardin de infantes,198.34,Educacion
14763,1068,entrqdas recital,134.86,Ocio
14764,1401,pintura habitacion,912.41,Vivienda
14765,2343,cena restaurante,65.31,Ocio
14766,1420,fac factura gas metrogas,132.36,Servicios
14767,2493,viaje cabify,12.5,Transporte
14768,1845,factura gas metrogas,44.82,Servicios
14769,2460,fac factura luz edesur,81.2,Servicios
14770,630,colectivo linea 60,49.68,Transporte
14771,321,medicamentos recetados,318.34,Salud
14772,1155,medicamentos recetados,82.07,Salud
14773,1835,compras fiambreria,191.1,Alimentacion
14774,2866,tarjeta compra panaderia,210.09,Alimentacion
14775,1223,entrqdas recital,38.15,Ocio
14776,905,fondo comun de inversion,1384.7,Ahorros
14777,36,transferencia ahorro mensual,1487.47,Ahorros
14778,2839,compra panaderia,338.05,Alimentacion
14779,2634,movimiento: abono telefonia movil,129.96,Deudas
14780,2354,entrqdas recital,43.84,Ocio
14781,1591,expensas del edificio,482.83,Transporte
14782,2941,cuotq prepaga osde,395.17,Salud
14783,12,plazo fijo,613.22,Ahorros
14784,2131,compra libros de texto,484.43,Educacion
14785,1432,pago saldo refinanciado,742.29,Deudas
14786,1987,pago alquiler mensual,302.2,Vivienda
14787,1768,pago alquiler mensual,1029.92,Vivienda
14788,1435,tarjeta cerveceria artesanal,122.46,Ocio
14789,957,entrqdas recital,98.01,Ocio
14790,713,analisis de sangre,310.99,Salud
14791,2043,carga sube,37.6,Transporte
14792,1280,transferencia ahorro mensual,481.78,Deudas
14793,241,fac carga sube,47.14,Transporte
14794,2946,compra compra dolares banco,862.85,Ahorros
14795,1956,pqgo tarjeta de credito,444.18,Deudas
14796,2013,abono telefonia movil,54.12,Servicios
14797,896,utiles escolares,276.25,Educacion
14798,2955,qnalisis de sangre,186.78,Salud
14799,1476,taxis de la ciudad,63.75,Transporte
14800,2804,pago tarjeta de credito,665.99,Deudas
14801,1025,viaje cabify,23.02,Transporte
14802,601,cuota prestamo auto,449.45,Deudas
14803,2330,mqtricula del colegio,488.31,Educacion
14804,2699,transferencia ahorro mensual,233.64,Ahorros
14805,599,servicio de plomeria,226.51,Vivienda
14806,1885,cuota prestamo banco,729.98,Deudas
14807,1143,servicio de agua aysa,31.56,Servicios
14808,1012,movimiento: cuota prestamo banco,221.9,Deudas
14809,2948,curso de programacion,428.58,Educacion
14810,1529,combustible ypf,20.94,Transporte
14811,1104,factura luz edesur,158.22,Servicios
14812,1647,consulta medica de control,314.14,Salud
14813,1701,colectivo linea 60,77.19,Transporte
14814,2942,optica lentes,196.32,Salud
14815,957,expensas del edificio,675.23,Vivienda
14816,219,movimiento: abono telefonia movil,74.06,Servicios
14817,727,compra compra panaderia,122.01,Alimentacion
14818,1731,salida al cine,113.27,Ocio
14819,1490,compra cafeteria,35.74,Ocio
14820,1818,tarjeta pago saldo refinanciado,301.07,Deudas
14821,518,colectivo linea 60,35.15,Transporte
14822,812,taxis de la ciudad,79.89,Transporte
14823,2550,compras fiambreria,217.21,Alimentacion
14824,2106,compra farmacia,107.45,Salud
14825,1361,fqctura gas metrogas,106.11,Servicios
14826,814,cuota prestamo auto,543.23,Deudas
14827,614,fqc factura luz edesur,198.35,Servicios
14828,426,movimiento: inversion en acciones,1336.12,Ahorros
14829,1584,pago saldo refinanciado,843.95,Deudas
14830,1435,cuota prestamo auto,367.01,Deudas
14831,1812,combustible ypf,75.39,Transporte
14832,883,comprqs fiambreria,75.24,Alimentacion
14833,1699,fac entradas recital,24.96,Ocio
14834,432,servicio de agua aysa,37.9,Servicios
14835,1401,compra entradas recital,63.42,Ocio
14836,948,abono internet fibertel,76.85,Servicios
14837,1389,cuota prestamo banco,332.46,Deudas
14838,1668,pago de peaje autopista,49.98,Transporte
14839,2983,verduleria y fruteria,329.92,Alimentacion
14840,2453,pago de cuota prestamo banco,830.83,Deudas
14841,2540,pago saldo refinanciado,452.59,Deudas
14842,2114,cuota prestamo banco,889.02,Deudas
14843,912,fac abono telefonia movil,100.23,Ocio
14844,391,carga sube,11.4,Transporte
14845,83,compra ferreteria,678.36,Vivienda
14846,1003,inversion en acciones,420.03,Ahorros
14847,481,cuota prestamo banco,241.62,Deudas
14848,777,pago alquiler mensual,409.96,Vivienda
14849,2833,cuota prestamo auto,753.97,Deudas
14850,1755,cerveceria artesanal,141.68,Ocio
14851,1249,compra dolares banco,670.58,Ahorros
14852,1137,compra panaderia,69.98,Alimentacion
14853,2700,juegos de consola,145.84,Ocio
14854,1536,pintura habitacion,956.59,Vivienda
14855,1912,fac optica lentes,111.62,Salud
14856,523,tarjeta curso de programacion,577.75,Educacion
14857,1933,pago saldo refinanciado,660.45,Deudas
14858,1695,fac compra cafeteria,133.21,Ocio
14859,2253,supermercado carrefour,58.57,Alimentacion
14860,742,cerveceria artesanal,28.77,Ocio
14861,2367,abono telefonia movil,94.7,Servicios
14862,278,cerveceria artesanal,95.9,Ocio
14863,2950,estudios clinicos,247.13,Salud
14864,148,compra dolares banco,1216.21,Educacion
14865,778,movimiento: pago alquiler mensual,777.95,Vivienda
14866,1107,curso de programacion,210.01,Educacion
14867,419,compra libros de texto,418.83,Educacion
14868,2586,dentista limpieza,478.52,Salud
14869,2440,colectivo linea 60,48.64,Transporte
14870,1157,pago de intereses,656.55,Deudas
14871,940,servicio de agua aysa,79.67,Servicios
14872,2020,fac compra libros de texto,662.22,Servicios
14873,1628,compras fiambreria,94.48,Alimentacion
14874,242,pqgo de carniceria central,368.4,Alimentacion
14875,999,pago de intereses,622.7,Deudas
14876,1224,servicio de plomeria,975.32,Vivienda
14877,1243,reparacion de cerradura,829.94,Vivienda
14878,2291,compra dolares banco,205.5,Ahorros
14879,1818,combustible ypf,29.09,Transporte
14880,1853,cuota jardin de infantes,655.56,Educacion
14881,684,juegos de consola,128.38,Vivienda
14882,1412,juegos de consola,105.59,Ocio
14883,2636,fac optica lentes,333.36,Salud
14884,1233,cerveceria artesanal,28.16,Ocio
14885,617,curso de programacion,516.32,Educacion
14886,2028,pago de intereses,623.83,Deudas
14887,2074,reparacion de cerradura,676.79,Vivienda
14888,2911,cuota prepaga osde,378.76,Salud
14889,2127,tarjeta compra cafeteria,35.74,Ocio
14890,1012,plazo fijo,225.9,Ahorros
14891,2018,cuota prestamo banco,291.39,Deudas
14892,128,cuota prestamo banco,174.12,Deudas
14893,413,consulta medica de control,498.32,Alimentacion
14894,2185,pago de compras fiambreria,97.21,Alimentacion
14895,1358,estudios clinicos,245.37,Salud
14896,2596,dentistq limpieza,41.02,Salud
14897,2436,juegos de consola,55.51,Educacion
14898,571,wstudios clinicos,302.12,Salud
14899,2469,peqje autopista,36.67,Transporte
14900,141,fondo comun de inversion,745.6,Ahorros
14901,1940,suscripcion netflix,26.46,Ocio
14902,51,matricula del colegio,291.75,Educacion
14903,2977,movimiento: estudios clinicos,43.8,Salud
14904,1429,pago de servicio de agua aysa,105.99,Servicios
14905,1361,tarjeta impuestos municipales,188.71,Servicios
14906,2710,expensas comunes,1090.19,Vivienda
14907,366,peaje autopista,62.23,Transporte
14908,2956,cqrga sube,73.79,Transporte
14909,1935,pago saldo refinanciado,545.49,Deudas
14910,2004,pago de compra ferreteria,935.16,Vivienda
14911,2902,factura gas metrogas,180.64,Servicios
14912,258,analisis de sangre,61.92,Salud
14913,45,compra dolares banco,629.93,Ahorros
14914,269,movimiento: transferencia ahorro mensual,426.67,Ahorros
14915,1335,abono internet fibertel,77.49,Servicios
14916,672,impuestos municipqles,150.8,Servicios
14917,1302,compra compra panaderia,243.21,Alimentacion
14918,2905,pago tarjeta de credito,907.68,Servicios
14919,2193,combustible ypf,43.24,Transporte
14920,1990,tarjeta cuota prestamo banco,603.69,Deudas
14921,235,peaje autopista,19.68,Alimentacion
14922,2739,pago de verduleria de la esquina,226.89,Alimentacion
14923,2768,pago de intereses,904.92,Educacion
14924,1469,reparacion de cerradura,707.71,Vivienda
14925,2401,suscripcion netflix,125.35,Ocio
14926,1418,almacen san martin,78.79,Alimentacion
14927,994,transferencia ahorro mensual,1484.49,Ahorros
14928,275,movimiento: factura luz edesur,58.4,Servicios
14929,910,mqtricula del colegio,174.19,Educacion
14930,440,entradas recital,55.45,Ocio
14931,1087,compra farmacia,230.43,Salud
14932,1897,transferencia ahorro mensual,1419.69,Ahorros
14933,1751,combustible shell,30.16,Transporte
14934,872,supermercado coto,77.12,Alimentacion
14935,651,verduleria de la esquina,280.81,Alimentacion
14936,2991,taxis de la ciudad,36.71,Transporte
14937,34,cena restaurante,96.24,Ocio
14938,2753,tarjeta cerveceria artesanal,63.44,Ocio
14939,867,compra dolares banco,163.06,Ahorros
14940,832,pago de reparacion de cerradura,489.5,Servicios
14941,1111,pago tarjeta de credito,538.45,Deudas
14942,462,servicio de plomeria,465.85,Alimentacion
14943,2129,estudios clinicos,161.09,Salud
14944,322,tarjeta pintura habitacion,1059.93,Vivienda
14945,415,compra panaderia,368.94,Alimentacion
14946,1875,compra dolares banco,685.72,Ahorros
14947,2238,tarjeta compra libros de texto,176.8,Educacion
14948,1257,compra factura luz edesur,135.97,Servicios
14949,2440,medicamentos recetados,207.87,Salud
14950,168,cuota universidad,616.25,Educacion
14951,1174,reparacion de cerradura,224.5,Vivienda
14952,2712,abono telefonia movil,137.1,Servicios
14953,1410,fac cuota universidad,164.66,Ahorros
14954,2429,combustible ypf,37.18,Transporte
14955,1833,medicamentos recetados,369.76,Salud
14956,2025,pqgo saldo refinanciado,960.28,Deudas
14957,1641,consulta medica de control,70.46,Salud
14958,898,impuestos municipales,113.59,Servicios
14959,2912,matricula del colegio,372.28,Educacion
14960,2110,factura luz edesur,134.3,Servicios
14961,2576,fondo comun de inversion,162.54,Ahorros
14962,862,abono telefonia movil,141.22,Servicios
14963,150,pago de suscripcion spotify,27.62,Ocio
14964,2164,compra supermercado dia,150.15,Alimentacion
14965,824,expensqs del edificio,908.9,Vivienda
14966,2113,pago de intereses,696.5,Deudas
14967,1453,compra supermercado dia,160.92,Alimentacion
14968,2358,tqrjeta juegos de consola,104.35,Ocio
14969,2754,combustiblw shell,43.19,Transporte
14970,2902,inversion en acciones,1471.09,Ahorros
14971,1454,cuota prestamo auto,708.85,Deudas
14972,306,inversion en qcciones,1019.84,Ahorros
14973,1385,fondo comun de inversion,158.11,Ahorros
14974,1575,compra viaje uber,71.4,Transporte
14975,873,colectivo linea 60,30.23,Transporte
14976,169,fondo comun de inversion,843.17,Ahorros
14977,1483,viaje uber,53.65,Transporte
14978,1604,pintura habitacion,1039.69,Vivienda
14979,1031,peaje autopista,61.65,Transporte
14980,1735,verduleria y fruteria,114.04,Alimentacion
14981,2636,impuestos municipales,119.86,Servicios
14982,2810,matricula del colegio,427.99,Educacion
14983,347,consulta medica de control,163.12,Salud
14984,735,cuota prestamo auto,253.78,Deudas
14985,1277,matricula del colegio,737.37,Educacion
14986,2458,supermercado coto,126.94,Alimentacion
14987,543,plazo fijo,767.55,Ahorros
14988,355,taller de ingles,394.81,Educacion
14989,713,cuota prepaga osde,333.47,Salud
14990,584,entradas recital,22.4,Ocio
14991,511,pago saldo refinanciado,895.91,Deudas
14992,2581,taxis de la ciudad,39.43,Transporte
14993,2576,compra farmacia,72.73,Salud
14994,947,qbono telefonia movil,110.2,Servicios
14995,1199,combustible shell,14.9,Transporte
14996,2872,fac curso de programacion,406.53,Educacion
14997,78,plazo fijo,1110.63,Ahorros
14998,440,abono internet fibertel,103.5,Servicios
14999,1776,dentista limpieza,420.39,Salud
15000,2597,carga sube,15.65,Salud
